snapshot_id,snapshot_date,product_id,warehouse_id,opening_stock,received_qty,dispatched_qty,closing_stock,stockout_flag,days_of_inventory,stockout_risk
INV-000001,2024-08-28,PRD-0376,WH-18,1276,318,165,1429,0,259.8,Safe
INV-000002,2023-09-16,PRD-0122,WH-16,202,178,40,340,0,255.0,Safe
INV-000003,2023-12-26,PRD-0186,WH-05,1949,363,527,1785,0,101.6,Safe
INV-000004,2024-04-11,PRD-0451,WH-04,688,418,188,918,0,146.5,Safe
INV-000005,2024-06-06,PRD-0395,WH-05,491,80,325,246,0,22.7,Safe
INV-000006,2023-04-23,PRD-0013,WH-02,1762,10,365,1407,0,115.6,Safe
INV-000007,2024-06-07,PRD-0481,WH-12,1439,270,581,1128,0,58.2,Safe
INV-000008,2023-12-09,PRD-0300,WH-09,754,11,235,530,0,67.7,Safe
INV-000009,2023-11-09,PRD-0033,WH-12,770,486,367,889,0,72.7,Safe
INV-000010,2023-07-27,PRD-0263,WH-11,405,289,405,289,0,21.4,Safe
INV-000011,2023-06-22,PRD-0042,WH-01,1998,234,15,2217,0,999.0,Safe
INV-000012,2023-07-11,PRD-0482,WH-05,1752,49,220,1581,0,215.6,Safe
INV-000013,2023-02-07,PRD-0203,WH-18,1058,291,261,1088,0,125.1,Safe
INV-000014,2023-11-10,PRD-0481,WH-15,960,454,59,1355,0,689.0,Safe
INV-000015,2023-03-21,PRD-0087,WH-19,1198,256,597,857,0,43.1,Safe
INV-000016,2023-10-25,PRD-0292,WH-14,1509,49,217,1341,0,185.4,Safe
INV-000017,2023-02-05,PRD-0396,WH-06,453,471,526,398,0,22.7,Safe
INV-000018,2024-06-23,PRD-0162,WH-04,1970,33,35,1968,0,999.0,Safe
INV-000019,2024-06-16,PRD-0198,WH-05,1731,420,508,1643,0,97.0,Safe
INV-000020,2023-01-17,PRD-0467,WH-05,80,475,247,308,0,37.4,Safe
INV-000021,2023-11-21,PRD-0214,WH-11,1803,398,321,1880,0,175.7,Safe
INV-000022,2023-04-08,PRD-0468,WH-08,1127,91,293,925,0,94.7,Safe
INV-000023,2023-06-11,PRD-0377,WH-05,501,250,49,702,0,429.8,Safe
INV-000024,2024-04-06,PRD-0170,WH-12,1110,18,194,934,0,144.4,Safe
INV-000025,2024-04-19,PRD-0333,WH-12,474,130,220,384,0,52.4,Safe
INV-000026,2023-07-15,PRD-0192,WH-06,463,385,141,707,0,150.4,Safe
INV-000027,2023-04-05,PRD-0282,WH-12,587,136,330,393,0,35.7,Safe
INV-000028,2024-09-25,PRD-0411,WH-06,343,417,512,248,0,14.5,Safe
INV-000029,2023-06-16,PRD-0333,WH-02,1436,56,457,1035,0,67.9,Safe
INV-000030,2023-10-26,PRD-0380,WH-09,1767,497,431,1833,0,127.6,Safe
INV-000031,2024-05-31,PRD-0481,WH-07,960,184,317,827,0,78.3,Safe
INV-000032,2023-05-30,PRD-0253,WH-06,1288,256,572,972,0,51.0,Safe
INV-000033,2024-08-01,PRD-0322,WH-01,59,230,141,148,0,31.5,Safe
INV-000034,2023-03-29,PRD-0471,WH-16,1737,107,89,1755,0,591.6,Safe
INV-000035,2023-06-07,PRD-0433,WH-06,126,88,112,102,0,27.3,Safe
INV-000036,2023-04-06,PRD-0119,WH-05,1939,261,42,2158,0,999.0,Safe
INV-000037,2023-08-25,PRD-0457,WH-03,1608,71,479,1200,0,75.2,Safe
INV-000038,2023-03-02,PRD-0013,WH-04,1155,97,8,1244,0,999.0,Safe
INV-000039,2023-05-27,PRD-0336,WH-01,1211,498,92,1617,0,527.3,Safe
INV-000040,2024-06-27,PRD-0097,WH-17,55,194,122,127,0,31.2,Safe
INV-000041,2024-08-17,PRD-0347,WH-08,341,75,7,409,0,999.0,Safe
INV-000042,2023-06-21,PRD-0088,WH-07,1519,270,557,1232,0,66.4,Safe
INV-000043,2023-08-23,PRD-0082,WH-02,101,246,159,188,0,35.5,Safe
INV-000044,2024-05-19,PRD-0265,WH-06,1935,35,372,1598,0,128.9,Safe
INV-000045,2024-09-22,PRD-0086,WH-13,710,400,160,950,0,178.1,Safe
INV-000046,2023-07-20,PRD-0320,WH-18,956,470,104,1322,0,381.3,Safe
INV-000047,2024-01-05,PRD-0257,WH-10,1000,92,385,707,0,55.1,Safe
INV-000048,2023-11-29,PRD-0359,WH-12,948,125,51,1022,0,601.2,Safe
INV-000049,2024-04-05,PRD-0314,WH-01,278,110,178,210,0,35.4,Safe
INV-000050,2023-10-06,PRD-0029,WH-12,462,243,107,598,0,167.7,Safe
INV-000051,2023-10-14,PRD-0486,WH-04,6,393,124,275,0,66.5,Safe
INV-000052,2024-08-03,PRD-0123,WH-01,503,493,0,996,0,999.0,Safe
INV-000053,2023-01-04,PRD-0316,WH-20,643,174,215,602,0,84.0,Safe
INV-000054,2024-07-22,PRD-0137,WH-12,1876,73,326,1623,0,149.4,Safe
INV-000055,2024-08-14,PRD-0403,WH-19,389,309,554,144,0,7.8,Warning
INV-000056,2024-09-06,PRD-0246,WH-07,1491,153,493,1151,0,70.0,Safe
INV-000057,2023-06-20,PRD-0003,WH-01,884,270,78,1076,0,413.8,Safe
INV-000058,2024-05-24,PRD-0347,WH-06,682,383,402,663,0,49.5,Safe
INV-000059,2023-01-29,PRD-0224,WH-01,1496,103,395,1204,0,91.4,Safe
INV-000060,2024-04-21,PRD-0437,WH-18,1969,109,301,1777,0,177.1,Safe
INV-000061,2024-06-01,PRD-0182,WH-13,408,336,319,425,0,40.0,Safe
INV-000062,2023-03-22,PRD-0046,WH-16,1642,412,408,1646,0,121.0,Safe
INV-000063,2023-07-15,PRD-0405,WH-14,246,103,166,183,0,33.1,Safe
INV-000064,2023-03-07,PRD-0173,WH-03,603,186,317,472,0,44.7,Safe
INV-000065,2024-03-30,PRD-0069,WH-16,1417,393,439,1371,0,93.7,Safe
INV-000066,2023-06-23,PRD-0079,WH-16,1054,310,587,777,0,39.7,Safe
INV-000067,2024-09-28,PRD-0084,WH-12,273,430,223,480,0,64.6,Safe
INV-000068,2023-09-16,PRD-0055,WH-04,3,476,169,310,0,55.0,Safe
INV-000069,2024-07-10,PRD-0411,WH-07,870,409,246,1033,0,126.0,Safe
INV-000070,2023-07-12,PRD-0138,WH-04,769,93,32,830,0,778.1,Safe
INV-000071,2024-07-25,PRD-0129,WH-09,1767,418,389,1796,0,138.5,Safe
INV-000072,2024-07-03,PRD-0143,WH-13,228,499,470,257,0,16.4,Safe
INV-000073,2023-04-26,PRD-0054,WH-16,373,129,80,422,0,158.2,Safe
INV-000074,2023-01-25,PRD-0297,WH-14,1138,199,355,982,0,83.0,Safe
INV-000075,2023-09-22,PRD-0468,WH-19,1077,302,513,866,0,50.6,Safe
INV-000076,2023-09-09,PRD-0453,WH-06,1633,48,88,1593,0,543.1,Safe
INV-000077,2024-06-28,PRD-0388,WH-20,962,57,585,434,0,22.3,Safe
INV-000078,2023-04-20,PRD-0217,WH-12,339,73,328,84,0,7.7,Warning
INV-000079,2024-01-14,PRD-0109,WH-15,1364,190,246,1308,0,159.5,Safe
INV-000080,2023-01-05,PRD-0438,WH-17,57,217,36,238,0,198.3,Safe
INV-000081,2024-04-02,PRD-0376,WH-10,735,111,187,659,0,105.7,Safe
INV-000082,2023-09-13,PRD-0162,WH-19,50,164,108,106,0,29.4,Safe
INV-000083,2023-04-08,PRD-0387,WH-08,305,311,320,296,0,27.8,Safe
INV-000084,2023-09-11,PRD-0468,WH-09,1900,332,461,1771,0,115.2,Safe
INV-000085,2024-04-07,PRD-0126,WH-01,268,446,542,172,0,9.5,Warning
INV-000086,2024-02-27,PRD-0345,WH-04,1630,99,521,1208,0,69.6,Safe
INV-000087,2023-07-14,PRD-0033,WH-19,956,15,443,528,0,35.8,Safe
INV-000088,2023-01-04,PRD-0441,WH-02,1645,361,39,1967,0,999.0,Safe
INV-000089,2023-03-26,PRD-0187,WH-06,335,492,94,733,0,233.9,Safe
INV-000090,2024-07-18,PRD-0107,WH-01,268,194,279,183,0,19.7,Safe
INV-000091,2023-03-24,PRD-0468,WH-20,298,156,310,144,0,13.9,Warning
INV-000092,2023-08-29,PRD-0269,WH-14,1300,36,387,949,0,73.6,Safe
INV-000093,2024-02-07,PRD-0248,WH-03,1617,219,553,1283,0,69.6,Safe
INV-000094,2023-10-26,PRD-0166,WH-19,230,9,64,175,0,82.0,Safe
INV-000095,2023-05-01,PRD-0060,WH-17,436,212,533,115,0,6.5,Critical
INV-000096,2024-07-09,PRD-0078,WH-19,1567,77,235,1409,0,179.9,Safe
INV-000097,2023-05-27,PRD-0161,WH-18,343,250,169,424,0,75.3,Safe
INV-000098,2024-02-03,PRD-0406,WH-10,811,488,193,1106,0,171.9,Safe
INV-000099,2024-05-04,PRD-0075,WH-12,633,41,257,417,0,48.7,Safe
INV-000100,2023-01-14,PRD-0439,WH-07,1760,12,28,1744,0,999.0,Safe
INV-000101,2023-11-14,PRD-0432,WH-01,1858,340,551,1647,0,89.7,Safe
INV-000102,2023-07-07,PRD-0139,WH-07,1670,183,74,1779,0,721.2,Safe
INV-000103,2023-06-22,PRD-0449,WH-09,1766,379,325,1820,0,168.0,Safe
INV-000104,2024-01-08,PRD-0045,WH-20,1265,29,44,1250,0,852.3,Safe
INV-000105,2024-08-05,PRD-0420,WH-08,445,71,146,370,0,76.0,Safe
INV-000106,2023-05-25,PRD-0497,WH-09,341,232,244,329,0,40.5,Safe
INV-000107,2023-04-11,PRD-0082,WH-17,398,494,396,496,0,37.6,Safe
INV-000108,2023-04-16,PRD-0076,WH-03,457,59,342,174,0,15.3,Safe
INV-000109,2024-08-11,PRD-0318,WH-05,1332,82,242,1172,0,145.3,Safe
INV-000110,2023-04-19,PRD-0124,WH-04,810,247,329,728,0,66.4,Safe
INV-000111,2023-10-22,PRD-0093,WH-03,211,216,133,294,0,66.3,Safe
INV-000112,2024-06-04,PRD-0468,WH-04,85,319,128,276,0,64.7,Safe
INV-000113,2023-09-02,PRD-0036,WH-05,1947,79,413,1613,0,117.2,Safe
INV-000114,2023-10-31,PRD-0430,WH-08,1645,5,354,1296,0,109.8,Safe
INV-000115,2023-09-27,PRD-0289,WH-02,381,90,31,440,0,425.8,Safe
INV-000116,2023-01-27,PRD-0178,WH-06,1205,342,514,1033,0,60.3,Safe
INV-000117,2023-03-13,PRD-0409,WH-17,152,423,142,433,0,91.5,Safe
INV-000118,2023-09-18,PRD-0044,WH-18,414,340,570,184,0,9.7,Warning
INV-000119,2023-02-05,PRD-0394,WH-01,394,288,95,587,0,185.4,Safe
INV-000120,2023-12-22,PRD-0098,WH-15,1125,17,319,823,0,77.4,Safe
INV-000121,2023-04-07,PRD-0216,WH-06,92,426,196,322,0,49.3,Safe
INV-000122,2023-12-04,PRD-0177,WH-04,1363,295,38,1620,0,999.0,Safe
INV-000123,2024-08-14,PRD-0054,WH-05,863,163,73,953,0,391.6,Safe
INV-000124,2023-03-10,PRD-0018,WH-17,1136,429,541,1024,0,56.8,Safe
INV-000125,2024-03-24,PRD-0302,WH-16,721,26,218,529,0,72.8,Safe
INV-000126,2024-02-27,PRD-0219,WH-04,125,403,19,509,0,803.7,Safe
INV-000127,2024-03-09,PRD-0209,WH-05,690,4,289,405,0,42.0,Safe
INV-000128,2023-10-11,PRD-0086,WH-14,88,210,54,244,0,135.6,Safe
INV-000129,2023-09-17,PRD-0399,WH-14,1606,387,593,1400,0,70.8,Safe
INV-000130,2023-08-24,PRD-0350,WH-11,1574,259,381,1452,0,114.3,Safe
INV-000131,2023-01-07,PRD-0392,WH-13,1559,243,518,1284,0,74.4,Safe
INV-000132,2024-01-31,PRD-0088,WH-14,293,227,233,287,0,37.0,Safe
INV-000133,2024-02-10,PRD-0105,WH-16,38,203,171,70,0,12.3,Warning
INV-000134,2024-04-25,PRD-0123,WH-20,768,215,491,492,0,30.1,Safe
INV-000135,2024-09-16,PRD-0431,WH-09,690,173,273,590,0,64.8,Safe
INV-000136,2023-12-16,PRD-0176,WH-01,534,184,332,386,0,34.9,Safe
INV-000137,2023-09-04,PRD-0021,WH-16,938,307,200,1045,0,156.8,Safe
INV-000138,2023-05-10,PRD-0027,WH-20,562,250,209,603,0,86.6,Safe
INV-000139,2023-08-27,PRD-0338,WH-06,1620,496,207,1909,0,276.7,Safe
INV-000140,2024-03-07,PRD-0432,WH-02,1548,373,141,1780,0,378.7,Safe
INV-000141,2023-05-01,PRD-0485,WH-10,568,384,536,416,0,23.3,Safe
INV-000142,2023-10-18,PRD-0142,WH-09,600,156,170,586,0,103.4,Safe
INV-000143,2023-03-21,PRD-0344,WH-08,401,13,330,84,0,7.6,Warning
INV-000144,2023-06-04,PRD-0380,WH-02,575,436,111,900,0,243.2,Safe
INV-000145,2023-01-30,PRD-0241,WH-19,1735,17,93,1659,0,535.2,Safe
INV-000146,2023-02-16,PRD-0225,WH-12,1685,391,108,1968,0,546.7,Safe
INV-000147,2023-06-17,PRD-0030,WH-05,1167,258,230,1195,0,155.9,Safe
INV-000148,2024-02-21,PRD-0146,WH-19,1671,381,291,1761,0,181.5,Safe
INV-000149,2024-08-28,PRD-0443,WH-07,531,292,116,707,0,182.8,Safe
INV-000150,2024-05-21,PRD-0430,WH-09,748,494,141,1101,0,234.3,Safe
INV-000151,2023-10-26,PRD-0172,WH-12,133,395,466,62,0,4.0,Critical
INV-000152,2024-05-15,PRD-0001,WH-14,1492,298,540,1250,0,69.4,Safe
INV-000153,2023-05-07,PRD-0444,WH-13,894,388,255,1027,0,120.8,Safe
INV-000154,2023-03-29,PRD-0422,WH-07,565,192,24,733,0,916.2,Safe
INV-000155,2023-10-06,PRD-0292,WH-13,57,439,397,99,0,7.5,Warning
INV-000156,2024-04-30,PRD-0370,WH-10,936,297,188,1045,0,166.8,Safe
INV-000157,2023-07-07,PRD-0351,WH-02,923,156,343,736,0,64.4,Safe
INV-000158,2024-09-30,PRD-0238,WH-10,1862,236,63,2035,0,969.0,Safe
INV-000159,2023-07-23,PRD-0359,WH-09,318,197,110,405,0,110.5,Safe
INV-000160,2023-02-10,PRD-0474,WH-04,276,244,378,142,0,11.3,Warning
INV-000161,2024-02-10,PRD-0051,WH-05,1273,405,530,1148,0,65.0,Safe
INV-000162,2023-07-25,PRD-0071,WH-17,705,28,528,205,0,11.6,Warning
INV-000163,2024-09-08,PRD-0096,WH-14,1199,94,519,774,0,44.7,Safe
INV-000164,2023-07-25,PRD-0050,WH-20,1940,78,133,1885,0,425.2,Safe
INV-000165,2023-12-23,PRD-0423,WH-17,147,302,445,4,0,0.3,Critical
INV-000166,2024-09-08,PRD-0241,WH-13,211,29,121,119,0,29.5,Safe
INV-000167,2023-02-03,PRD-0081,WH-18,1092,287,471,908,0,57.8,Safe
INV-000168,2023-09-15,PRD-0304,WH-10,1418,176,370,1224,0,99.2,Safe
INV-000169,2024-08-10,PRD-0413,WH-01,1031,482,508,1005,0,59.4,Safe
INV-000170,2023-11-27,PRD-0158,WH-17,1115,236,398,953,0,71.8,Safe
INV-000171,2024-07-16,PRD-0450,WH-15,62,469,345,186,0,16.2,Safe
INV-000172,2024-06-07,PRD-0024,WH-11,1530,495,532,1493,0,84.2,Safe
INV-000173,2024-09-08,PRD-0172,WH-19,1381,377,189,1569,0,249.0,Safe
INV-000174,2023-08-17,PRD-0095,WH-16,834,224,337,721,0,64.2,Safe
INV-000175,2024-05-30,PRD-0387,WH-19,460,426,17,869,0,999.0,Safe
INV-000176,2024-09-07,PRD-0482,WH-14,1981,302,357,1926,0,161.8,Safe
INV-000177,2024-07-17,PRD-0046,WH-16,1214,308,130,1392,0,321.2,Safe
INV-000178,2024-05-01,PRD-0166,WH-03,1851,97,313,1635,0,156.7,Safe
INV-000179,2023-11-19,PRD-0180,WH-11,1527,258,234,1551,0,198.8,Safe
INV-000180,2023-01-08,PRD-0372,WH-03,1724,330,592,1462,0,74.1,Safe
INV-000181,2024-04-06,PRD-0400,WH-09,385,454,599,240,0,12.0,Warning
INV-000182,2024-01-05,PRD-0478,WH-15,1502,71,109,1464,0,402.9,Safe
INV-000183,2024-06-17,PRD-0375,WH-19,1465,144,387,1222,0,94.7,Safe
INV-000184,2023-05-23,PRD-0368,WH-12,1557,316,274,1599,0,175.1,Safe
INV-000185,2023-12-11,PRD-0053,WH-18,566,40,113,493,0,130.9,Safe
INV-000186,2024-07-02,PRD-0492,WH-12,1524,234,358,1400,0,117.3,Safe
INV-000187,2024-04-24,PRD-0140,WH-09,551,60,526,85,0,4.8,Critical
INV-000188,2024-05-15,PRD-0195,WH-15,1342,357,430,1269,0,88.5,Safe
INV-000189,2023-07-09,PRD-0028,WH-08,269,236,291,214,0,22.1,Safe
INV-000190,2023-09-28,PRD-0429,WH-15,1905,167,525,1547,0,88.4,Safe
INV-000191,2024-08-30,PRD-0165,WH-05,128,169,51,246,0,144.7,Safe
INV-000192,2024-06-13,PRD-0315,WH-08,1820,56,126,1750,0,416.7,Safe
INV-000193,2024-07-30,PRD-0068,WH-07,766,34,393,407,0,31.1,Safe
INV-000194,2023-02-16,PRD-0438,WH-16,777,420,400,797,0,59.8,Safe
INV-000195,2023-06-06,PRD-0471,WH-08,687,339,389,637,0,49.1,Safe
INV-000196,2023-08-01,PRD-0364,WH-12,1581,220,530,1271,0,71.9,Safe
INV-000197,2024-05-16,PRD-0150,WH-14,1256,285,19,1522,0,999.0,Safe
INV-000198,2024-04-28,PRD-0364,WH-08,1277,447,73,1651,0,678.5,Safe
INV-000199,2024-07-31,PRD-0006,WH-16,455,147,340,262,0,23.1,Safe
INV-000200,2023-04-26,PRD-0399,WH-08,243,395,562,76,0,4.1,Critical
INV-000201,2023-07-08,PRD-0253,WH-17,1976,48,522,1502,0,86.3,Safe
INV-000202,2023-09-21,PRD-0361,WH-17,1843,254,290,1807,0,186.9,Safe
INV-000203,2023-01-09,PRD-0171,WH-01,458,261,304,415,0,41.0,Safe
INV-000204,2023-04-21,PRD-0495,WH-19,1947,104,317,1734,0,164.1,Safe
INV-000205,2024-09-19,PRD-0324,WH-05,1136,415,345,1206,0,104.9,Safe
INV-000206,2023-01-11,PRD-0471,WH-18,1072,262,198,1136,0,172.1,Safe
INV-000207,2024-01-04,PRD-0184,WH-02,1933,11,245,1699,0,208.0,Safe
INV-000208,2023-02-08,PRD-0415,WH-03,443,176,487,132,0,8.1,Warning
INV-000209,2024-03-10,PRD-0014,WH-13,1855,368,261,1962,0,225.5,Safe
INV-000210,2023-12-26,PRD-0372,WH-10,30,25,44,11,0,7.5,Warning
INV-000211,2024-08-01,PRD-0179,WH-20,1933,405,519,1819,0,105.1,Safe
INV-000212,2024-02-28,PRD-0309,WH-12,402,119,203,318,0,47.0,Safe
INV-000213,2023-02-01,PRD-0384,WH-08,1303,274,520,1057,0,61.0,Safe
INV-000214,2024-09-12,PRD-0084,WH-06,315,438,505,248,0,14.7,Safe
INV-000215,2023-11-21,PRD-0418,WH-07,106,187,197,96,0,14.6,Safe
INV-000216,2024-06-08,PRD-0079,WH-18,1173,182,143,1212,0,254.3,Safe
INV-000217,2024-09-28,PRD-0024,WH-20,1057,439,547,949,0,52.0,Safe
INV-000218,2023-04-05,PRD-0447,WH-17,964,399,307,1056,0,103.2,Safe
INV-000219,2023-10-26,PRD-0243,WH-14,579,86,153,512,0,100.4,Safe
INV-000220,2023-09-20,PRD-0114,WH-18,592,136,504,224,0,13.3,Warning
INV-000221,2023-10-15,PRD-0261,WH-17,1561,147,324,1384,0,128.1,Safe
INV-000222,2023-07-21,PRD-0210,WH-01,1154,331,562,923,0,49.3,Safe
INV-000223,2023-01-03,PRD-0133,WH-02,1792,209,187,1814,0,291.0,Safe
INV-000224,2023-08-07,PRD-0119,WH-20,539,271,141,669,0,142.3,Safe
INV-000225,2023-02-18,PRD-0134,WH-15,453,125,562,16,0,0.9,Critical
INV-000226,2024-08-20,PRD-0027,WH-10,941,396,440,897,0,61.2,Safe
INV-000227,2023-08-30,PRD-0280,WH-20,1215,9,272,952,0,105.0,Safe
INV-000228,2023-08-20,PRD-0046,WH-13,632,440,294,778,0,79.4,Safe
INV-000229,2023-01-11,PRD-0270,WH-15,166,55,177,44,0,7.5,Warning
INV-000230,2024-04-25,PRD-0287,WH-08,393,156,471,78,0,5.0,Critical
INV-000231,2024-03-22,PRD-0475,WH-04,592,154,321,425,0,39.7,Safe
INV-000232,2023-12-14,PRD-0081,WH-19,856,246,92,1010,0,329.3,Safe
INV-000233,2023-11-10,PRD-0496,WH-17,1763,35,463,1335,0,86.5,Safe
INV-000234,2023-09-16,PRD-0184,WH-04,987,113,74,1026,0,415.9,Safe
INV-000235,2023-05-03,PRD-0249,WH-14,1087,253,527,813,0,46.3,Safe
INV-000236,2023-07-16,PRD-0259,WH-01,419,262,293,388,0,39.7,Safe
INV-000237,2023-05-30,PRD-0302,WH-03,705,442,168,979,0,174.8,Safe
INV-000238,2023-09-22,PRD-0293,WH-05,1605,448,292,1761,0,180.9,Safe
INV-000239,2023-04-12,PRD-0491,WH-09,157,358,461,54,0,3.5,Critical
INV-000240,2024-01-01,PRD-0424,WH-08,841,80,268,653,0,73.1,Safe
INV-000241,2024-05-29,PRD-0060,WH-16,1463,239,477,1225,0,77.0,Safe
INV-000242,2023-09-03,PRD-0087,WH-12,1462,139,546,1055,0,58.0,Safe
INV-000243,2024-04-13,PRD-0182,WH-17,337,386,307,416,0,40.7,Safe
INV-000244,2024-07-17,PRD-0349,WH-18,1741,325,334,1732,0,155.6,Safe
INV-000245,2024-09-13,PRD-0220,WH-20,1920,20,204,1736,0,255.3,Safe
INV-000246,2023-06-11,PRD-0237,WH-06,1083,65,448,700,0,46.9,Safe
INV-000247,2023-01-12,PRD-0361,WH-13,280,299,191,388,0,60.9,Safe
INV-000248,2024-03-16,PRD-0104,WH-15,644,426,389,681,0,52.5,Safe
INV-000249,2023-09-15,PRD-0307,WH-02,927,120,9,1038,0,999.0,Safe
INV-000250,2023-12-16,PRD-0476,WH-05,1888,295,122,2061,0,506.8,Safe
INV-000251,2023-01-30,PRD-0124,WH-02,1246,281,526,1001,0,57.1,Safe
INV-000252,2023-09-17,PRD-0393,WH-06,877,321,313,885,0,84.8,Safe
INV-000253,2023-04-06,PRD-0462,WH-14,242,221,75,388,0,155.2,Safe
INV-000254,2023-03-16,PRD-0233,WH-10,1745,301,203,1843,0,272.4,Safe
INV-000255,2024-01-31,PRD-0496,WH-15,1091,392,293,1190,0,121.8,Safe
INV-000256,2023-06-09,PRD-0295,WH-10,424,343,264,503,0,57.2,Safe
INV-000257,2024-09-06,PRD-0046,WH-10,1045,163,404,804,0,59.7,Safe
INV-000258,2024-01-07,PRD-0133,WH-06,1060,273,373,960,0,77.2,Safe
INV-000259,2024-06-17,PRD-0271,WH-19,1965,4,336,1633,0,145.8,Safe
INV-000260,2023-12-29,PRD-0441,WH-11,366,287,519,134,0,7.7,Warning
INV-000261,2023-12-11,PRD-0001,WH-09,186,1,180,7,0,1.2,Critical
INV-000262,2024-09-23,PRD-0303,WH-13,1088,71,315,844,0,80.4,Safe
INV-000263,2023-05-21,PRD-0028,WH-17,615,57,143,529,0,111.0,Safe
INV-000264,2024-01-17,PRD-0235,WH-15,1044,202,56,1190,0,637.5,Safe
INV-000265,2024-03-30,PRD-0451,WH-04,1938,160,426,1672,0,117.7,Safe
INV-000266,2024-07-21,PRD-0315,WH-09,627,387,426,588,0,41.4,Safe
INV-000267,2023-10-02,PRD-0226,WH-08,114,270,250,134,0,16.1,Safe
INV-000268,2024-09-13,PRD-0393,WH-17,332,493,122,703,0,172.9,Safe
INV-000269,2024-07-26,PRD-0223,WH-07,652,48,521,179,0,10.3,Warning
INV-000270,2023-02-09,PRD-0038,WH-09,1545,498,188,1855,0,296.0,Safe
INV-000271,2023-02-07,PRD-0231,WH-06,586,327,133,780,0,175.9,Safe
INV-000272,2023-02-18,PRD-0299,WH-12,787,13,376,424,0,33.8,Safe
INV-000273,2023-06-16,PRD-0073,WH-05,79,23,84,18,0,6.4,Critical
INV-000274,2023-10-01,PRD-0392,WH-05,194,282,469,7,0,0.4,Critical
INV-000275,2023-09-10,PRD-0108,WH-18,1112,260,466,906,0,58.3,Safe
INV-000276,2023-01-14,PRD-0043,WH-20,739,391,44,1086,0,740.5,Safe
INV-000277,2024-04-12,PRD-0337,WH-06,228,116,84,260,0,92.9,Safe
INV-000278,2023-12-07,PRD-0455,WH-18,1073,413,252,1234,0,146.9,Safe
INV-000279,2023-01-28,PRD-0253,WH-14,1301,250,262,1289,0,147.6,Safe
INV-000280,2023-12-05,PRD-0030,WH-13,936,427,323,1040,0,96.6,Safe
INV-000281,2024-03-25,PRD-0170,WH-06,1661,35,167,1529,0,274.7,Safe
INV-000282,2023-12-24,PRD-0247,WH-17,804,24,145,683,0,141.3,Safe
INV-000283,2023-12-17,PRD-0038,WH-12,993,485,180,1298,0,216.3,Safe
INV-000284,2024-03-04,PRD-0018,WH-07,1359,196,15,1540,0,999.0,Safe
INV-000285,2024-09-11,PRD-0455,WH-13,1016,135,469,682,0,43.6,Safe
INV-000286,2024-09-21,PRD-0269,WH-05,752,32,395,389,0,29.5,Safe
INV-000287,2023-02-19,PRD-0096,WH-09,1787,243,587,1443,0,73.7,Safe
INV-000288,2023-03-21,PRD-0176,WH-09,767,162,164,765,0,139.9,Safe
INV-000289,2024-08-30,PRD-0299,WH-16,1065,490,366,1189,0,97.5,Safe
INV-000290,2024-08-08,PRD-0437,WH-18,1034,366,71,1329,0,561.5,Safe
INV-000291,2023-10-26,PRD-0480,WH-07,1421,428,259,1590,0,184.2,Safe
INV-000292,2023-11-25,PRD-0123,WH-17,1458,332,463,1327,0,86.0,Safe
INV-000293,2023-08-14,PRD-0181,WH-03,637,402,137,902,0,197.5,Safe
INV-000294,2024-07-02,PRD-0329,WH-15,1899,341,255,1985,0,233.5,Safe
INV-000295,2023-06-02,PRD-0063,WH-04,606,394,121,879,0,217.9,Safe
INV-000296,2023-02-22,PRD-0468,WH-04,427,328,299,456,0,45.8,Safe
INV-000297,2023-11-24,PRD-0427,WH-07,407,469,44,832,0,567.3,Safe
INV-000298,2024-07-13,PRD-0465,WH-12,1616,131,586,1161,0,59.4,Safe
INV-000299,2024-05-04,PRD-0098,WH-12,779,446,451,774,0,51.5,Safe
INV-000300,2023-11-12,PRD-0132,WH-11,834,434,446,822,0,55.3,Safe
INV-000301,2023-09-27,PRD-0271,WH-05,650,146,343,453,0,39.6,Safe
INV-000302,2023-02-04,PRD-0256,WH-10,48,102,68,82,0,36.2,Safe
INV-000303,2023-04-08,PRD-0068,WH-16,403,46,299,150,0,15.1,Safe
INV-000304,2024-06-19,PRD-0432,WH-20,1523,457,482,1498,0,93.2,Safe
INV-000305,2023-10-07,PRD-0152,WH-03,322,23,280,65,0,7.0,Warning
INV-000306,2023-03-16,PRD-0371,WH-01,1142,104,69,1177,0,511.7,Safe
INV-000307,2024-06-03,PRD-0334,WH-07,1006,302,307,1001,0,97.8,Safe
INV-000308,2023-05-25,PRD-0118,WH-05,1682,456,312,1826,0,175.6,Safe
INV-000309,2023-01-15,PRD-0299,WH-16,500,481,125,856,0,205.4,Safe
INV-000310,2023-11-09,PRD-0321,WH-12,235,465,91,609,0,200.8,Safe
INV-000311,2023-04-26,PRD-0003,WH-20,1953,336,528,1761,0,100.1,Safe
INV-000312,2023-04-03,PRD-0182,WH-07,1505,79,381,1203,0,94.7,Safe
INV-000313,2023-11-11,PRD-0271,WH-01,1128,388,543,973,0,53.8,Safe
INV-000314,2023-01-19,PRD-0132,WH-19,1439,378,134,1683,0,376.8,Safe
INV-000315,2023-06-08,PRD-0353,WH-03,623,227,384,466,0,36.4,Safe
INV-000316,2023-06-18,PRD-0318,WH-09,648,169,437,380,0,26.1,Safe
INV-000317,2023-09-23,PRD-0245,WH-17,1088,63,507,644,0,38.1,Safe
INV-000318,2024-01-27,PRD-0435,WH-01,399,416,405,410,0,30.4,Safe
INV-000319,2023-04-09,PRD-0079,WH-02,466,159,326,299,0,27.5,Safe
INV-000320,2024-05-01,PRD-0362,WH-03,1788,229,97,1920,0,593.8,Safe
INV-000321,2023-06-09,PRD-0220,WH-05,1773,167,515,1425,0,83.0,Safe
INV-000322,2023-11-12,PRD-0186,WH-12,814,76,26,864,0,996.9,Safe
INV-000323,2024-04-27,PRD-0041,WH-11,1237,258,327,1168,0,107.2,Safe
INV-000324,2024-03-18,PRD-0024,WH-02,800,83,399,484,0,36.4,Safe
INV-000325,2023-02-21,PRD-0141,WH-10,559,203,198,564,0,85.5,Safe
INV-000326,2023-10-21,PRD-0268,WH-02,1420,391,303,1508,0,149.3,Safe
INV-000327,2023-01-20,PRD-0380,WH-06,633,333,481,485,0,30.2,Safe
INV-000328,2023-02-04,PRD-0440,WH-15,540,138,157,521,0,99.6,Safe
INV-000329,2023-05-26,PRD-0132,WH-20,1729,142,11,1860,0,999.0,Safe
INV-000330,2023-10-02,PRD-0378,WH-04,1795,152,87,1860,0,641.4,Safe
INV-000331,2023-01-05,PRD-0006,WH-11,1706,343,81,1968,0,728.9,Safe
INV-000332,2023-10-12,PRD-0209,WH-01,656,22,478,200,0,12.6,Warning
INV-000333,2023-02-05,PRD-0108,WH-05,774,497,186,1085,0,175.0,Safe
INV-000334,2024-09-12,PRD-0497,WH-18,563,100,210,453,0,64.7,Safe
INV-000335,2024-03-12,PRD-0088,WH-18,1682,484,343,1823,0,159.4,Safe
INV-000336,2024-05-19,PRD-0404,WH-16,411,277,466,222,0,14.3,Safe
INV-000337,2024-09-14,PRD-0482,WH-13,1216,204,142,1278,0,270.0,Safe
INV-000338,2023-10-31,PRD-0100,WH-07,315,287,552,50,0,2.7,Critical
INV-000339,2023-07-19,PRD-0398,WH-06,1158,286,175,1269,0,217.5,Safe
INV-000340,2024-06-30,PRD-0402,WH-12,338,384,349,373,0,32.1,Safe
INV-000341,2023-01-26,PRD-0389,WH-03,577,258,43,792,0,552.6,Safe
INV-000342,2023-08-24,PRD-0495,WH-01,671,30,271,430,0,47.6,Safe
INV-000343,2024-03-05,PRD-0479,WH-06,1524,128,136,1516,0,334.4,Safe
INV-000344,2024-01-12,PRD-0033,WH-02,938,102,85,955,0,337.1,Safe
INV-000345,2024-07-14,PRD-0012,WH-10,1722,94,272,1544,0,170.3,Safe
INV-000346,2023-08-26,PRD-0166,WH-11,685,168,141,712,0,151.5,Safe
INV-000347,2024-07-19,PRD-0008,WH-06,694,344,551,487,0,26.5,Safe
INV-000348,2023-10-10,PRD-0213,WH-03,1951,156,42,2065,0,999.0,Safe
INV-000349,2023-03-19,PRD-0220,WH-20,1843,76,461,1458,0,94.9,Safe
INV-000350,2023-11-07,PRD-0247,WH-12,181,201,298,84,0,8.5,Warning
INV-000351,2023-09-10,PRD-0390,WH-03,191,370,262,299,0,34.2,Safe
INV-000352,2024-01-30,PRD-0407,WH-05,829,162,206,785,0,114.3,Safe
INV-000353,2023-08-10,PRD-0210,WH-16,1423,446,349,1520,0,130.7,Safe
INV-000354,2023-10-13,PRD-0317,WH-15,1688,282,184,1786,0,291.2,Safe
INV-000355,2023-05-31,PRD-0435,WH-06,195,261,77,379,0,147.7,Safe
INV-000356,2024-05-29,PRD-0424,WH-20,1041,12,302,751,0,74.6,Safe
INV-000357,2023-09-10,PRD-0159,WH-02,817,171,53,935,0,529.2,Safe
INV-000358,2024-01-11,PRD-0008,WH-08,1798,168,370,1596,0,129.4,Safe
INV-000359,2024-07-09,PRD-0297,WH-11,432,482,488,426,0,26.2,Safe
INV-000360,2023-10-26,PRD-0069,WH-08,1813,483,152,2144,0,423.2,Safe
INV-000361,2024-05-11,PRD-0029,WH-08,1490,377,346,1521,0,131.9,Safe
INV-000362,2023-04-28,PRD-0393,WH-18,1222,243,493,972,0,59.1,Safe
INV-000363,2023-02-06,PRD-0240,WH-19,649,277,286,640,0,67.1,Safe
INV-000364,2023-08-26,PRD-0044,WH-17,1335,377,256,1456,0,170.6,Safe
INV-000365,2023-02-17,PRD-0361,WH-05,1743,383,350,1776,0,152.2,Safe
INV-000366,2023-08-26,PRD-0094,WH-16,162,130,74,218,0,88.4,Safe
INV-000367,2023-05-04,PRD-0305,WH-20,1300,177,133,1344,0,303.2,Safe
INV-000368,2023-08-10,PRD-0442,WH-13,778,194,494,478,0,29.0,Safe
INV-000369,2023-08-11,PRD-0324,WH-15,430,314,156,588,0,113.1,Safe
INV-000370,2023-05-17,PRD-0204,WH-17,1816,475,279,2012,0,216.3,Safe
INV-000371,2024-04-05,PRD-0351,WH-16,1877,104,54,1927,0,999.0,Safe
INV-000372,2023-08-10,PRD-0251,WH-02,375,493,126,742,0,176.7,Safe
INV-000373,2023-12-17,PRD-0182,WH-06,846,166,529,483,0,27.4,Safe
INV-000374,2023-11-14,PRD-0174,WH-03,307,147,404,50,0,3.7,Critical
INV-000375,2023-10-11,PRD-0232,WH-09,471,212,576,107,0,5.6,Critical
INV-000376,2023-12-26,PRD-0036,WH-07,1770,45,478,1337,0,83.9,Safe
INV-000377,2023-10-15,PRD-0264,WH-06,1719,132,399,1452,0,109.2,Safe
INV-000378,2024-08-12,PRD-0362,WH-01,1423,425,286,1562,0,163.8,Safe
INV-000379,2024-09-12,PRD-0205,WH-20,1858,5,128,1735,0,406.6,Safe
INV-000380,2024-06-20,PRD-0320,WH-04,421,133,473,81,0,5.1,Critical
INV-000381,2024-06-18,PRD-0112,WH-05,1444,198,567,1075,0,56.9,Safe
INV-000382,2024-08-22,PRD-0188,WH-06,362,17,24,355,0,443.8,Safe
INV-000383,2024-09-17,PRD-0255,WH-14,422,271,192,501,0,78.3,Safe
INV-000384,2024-01-01,PRD-0386,WH-06,1565,22,435,1152,0,79.4,Safe
INV-000385,2024-08-16,PRD-0396,WH-09,388,299,534,153,0,8.6,Warning
INV-000386,2024-09-11,PRD-0216,WH-10,973,400,70,1303,0,558.4,Safe
INV-000387,2024-09-08,PRD-0229,WH-13,616,129,535,210,0,11.8,Warning
INV-000388,2024-04-03,PRD-0130,WH-12,1833,177,361,1649,0,137.0,Safe
INV-000389,2024-08-06,PRD-0066,WH-02,1973,192,62,2103,0,999.0,Safe
INV-000390,2024-09-03,PRD-0030,WH-19,658,72,546,184,0,10.1,Warning
INV-000391,2024-08-16,PRD-0050,WH-09,1514,423,494,1443,0,87.6,Safe
INV-000392,2023-10-30,PRD-0284,WH-14,714,389,288,815,0,84.9,Safe
INV-000393,2024-07-01,PRD-0448,WH-12,82,71,73,80,0,32.9,Safe
INV-000394,2023-10-06,PRD-0126,WH-01,492,65,484,73,0,4.5,Critical
INV-000395,2024-05-14,PRD-0001,WH-09,899,236,181,954,0,158.1,Safe
INV-000396,2023-07-29,PRD-0244,WH-05,1858,434,400,1892,0,141.9,Safe
INV-000397,2024-05-26,PRD-0343,WH-02,940,461,463,938,0,60.8,Safe
INV-000398,2023-07-29,PRD-0019,WH-07,1707,385,9,2083,0,999.0,Safe
INV-000399,2024-05-11,PRD-0024,WH-14,1574,176,101,1649,0,489.8,Safe
INV-000400,2023-09-25,PRD-0486,WH-14,1415,161,36,1540,0,999.0,Safe
INV-000401,2024-03-30,PRD-0411,WH-09,1449,118,31,1536,0,999.0,Safe
INV-000402,2024-02-05,PRD-0426,WH-17,1260,44,245,1059,0,129.7,Safe
INV-000403,2023-12-09,PRD-0469,WH-12,1353,361,599,1115,0,55.8,Safe
INV-000404,2024-05-06,PRD-0328,WH-09,515,442,12,945,0,999.0,Safe
INV-000405,2024-09-12,PRD-0110,WH-08,1715,341,546,1510,0,83.0,Safe
INV-000406,2024-07-26,PRD-0222,WH-12,798,110,96,812,0,253.8,Safe
INV-000407,2024-06-10,PRD-0120,WH-11,63,286,42,307,0,219.3,Safe
INV-000408,2024-08-14,PRD-0173,WH-05,1391,186,334,1243,0,111.6,Safe
INV-000409,2023-04-04,PRD-0299,WH-18,740,450,365,825,0,67.8,Safe
INV-000410,2024-05-14,PRD-0318,WH-11,1008,112,426,694,0,48.9,Safe
INV-000411,2023-04-28,PRD-0115,WH-08,1132,233,466,899,0,57.9,Safe
INV-000412,2023-09-25,PRD-0307,WH-02,1912,23,356,1579,0,133.1,Safe
INV-000413,2024-02-03,PRD-0394,WH-12,948,326,93,1181,0,381.0,Safe
INV-000414,2023-04-23,PRD-0221,WH-03,1030,426,235,1221,0,155.9,Safe
INV-000415,2023-05-09,PRD-0001,WH-02,433,277,132,578,0,131.4,Safe
INV-000416,2023-07-31,PRD-0442,WH-16,917,85,195,807,0,124.2,Safe
INV-000417,2023-04-08,PRD-0307,WH-01,1605,314,414,1505,0,109.1,Safe
INV-000418,2024-07-08,PRD-0465,WH-08,1809,418,383,1844,0,144.4,Safe
INV-000419,2023-03-31,PRD-0454,WH-20,1107,371,22,1456,0,999.0,Safe
INV-000420,2024-06-13,PRD-0405,WH-18,1332,394,329,1397,0,127.4,Safe
INV-000421,2023-08-01,PRD-0039,WH-09,1857,251,100,2008,0,602.4,Safe
INV-000422,2023-10-01,PRD-0413,WH-20,819,335,169,985,0,174.9,Safe
INV-000423,2023-11-15,PRD-0139,WH-02,1831,385,490,1726,0,105.7,Safe
INV-000424,2024-08-23,PRD-0014,WH-09,995,141,562,574,0,30.6,Safe
INV-000425,2024-06-17,PRD-0232,WH-14,236,400,49,587,0,359.4,Safe
INV-000426,2023-04-14,PRD-0126,WH-10,450,408,325,533,0,49.2,Safe
INV-000427,2023-08-22,PRD-0399,WH-05,1100,353,28,1425,0,999.0,Safe
INV-000428,2024-05-06,PRD-0481,WH-15,450,97,382,165,0,13.0,Warning
INV-000429,2023-10-04,PRD-0241,WH-06,807,384,475,716,0,45.2,Safe
INV-000430,2023-01-27,PRD-0102,WH-05,1849,7,512,1344,0,78.8,Safe
INV-000431,2023-07-09,PRD-0470,WH-09,1455,200,488,1167,0,71.7,Safe
INV-000432,2023-03-05,PRD-0050,WH-19,506,24,435,95,0,6.6,Critical
INV-000433,2023-02-22,PRD-0298,WH-15,1567,415,429,1553,0,108.6,Safe
INV-000434,2024-03-16,PRD-0228,WH-06,1059,360,216,1203,0,167.1,Safe
INV-000435,2023-05-16,PRD-0048,WH-04,488,86,42,532,0,380.0,Safe
INV-000436,2024-01-18,PRD-0357,WH-20,669,13,382,300,0,23.6,Safe
INV-000437,2023-04-25,PRD-0247,WH-20,177,300,363,114,0,9.4,Warning
INV-000438,2024-02-21,PRD-0080,WH-06,865,59,344,580,0,50.6,Safe
INV-000439,2024-05-07,PRD-0135,WH-18,1501,473,306,1668,0,163.5,Safe
INV-000440,2024-07-26,PRD-0126,WH-10,287,154,37,404,0,327.6,Safe
INV-000441,2024-01-21,PRD-0126,WH-17,410,143,515,38,0,2.2,Critical
INV-000442,2023-03-15,PRD-0067,WH-12,419,441,248,612,0,74.0,Safe
INV-000443,2024-03-01,PRD-0458,WH-08,1380,206,431,1155,0,80.4,Safe
INV-000444,2023-04-18,PRD-0436,WH-05,840,133,355,618,0,52.2,Safe
INV-000445,2024-09-04,PRD-0309,WH-18,801,382,118,1065,0,270.8,Safe
INV-000446,2024-09-10,PRD-0469,WH-16,714,59,33,740,0,672.7,Safe
INV-000447,2023-11-22,PRD-0048,WH-06,1940,376,23,2293,0,999.0,Safe
INV-000448,2023-08-27,PRD-0274,WH-08,1617,464,463,1618,0,104.8,Safe
INV-000449,2023-02-17,PRD-0019,WH-18,1121,145,344,922,0,80.4,Safe
INV-000450,2023-10-23,PRD-0411,WH-20,590,15,52,553,0,319.0,Safe
INV-000451,2023-01-18,PRD-0309,WH-08,792,299,112,979,0,262.2,Safe
INV-000452,2024-07-11,PRD-0063,WH-11,319,302,26,595,0,686.5,Safe
INV-000453,2023-11-25,PRD-0298,WH-16,1575,121,5,1691,0,999.0,Safe
INV-000454,2023-02-22,PRD-0007,WH-14,1695,237,498,1434,0,86.4,Safe
INV-000455,2023-05-26,PRD-0004,WH-14,1442,5,26,1421,0,999.0,Safe
INV-000456,2023-03-15,PRD-0145,WH-20,385,226,449,162,0,10.8,Warning
INV-000457,2023-10-19,PRD-0399,WH-02,1610,173,260,1523,0,175.7,Safe
INV-000458,2023-09-05,PRD-0027,WH-12,1860,282,70,2072,0,888.0,Safe
INV-000459,2023-05-08,PRD-0038,WH-10,259,21,204,76,0,11.2,Warning
INV-000460,2023-11-15,PRD-0326,WH-14,766,398,84,1080,0,385.7,Safe
INV-000461,2024-07-24,PRD-0250,WH-04,169,311,398,82,0,6.2,Critical
INV-000462,2023-02-24,PRD-0214,WH-18,151,30,86,95,0,33.1,Safe
INV-000463,2024-01-03,PRD-0093,WH-11,905,264,103,1066,0,310.5,Safe
INV-000464,2024-02-01,PRD-0007,WH-02,72,191,254,9,0,1.1,Critical
INV-000465,2024-07-09,PRD-0374,WH-03,467,279,74,672,0,272.4,Safe
INV-000466,2024-07-23,PRD-0287,WH-04,1444,165,574,1035,0,54.1,Safe
INV-000467,2023-09-12,PRD-0088,WH-13,734,456,66,1124,0,510.9,Safe
INV-000468,2024-08-14,PRD-0396,WH-15,318,364,523,159,0,9.1,Warning
INV-000469,2024-09-04,PRD-0188,WH-08,1912,266,82,2096,0,766.8,Safe
INV-000470,2023-10-31,PRD-0469,WH-08,299,211,476,34,0,2.1,Critical
INV-000471,2023-06-09,PRD-0017,WH-06,95,210,29,276,0,285.5,Safe
INV-000472,2023-12-03,PRD-0080,WH-13,88,393,111,370,0,100.0,Safe
INV-000473,2024-06-27,PRD-0286,WH-20,140,275,252,163,0,19.4,Safe
INV-000474,2024-03-02,PRD-0363,WH-12,1470,420,355,1535,0,129.7,Safe
INV-000475,2023-09-11,PRD-0188,WH-04,1399,353,506,1246,0,73.9,Safe
INV-000476,2024-04-17,PRD-0375,WH-17,1349,15,98,1266,0,387.6,Safe
INV-000477,2024-06-13,PRD-0442,WH-14,689,39,299,429,0,43.0,Safe
INV-000478,2024-05-05,PRD-0272,WH-16,1462,248,552,1158,0,62.9,Safe
INV-000479,2023-08-28,PRD-0186,WH-16,166,144,231,79,0,10.3,Warning
INV-000480,2023-01-07,PRD-0469,WH-08,1221,14,202,1033,0,153.4,Safe
INV-000481,2024-04-18,PRD-0034,WH-11,1994,265,370,1889,0,153.2,Safe
INV-000482,2023-06-10,PRD-0021,WH-09,334,482,384,432,0,33.8,Safe
INV-000483,2023-07-20,PRD-0476,WH-12,339,276,256,359,0,42.1,Safe
INV-000484,2024-01-23,PRD-0193,WH-13,1439,242,545,1136,0,62.5,Safe
INV-000485,2023-12-03,PRD-0035,WH-12,333,222,174,381,0,65.7,Safe
INV-000486,2023-02-01,PRD-0366,WH-20,637,92,49,680,0,416.3,Safe
INV-000487,2024-03-22,PRD-0481,WH-17,745,72,441,376,0,25.6,Safe
INV-000488,2024-01-17,PRD-0440,WH-08,234,268,63,439,0,209.0,Safe
INV-000489,2023-12-26,PRD-0425,WH-11,988,406,100,1294,0,388.2,Safe
INV-000490,2023-12-04,PRD-0455,WH-08,1693,455,594,1554,0,78.5,Safe
INV-000491,2023-07-05,PRD-0462,WH-06,1954,302,295,1961,0,199.4,Safe
INV-000492,2024-01-23,PRD-0085,WH-03,1175,327,436,1066,0,73.3,Safe
INV-000493,2023-03-21,PRD-0340,WH-11,8,469,265,212,0,24.0,Safe
INV-000494,2023-06-15,PRD-0185,WH-08,427,297,540,184,0,10.2,Warning
INV-000495,2023-11-03,PRD-0353,WH-20,1406,427,63,1770,0,842.9,Safe
INV-000496,2023-03-15,PRD-0193,WH-12,1031,40,494,577,0,35.0,Safe
INV-000497,2024-01-11,PRD-0245,WH-19,816,0,377,439,0,34.9,Safe
INV-000498,2023-11-19,PRD-0490,WH-15,982,480,319,1143,0,107.5,Safe
INV-000499,2024-01-06,PRD-0077,WH-17,1129,337,312,1154,0,111.0,Safe
INV-000500,2024-02-06,PRD-0446,WH-16,1496,418,178,1736,0,292.6,Safe
INV-000501,2024-06-12,PRD-0109,WH-05,1480,488,55,1913,0,999.0,Safe
INV-000502,2024-06-10,PRD-0419,WH-16,235,345,325,255,0,23.5,Safe
INV-000503,2023-10-25,PRD-0129,WH-01,886,195,493,588,0,35.8,Safe
INV-000504,2024-09-17,PRD-0225,WH-04,1502,316,380,1438,0,113.5,Safe
INV-000505,2023-10-03,PRD-0139,WH-03,211,26,206,31,0,4.5,Critical
INV-000506,2024-05-06,PRD-0147,WH-14,1532,380,527,1385,0,78.8,Safe
INV-000507,2023-04-05,PRD-0138,WH-20,1899,353,341,1911,0,168.1,Safe
INV-000508,2024-03-12,PRD-0460,WH-08,1302,157,4,1455,0,999.0,Safe
INV-000509,2024-07-26,PRD-0436,WH-16,748,344,243,849,0,104.8,Safe
INV-000510,2023-11-06,PRD-0150,WH-09,1378,29,32,1375,0,999.0,Safe
INV-000511,2024-05-13,PRD-0260,WH-15,807,119,212,714,0,101.0,Safe
INV-000512,2023-05-06,PRD-0084,WH-08,1547,434,268,1713,0,191.8,Safe
INV-000513,2024-06-14,PRD-0126,WH-03,1310,383,502,1191,0,71.2,Safe
INV-000514,2023-06-11,PRD-0426,WH-20,1272,114,341,1045,0,91.9,Safe
INV-000515,2024-02-12,PRD-0161,WH-12,1609,34,524,1119,0,64.1,Safe
INV-000516,2024-04-02,PRD-0037,WH-05,248,44,249,43,0,5.2,Critical
INV-000517,2024-02-02,PRD-0336,WH-06,583,58,44,597,0,407.0,Safe
INV-000518,2024-04-11,PRD-0136,WH-10,586,452,577,461,0,24.0,Safe
INV-000519,2024-06-24,PRD-0443,WH-06,404,285,295,394,0,40.1,Safe
INV-000520,2023-03-19,PRD-0322,WH-19,103,270,289,84,0,8.7,Warning
INV-000521,2023-10-02,PRD-0118,WH-15,1825,206,163,1868,0,343.8,Safe
INV-000522,2023-01-08,PRD-0216,WH-07,1693,460,178,1975,0,332.9,Safe
INV-000523,2023-04-02,PRD-0256,WH-10,1306,377,286,1397,0,146.5,Safe
INV-000524,2023-08-18,PRD-0265,WH-20,1787,370,280,1877,0,201.1,Safe
INV-000525,2023-11-18,PRD-0253,WH-06,282,210,306,186,0,18.2,Safe
INV-000526,2024-06-15,PRD-0110,WH-19,51,290,266,75,0,8.5,Warning
INV-000527,2024-05-15,PRD-0434,WH-16,1163,482,257,1388,0,162.0,Safe
INV-000528,2024-08-11,PRD-0119,WH-19,1332,103,10,1425,0,999.0,Safe
INV-000529,2023-04-23,PRD-0092,WH-08,168,33,103,98,0,28.5,Safe
INV-000530,2023-02-27,PRD-0399,WH-03,854,121,204,771,0,113.4,Safe
INV-000531,2023-02-13,PRD-0149,WH-08,1570,314,200,1684,0,252.6,Safe
INV-000532,2024-08-16,PRD-0007,WH-07,1337,199,196,1340,0,205.1,Safe
INV-000533,2023-04-17,PRD-0315,WH-16,672,276,191,757,0,118.9,Safe
INV-000534,2024-01-29,PRD-0437,WH-13,1802,444,67,2179,0,975.7,Safe
INV-000535,2024-04-20,PRD-0436,WH-11,831,30,169,692,0,122.8,Safe
INV-000536,2024-09-07,PRD-0270,WH-15,35,242,261,16,0,1.8,Critical
INV-000537,2023-05-03,PRD-0250,WH-17,1596,97,233,1460,0,188.0,Safe
INV-000538,2024-02-03,PRD-0103,WH-18,694,166,175,685,0,117.4,Safe
INV-000539,2024-04-08,PRD-0415,WH-12,980,358,241,1097,0,136.6,Safe
INV-000540,2023-11-17,PRD-0249,WH-05,1055,185,446,794,0,53.4,Safe
INV-000541,2024-02-02,PRD-0151,WH-08,1633,38,107,1564,0,438.5,Safe
INV-000542,2024-08-16,PRD-0040,WH-02,814,428,455,787,0,51.9,Safe
INV-000543,2023-02-17,PRD-0483,WH-05,1314,375,469,1220,0,78.0,Safe
INV-000544,2024-02-23,PRD-0052,WH-02,625,117,65,677,0,312.5,Safe
INV-000545,2023-03-28,PRD-0345,WH-19,1761,421,32,2150,0,999.0,Safe
INV-000546,2024-03-10,PRD-0481,WH-17,979,466,79,1366,0,518.7,Safe
INV-000547,2024-07-12,PRD-0193,WH-19,1862,429,459,1832,0,119.7,Safe
INV-000548,2023-11-01,PRD-0354,WH-07,382,490,130,742,0,171.2,Safe
INV-000549,2023-01-28,PRD-0340,WH-20,1972,19,278,1713,0,184.9,Safe
INV-000550,2023-10-17,PRD-0270,WH-07,750,80,72,758,0,315.8,Safe
INV-000551,2023-05-19,PRD-0493,WH-01,1746,267,237,1776,0,224.8,Safe
INV-000552,2024-06-08,PRD-0058,WH-03,444,236,387,293,0,22.7,Safe
INV-000553,2023-05-29,PRD-0154,WH-20,1930,105,112,1923,0,515.1,Safe
INV-000554,2023-07-23,PRD-0047,WH-12,381,104,285,200,0,21.1,Safe
INV-000555,2024-06-21,PRD-0368,WH-01,739,133,244,628,0,77.2,Safe
INV-000556,2024-09-04,PRD-0081,WH-03,1574,333,52,1855,0,999.0,Safe
INV-000557,2023-08-24,PRD-0105,WH-09,602,136,80,658,0,246.8,Safe
INV-000558,2023-04-01,PRD-0329,WH-15,34,326,301,59,0,5.9,Critical
INV-000559,2024-06-30,PRD-0035,WH-18,1755,126,129,1752,0,407.4,Safe
INV-000560,2024-02-03,PRD-0069,WH-14,277,208,393,92,0,7.0,Warning
INV-000561,2023-09-11,PRD-0200,WH-09,762,10,50,722,0,433.2,Safe
INV-000562,2024-06-23,PRD-0396,WH-11,1351,189,153,1387,0,272.0,Safe
INV-000563,2024-03-14,PRD-0300,WH-15,1135,294,532,897,0,50.6,Safe
INV-000564,2024-07-29,PRD-0355,WH-19,292,444,369,367,0,29.8,Safe
INV-000565,2024-02-02,PRD-0228,WH-07,256,338,543,51,0,2.8,Critical
INV-000566,2023-01-29,PRD-0374,WH-09,797,159,207,749,0,108.6,Safe
INV-000567,2024-05-16,PRD-0050,WH-06,1016,55,4,1067,0,999.0,Safe
INV-000568,2024-08-14,PRD-0054,WH-03,1315,401,393,1323,0,101.0,Safe
INV-000569,2024-07-19,PRD-0136,WH-07,1943,446,28,2361,0,999.0,Safe
INV-000570,2024-02-06,PRD-0199,WH-18,1736,362,210,1888,0,269.7,Safe
INV-000571,2024-03-18,PRD-0182,WH-10,1473,345,373,1445,0,116.2,Safe
INV-000572,2024-03-07,PRD-0282,WH-19,333,92,368,57,0,4.6,Critical
INV-000573,2024-03-12,PRD-0438,WH-20,654,114,107,661,0,185.3,Safe
INV-000574,2024-08-28,PRD-0189,WH-03,180,438,258,360,0,41.9,Safe
INV-000575,2024-03-06,PRD-0440,WH-05,1586,279,482,1383,0,86.1,Safe
INV-000576,2024-04-02,PRD-0337,WH-06,986,142,86,1042,0,363.5,Safe
INV-000577,2023-03-16,PRD-0296,WH-03,1783,200,307,1676,0,163.8,Safe
INV-000578,2023-11-18,PRD-0310,WH-10,185,321,3,503,0,999.0,Safe
INV-000579,2023-12-31,PRD-0168,WH-15,776,282,109,949,0,261.2,Safe
INV-000580,2024-08-04,PRD-0046,WH-11,556,74,567,63,0,3.3,Critical
INV-000581,2023-05-16,PRD-0452,WH-01,1778,174,589,1363,0,69.4,Safe
INV-000582,2023-05-23,PRD-0443,WH-05,418,5,260,163,0,18.8,Safe
INV-000583,2024-05-12,PRD-0347,WH-19,984,337,298,1023,0,103.0,Safe
INV-000584,2023-06-13,PRD-0195,WH-13,1822,326,484,1664,0,103.1,Safe
INV-000585,2023-12-29,PRD-0285,WH-13,522,6,300,228,0,22.8,Safe
INV-000586,2023-03-13,PRD-0087,WH-11,1083,70,290,863,0,89.3,Safe
INV-000587,2023-07-27,PRD-0418,WH-19,1283,160,535,908,0,50.9,Safe
INV-000588,2023-01-14,PRD-0236,WH-13,541,30,269,302,0,33.7,Safe
INV-000589,2023-01-22,PRD-0056,WH-04,214,418,445,187,0,12.6,Warning
INV-000590,2024-04-14,PRD-0435,WH-06,459,159,568,50,0,2.6,Critical
INV-000591,2024-06-13,PRD-0058,WH-20,37,55,50,42,0,25.2,Safe
INV-000592,2023-03-14,PRD-0169,WH-10,67,62,108,21,0,5.8,Critical
INV-000593,2024-08-10,PRD-0079,WH-03,1614,20,376,1258,0,100.4,Safe
INV-000594,2024-01-30,PRD-0202,WH-05,379,298,144,533,0,111.0,Safe
INV-000595,2023-06-01,PRD-0297,WH-12,165,285,437,13,0,0.9,Critical
INV-000596,2024-07-06,PRD-0476,WH-20,1466,344,453,1357,0,89.9,Safe
INV-000597,2023-01-12,PRD-0120,WH-06,230,441,180,491,0,81.8,Safe
INV-000598,2023-01-24,PRD-0124,WH-01,604,58,402,260,0,19.4,Safe
INV-000599,2024-07-30,PRD-0249,WH-07,1014,379,488,905,0,55.6,Safe
INV-000600,2024-08-18,PRD-0014,WH-08,899,196,7,1088,0,999.0,Safe
INV-000601,2024-04-23,PRD-0351,WH-06,1123,160,203,1080,0,159.6,Safe
INV-000602,2023-09-10,PRD-0069,WH-01,1051,197,7,1241,0,999.0,Safe
INV-000603,2023-04-15,PRD-0441,WH-18,836,291,117,1010,0,259.0,Safe
INV-000604,2023-05-17,PRD-0052,WH-18,1973,284,187,2070,0,332.1,Safe
INV-000605,2024-01-31,PRD-0303,WH-18,556,64,563,57,0,3.0,Critical
INV-000606,2024-02-02,PRD-0039,WH-04,1383,21,295,1109,0,112.8,Safe
INV-000607,2024-01-06,PRD-0122,WH-10,673,363,396,640,0,48.5,Safe
INV-000608,2023-04-07,PRD-0280,WH-16,1098,102,26,1174,0,999.0,Safe
INV-000609,2023-10-13,PRD-0467,WH-14,399,71,389,81,0,6.2,Critical
INV-000610,2024-03-16,PRD-0200,WH-18,1912,440,507,1845,0,109.2,Safe
INV-000611,2023-01-09,PRD-0028,WH-15,973,261,596,638,0,32.1,Safe
INV-000612,2024-08-15,PRD-0333,WH-03,850,122,15,957,0,999.0,Safe
INV-000613,2024-06-21,PRD-0092,WH-01,127,249,267,109,0,12.2,Warning
INV-000614,2024-05-25,PRD-0314,WH-20,1170,202,467,905,0,58.1,Safe
INV-000615,2023-01-30,PRD-0146,WH-06,722,494,394,822,0,62.6,Safe
INV-000616,2024-07-05,PRD-0098,WH-17,1419,22,431,1010,0,70.3,Safe
INV-000617,2023-04-18,PRD-0055,WH-17,1337,432,136,1633,0,360.2,Safe
INV-000618,2023-03-15,PRD-0135,WH-19,1253,318,352,1219,0,103.9,Safe
INV-000619,2024-06-09,PRD-0072,WH-19,1006,147,434,719,0,49.7,Safe
INV-000620,2023-03-08,PRD-0181,WH-10,842,259,382,719,0,56.5,Safe
INV-000621,2024-02-19,PRD-0370,WH-11,1737,271,239,1769,0,222.1,Safe
INV-000622,2023-07-29,PRD-0107,WH-06,1063,309,8,1364,0,999.0,Safe
INV-000623,2023-03-02,PRD-0324,WH-20,1984,227,408,1803,0,132.6,Safe
INV-000624,2024-06-10,PRD-0044,WH-03,1344,458,47,1755,0,999.0,Safe
INV-000625,2023-03-04,PRD-0298,WH-11,620,418,1,1037,0,999.0,Safe
INV-000626,2023-04-14,PRD-0017,WH-12,874,53,447,480,0,32.2,Safe
INV-000627,2023-07-19,PRD-0179,WH-11,1233,308,131,1410,0,322.9,Safe
INV-000628,2023-04-27,PRD-0231,WH-09,1399,277,302,1374,0,136.5,Safe
INV-000629,2023-10-19,PRD-0214,WH-01,1857,29,137,1749,0,383.0,Safe
INV-000630,2023-11-20,PRD-0119,WH-01,527,449,425,551,0,38.9,Safe
INV-000631,2024-06-13,PRD-0412,WH-11,44,349,325,68,0,6.3,Critical
INV-000632,2023-01-21,PRD-0287,WH-09,1187,331,552,966,0,52.5,Safe
INV-000633,2024-01-29,PRD-0178,WH-03,1467,439,402,1504,0,112.2,Safe
INV-000634,2024-07-14,PRD-0183,WH-09,1462,156,563,1055,0,56.2,Safe
INV-000635,2024-02-06,PRD-0117,WH-05,209,114,28,295,0,316.1,Safe
INV-000636,2023-03-18,PRD-0026,WH-18,1706,58,11,1753,0,999.0,Safe
INV-000637,2023-02-07,PRD-0225,WH-17,120,406,238,288,0,36.3,Safe
INV-000638,2023-01-06,PRD-0499,WH-03,588,460,402,646,0,48.2,Safe
INV-000639,2024-09-29,PRD-0120,WH-09,1882,10,497,1395,0,84.2,Safe
INV-000640,2023-11-29,PRD-0272,WH-06,1851,117,449,1519,0,101.5,Safe
INV-000641,2023-12-31,PRD-0177,WH-11,769,419,351,837,0,71.5,Safe
INV-000642,2023-05-03,PRD-0229,WH-13,1389,110,406,1093,0,80.8,Safe
INV-000643,2024-07-25,PRD-0294,WH-15,1116,352,202,1266,0,188.0,Safe
INV-000644,2023-09-10,PRD-0270,WH-01,939,414,424,929,0,65.7,Safe
INV-000645,2023-09-24,PRD-0122,WH-08,40,94,62,72,0,34.8,Safe
INV-000646,2024-03-20,PRD-0423,WH-16,762,364,439,687,0,46.9,Safe
INV-000647,2023-01-23,PRD-0450,WH-02,200,90,153,137,0,26.9,Safe
INV-000648,2023-05-29,PRD-0456,WH-12,451,83,231,303,0,39.4,Safe
INV-000649,2024-03-10,PRD-0283,WH-06,1056,351,358,1049,0,87.9,Safe
INV-000650,2023-08-29,PRD-0293,WH-13,1857,193,95,1955,0,617.4,Safe
INV-000651,2023-07-11,PRD-0110,WH-15,623,76,68,631,0,278.4,Safe
INV-000652,2024-04-22,PRD-0188,WH-10,1369,354,476,1247,0,78.6,Safe
INV-000653,2024-04-30,PRD-0038,WH-16,532,294,239,587,0,73.7,Safe
INV-000654,2023-01-05,PRD-0142,WH-13,1636,191,149,1678,0,337.9,Safe
INV-000655,2023-07-27,PRD-0188,WH-20,1220,179,497,902,0,54.4,Safe
INV-000656,2023-06-04,PRD-0061,WH-18,1398,146,588,956,0,48.8,Safe
INV-000657,2023-05-31,PRD-0113,WH-12,698,198,463,433,0,28.1,Safe
INV-000658,2024-05-15,PRD-0101,WH-02,1272,28,208,1092,0,157.5,Safe
INV-000659,2023-05-13,PRD-0214,WH-05,887,276,431,732,0,51.0,Safe
INV-000660,2023-06-04,PRD-0139,WH-04,1577,27,84,1520,0,542.9,Safe
INV-000661,2024-03-16,PRD-0027,WH-18,642,442,84,1000,0,357.1,Safe
INV-000662,2023-05-09,PRD-0437,WH-03,1135,189,552,772,0,42.0,Safe
INV-000663,2023-10-26,PRD-0182,WH-11,1351,120,122,1349,0,331.7,Safe
INV-000664,2023-09-22,PRD-0114,WH-04,1147,282,54,1375,0,763.9,Safe
INV-000665,2024-09-23,PRD-0439,WH-19,200,236,154,282,0,54.9,Safe
INV-000666,2024-05-23,PRD-0495,WH-11,1613,473,468,1618,0,103.7,Safe
INV-000667,2023-01-18,PRD-0062,WH-05,608,268,379,497,0,39.3,Safe
INV-000668,2023-01-19,PRD-0444,WH-02,257,90,183,164,0,26.9,Safe
INV-000669,2024-04-22,PRD-0303,WH-13,291,410,204,497,0,73.1,Safe
INV-000670,2024-01-20,PRD-0436,WH-08,963,156,247,872,0,105.9,Safe
INV-000671,2024-01-05,PRD-0386,WH-19,1079,410,471,1018,0,64.8,Safe
INV-000672,2023-11-22,PRD-0479,WH-18,1701,196,43,1854,0,999.0,Safe
INV-000673,2023-03-03,PRD-0277,WH-05,993,477,229,1241,0,162.6,Safe
INV-000674,2023-02-10,PRD-0457,WH-09,1710,364,428,1646,0,115.4,Safe
INV-000675,2024-07-31,PRD-0303,WH-18,1107,6,90,1023,0,341.0,Safe
INV-000676,2023-12-01,PRD-0444,WH-02,229,140,352,17,0,1.4,Critical
INV-000677,2024-09-08,PRD-0265,WH-07,393,5,66,332,0,150.9,Safe
INV-000678,2024-08-30,PRD-0374,WH-15,1920,58,351,1627,0,139.1,Safe
INV-000679,2023-04-17,PRD-0496,WH-11,1015,285,186,1114,0,179.7,Safe
INV-000680,2023-12-22,PRD-0134,WH-17,1130,297,497,930,0,56.1,Safe
INV-000681,2024-07-18,PRD-0114,WH-18,731,195,12,914,0,999.0,Safe
INV-000682,2023-08-30,PRD-0127,WH-16,1165,6,439,732,0,50.0,Safe
INV-000683,2024-02-19,PRD-0035,WH-10,786,268,59,995,0,505.9,Safe
INV-000684,2023-08-21,PRD-0441,WH-06,164,132,139,157,0,33.9,Safe
INV-000685,2023-08-21,PRD-0147,WH-15,774,413,510,677,0,39.8,Safe
INV-000686,2023-05-13,PRD-0468,WH-07,619,435,456,598,0,39.3,Safe
INV-000687,2024-01-25,PRD-0025,WH-20,1495,233,176,1552,0,264.5,Safe
INV-000688,2023-09-06,PRD-0324,WH-07,1849,298,318,1829,0,172.5,Safe
INV-000689,2024-08-23,PRD-0385,WH-07,529,64,123,470,0,114.6,Safe
INV-000690,2023-11-09,PRD-0182,WH-17,1179,455,568,1066,0,56.3,Safe
INV-000691,2023-12-25,PRD-0489,WH-13,1766,59,286,1539,0,161.4,Safe
INV-000692,2024-08-02,PRD-0112,WH-04,584,227,441,370,0,25.2,Safe
INV-000693,2024-08-09,PRD-0454,WH-17,1948,490,307,2131,0,208.2,Safe
INV-000694,2024-06-15,PRD-0326,WH-18,1148,10,172,986,0,172.0,Safe
INV-000695,2023-05-28,PRD-0271,WH-11,1147,278,476,949,0,59.8,Safe
INV-000696,2023-02-11,PRD-0191,WH-18,112,70,38,144,0,113.7,Safe
INV-000697,2024-03-06,PRD-0305,WH-07,24,497,52,469,0,270.6,Safe
INV-000698,2023-01-02,PRD-0368,WH-13,1776,1,56,1721,0,922.0,Safe
INV-000699,2024-05-05,PRD-0229,WH-12,1764,200,148,1816,0,368.1,Safe
INV-000700,2023-09-30,PRD-0271,WH-02,512,383,579,316,0,16.4,Safe
INV-000701,2024-06-28,PRD-0445,WH-15,1874,423,34,2263,0,999.0,Safe
INV-000702,2023-10-05,PRD-0308,WH-15,860,72,95,837,0,264.3,Safe
INV-000703,2024-05-25,PRD-0154,WH-05,1204,413,305,1312,0,129.0,Safe
INV-000704,2023-10-11,PRD-0001,WH-05,1588,161,175,1574,0,269.8,Safe
INV-000705,2023-12-19,PRD-0105,WH-02,682,355,84,953,0,340.4,Safe
INV-000706,2023-10-08,PRD-0200,WH-05,873,62,77,858,0,334.3,Safe
INV-000707,2023-09-09,PRD-0463,WH-09,1656,53,328,1381,0,126.3,Safe
INV-000708,2024-06-12,PRD-0360,WH-13,1616,140,96,1660,0,518.8,Safe
INV-000709,2023-01-26,PRD-0347,WH-11,1187,241,384,1044,0,81.6,Safe
INV-000710,2024-01-10,PRD-0289,WH-15,810,243,502,551,0,32.9,Safe
INV-000711,2024-01-06,PRD-0417,WH-19,1338,389,286,1441,0,151.2,Safe
INV-000712,2024-08-19,PRD-0014,WH-05,173,474,215,432,0,60.3,Safe
INV-000713,2024-08-28,PRD-0134,WH-08,781,202,503,480,0,28.6,Safe
INV-000714,2024-07-25,PRD-0012,WH-01,1384,329,194,1519,0,234.9,Safe
INV-000715,2023-10-23,PRD-0039,WH-02,1739,29,327,1441,0,132.2,Safe
INV-000716,2024-01-25,PRD-0263,WH-14,1534,228,78,1684,0,647.7,Safe
INV-000717,2024-01-09,PRD-0397,WH-19,413,198,356,255,0,21.5,Safe
INV-000718,2024-08-15,PRD-0039,WH-15,1356,277,343,1290,0,112.8,Safe
INV-000719,2024-05-12,PRD-0390,WH-15,1894,267,492,1669,0,101.8,Safe
INV-000720,2023-09-12,PRD-0104,WH-07,20,161,135,46,0,10.2,Warning
INV-000721,2023-04-11,PRD-0193,WH-10,619,475,263,831,0,94.8,Safe
INV-000722,2023-06-07,PRD-0411,WH-02,1142,385,184,1343,0,219.0,Safe
INV-000723,2023-01-25,PRD-0295,WH-19,623,174,144,653,0,136.0,Safe
INV-000724,2023-07-23,PRD-0235,WH-09,136,409,34,511,0,450.9,Safe
INV-000725,2023-04-05,PRD-0018,WH-12,1344,292,42,1594,0,999.0,Safe
INV-000726,2023-03-29,PRD-0365,WH-07,780,378,391,767,0,58.8,Safe
INV-000727,2023-10-11,PRD-0359,WH-15,4,369,42,331,0,236.4,Safe
INV-000728,2024-10-01,PRD-0327,WH-02,651,127,240,538,0,67.2,Safe
INV-000729,2023-05-17,PRD-0295,WH-03,848,71,336,583,0,52.1,Safe
INV-000730,2024-09-26,PRD-0035,WH-04,185,92,94,183,0,58.4,Safe
INV-000731,2024-05-09,PRD-0442,WH-06,1138,183,467,854,0,54.9,Safe
INV-000732,2023-07-24,PRD-0459,WH-06,1547,405,15,1937,0,999.0,Safe
INV-000733,2023-03-28,PRD-0331,WH-04,1653,422,190,1885,0,297.6,Safe
INV-000734,2023-06-12,PRD-0148,WH-02,139,420,187,372,0,59.7,Safe
INV-000735,2024-06-15,PRD-0487,WH-01,1251,77,98,1230,0,376.5,Safe
INV-000736,2024-03-10,PRD-0147,WH-18,1379,199,243,1335,0,164.8,Safe
INV-000737,2023-10-14,PRD-0075,WH-09,295,70,270,95,0,10.6,Warning
INV-000738,2024-10-01,PRD-0033,WH-07,222,275,409,88,0,6.5,Critical
INV-000739,2023-06-24,PRD-0216,WH-13,743,138,107,774,0,217.0,Safe
INV-000740,2023-03-03,PRD-0046,WH-10,1962,169,88,2043,0,696.5,Safe
INV-000741,2024-07-24,PRD-0405,WH-18,1223,296,285,1234,0,129.9,Safe
INV-000742,2023-08-29,PRD-0143,WH-02,1187,398,223,1362,0,183.2,Safe
INV-000743,2023-04-16,PRD-0457,WH-06,634,155,392,397,0,30.4,Safe
INV-000744,2024-04-15,PRD-0460,WH-03,1977,333,268,2042,0,228.6,Safe
INV-000745,2023-12-08,PRD-0173,WH-16,88,458,470,76,0,4.9,Critical
INV-000746,2024-04-12,PRD-0440,WH-18,40,318,168,190,0,33.9,Safe
INV-000747,2023-12-10,PRD-0359,WH-11,1292,348,263,1377,0,157.1,Safe
INV-000748,2024-01-01,PRD-0340,WH-13,1825,330,39,2116,0,999.0,Safe
INV-000749,2023-06-13,PRD-0400,WH-14,1353,262,153,1462,0,286.7,Safe
INV-000750,2023-01-11,PRD-0345,WH-20,30,127,139,18,0,3.9,Critical
INV-000751,2024-06-12,PRD-0455,WH-13,971,189,1,1159,0,999.0,Safe
INV-000752,2024-02-01,PRD-0298,WH-12,42,375,308,109,0,10.6,Warning
INV-000753,2024-09-26,PRD-0355,WH-19,168,325,370,123,0,10.0,Warning
INV-000754,2023-07-22,PRD-0004,WH-04,1449,247,180,1516,0,252.7,Safe
INV-000755,2023-08-17,PRD-0133,WH-10,258,97,153,202,0,39.6,Safe
INV-000756,2024-02-03,PRD-0064,WH-14,1977,193,105,2065,0,590.0,Safe
INV-000757,2023-03-04,PRD-0321,WH-04,1082,135,456,761,0,50.1,Safe
INV-000758,2023-10-11,PRD-0059,WH-03,1589,3,140,1452,0,311.1,Safe
INV-000759,2024-09-23,PRD-0431,WH-20,143,167,37,273,0,221.4,Safe
INV-000760,2023-01-13,PRD-0449,WH-17,207,343,18,532,0,886.7,Safe
INV-000761,2024-01-21,PRD-0345,WH-16,373,191,249,315,0,38.0,Safe
INV-000762,2024-08-13,PRD-0110,WH-02,1125,258,441,942,0,64.1,Safe
INV-000763,2024-05-23,PRD-0032,WH-13,1147,14,127,1034,0,244.3,Safe
INV-000764,2023-12-16,PRD-0294,WH-10,1473,38,273,1238,0,136.0,Safe
INV-000765,2024-01-20,PRD-0180,WH-09,1026,305,548,783,0,42.9,Safe
INV-000766,2023-05-09,PRD-0133,WH-17,455,372,147,680,0,138.8,Safe
INV-000767,2023-03-26,PRD-0041,WH-08,948,428,364,1012,0,83.4,Safe
INV-000768,2023-04-17,PRD-0164,WH-10,899,249,87,1061,0,365.9,Safe
INV-000769,2023-07-08,PRD-0400,WH-17,778,81,178,681,0,114.8,Safe
INV-000770,2024-01-06,PRD-0066,WH-08,1150,288,119,1319,0,332.5,Safe
INV-000771,2024-03-11,PRD-0298,WH-05,6,11,16,1,0,1.9,Critical
INV-000772,2023-04-03,PRD-0034,WH-15,1638,331,339,1630,0,144.2,Safe
INV-000773,2023-03-31,PRD-0352,WH-06,675,81,518,238,0,13.8,Warning
INV-000774,2024-02-26,PRD-0452,WH-08,1012,462,403,1071,0,79.7,Safe
INV-000775,2023-06-04,PRD-0087,WH-01,1564,65,169,1460,0,259.2,Safe
INV-000776,2023-12-11,PRD-0295,WH-03,889,301,532,658,0,37.1,Safe
INV-000777,2023-06-25,PRD-0310,WH-03,1059,456,432,1083,0,75.2,Safe
INV-000778,2024-01-26,PRD-0391,WH-16,1515,463,563,1415,0,75.4,Safe
INV-000779,2023-07-19,PRD-0262,WH-15,1144,458,562,1040,0,55.5,Safe
INV-000780,2023-07-30,PRD-0359,WH-10,1494,484,259,1719,0,199.1,Safe
INV-000781,2024-03-08,PRD-0366,WH-03,730,134,370,494,0,40.1,Safe
INV-000782,2024-09-29,PRD-0156,WH-01,315,27,74,268,0,108.6,Safe
INV-000783,2024-08-27,PRD-0371,WH-02,1128,138,578,688,0,35.7,Safe
INV-000784,2024-04-27,PRD-0143,WH-16,347,273,464,156,0,10.1,Warning
INV-000785,2023-01-30,PRD-0484,WH-12,455,195,408,242,0,17.8,Safe
INV-000786,2024-07-28,PRD-0197,WH-10,911,63,252,722,0,86.0,Safe
INV-000787,2023-09-08,PRD-0103,WH-02,986,136,196,926,0,141.7,Safe
INV-000788,2024-02-04,PRD-0301,WH-12,1340,109,231,1218,0,158.2,Safe
INV-000789,2023-01-03,PRD-0104,WH-17,159,190,99,250,0,75.8,Safe
INV-000790,2023-12-10,PRD-0252,WH-07,711,486,524,673,0,38.5,Safe
INV-000791,2023-09-26,PRD-0015,WH-02,1554,333,220,1667,0,227.3,Safe
INV-000792,2023-11-02,PRD-0187,WH-17,834,385,586,633,0,32.4,Safe
INV-000793,2024-03-15,PRD-0335,WH-03,852,465,497,820,0,49.5,Safe
INV-000794,2023-04-03,PRD-0334,WH-09,923,8,297,634,0,64.0,Safe
INV-000795,2024-06-24,PRD-0185,WH-14,1079,161,318,922,0,87.0,Safe
INV-000796,2024-02-19,PRD-0276,WH-11,554,15,278,291,0,31.4,Safe
INV-000797,2024-09-12,PRD-0269,WH-15,799,301,73,1027,0,422.1,Safe
INV-000798,2024-07-03,PRD-0072,WH-15,994,194,393,795,0,60.7,Safe
INV-000799,2023-10-10,PRD-0354,WH-15,1294,78,583,789,0,40.6,Safe
INV-000800,2023-10-01,PRD-0443,WH-15,1626,147,555,1218,0,65.8,Safe
INV-000801,2023-07-20,PRD-0210,WH-20,1988,437,42,2383,0,999.0,Safe
INV-000802,2024-04-27,PRD-0197,WH-03,1885,213,384,1714,0,133.9,Safe
INV-000803,2023-11-20,PRD-0021,WH-20,486,75,96,465,0,145.3,Safe
INV-000804,2024-06-09,PRD-0237,WH-14,273,194,208,259,0,37.4,Safe
INV-000805,2024-05-28,PRD-0070,WH-08,889,332,135,1086,0,241.3,Safe
INV-000806,2024-07-08,PRD-0134,WH-19,1180,439,406,1213,0,89.6,Safe
INV-000807,2024-07-18,PRD-0135,WH-15,405,15,306,114,0,11.2,Warning
INV-000808,2023-12-03,PRD-0468,WH-08,65,224,47,242,0,154.5,Safe
INV-000809,2023-05-03,PRD-0230,WH-15,307,234,173,368,0,63.8,Safe
INV-000810,2024-09-24,PRD-0489,WH-03,1920,107,562,1465,0,78.2,Safe
INV-000811,2023-05-05,PRD-0351,WH-06,937,97,117,917,0,235.1,Safe
INV-000812,2023-04-20,PRD-0319,WH-06,307,173,7,473,0,999.0,Safe
INV-000813,2023-04-16,PRD-0133,WH-03,1485,208,492,1201,0,73.2,Safe
INV-000814,2023-08-07,PRD-0188,WH-01,449,375,69,755,0,328.3,Safe
INV-000815,2023-05-30,PRD-0037,WH-08,537,187,103,621,0,180.9,Safe
INV-000816,2023-09-10,PRD-0107,WH-07,1275,456,419,1312,0,93.9,Safe
INV-000817,2023-07-05,PRD-0157,WH-12,1403,321,165,1559,0,283.5,Safe
INV-000818,2024-05-28,PRD-0407,WH-18,1058,156,74,1140,0,462.2,Safe
INV-000819,2024-05-25,PRD-0406,WH-18,314,152,345,121,0,10.5,Warning
INV-000820,2023-03-16,PRD-0115,WH-17,1115,97,86,1126,0,392.8,Safe
INV-000821,2024-08-21,PRD-0240,WH-19,445,395,449,391,0,26.1,Safe
INV-000822,2023-04-18,PRD-0059,WH-03,1434,465,307,1592,0,155.6,Safe
INV-000823,2023-09-24,PRD-0133,WH-14,591,448,583,456,0,23.5,Safe
INV-000824,2024-07-25,PRD-0468,WH-09,1894,397,551,1740,0,94.7,Safe
INV-000825,2024-07-21,PRD-0444,WH-13,605,238,436,407,0,28.0,Safe
INV-000826,2023-07-22,PRD-0452,WH-10,21,269,241,49,0,6.1,Critical
INV-000827,2023-11-05,PRD-0321,WH-20,799,60,203,656,0,96.9,Safe
INV-000828,2024-08-29,PRD-0126,WH-10,1327,12,388,951,0,73.5,Safe
INV-000829,2024-04-13,PRD-0113,WH-04,420,30,134,316,0,70.7,Safe
INV-000830,2023-03-17,PRD-0169,WH-17,210,338,104,444,0,128.1,Safe
INV-000831,2023-03-13,PRD-0461,WH-11,701,417,424,694,0,49.1,Safe
INV-000832,2024-08-07,PRD-0185,WH-12,953,61,56,958,0,513.2,Safe
INV-000833,2023-11-27,PRD-0363,WH-05,794,174,475,493,0,31.1,Safe
INV-000834,2023-02-14,PRD-0239,WH-10,1021,134,190,965,0,152.4,Safe
INV-000835,2023-03-10,PRD-0149,WH-05,642,305,193,754,0,117.2,Safe
INV-000836,2024-06-05,PRD-0309,WH-09,1287,173,382,1078,0,84.7,Safe
INV-000837,2023-08-17,PRD-0029,WH-04,475,103,90,488,0,162.7,Safe
INV-000838,2023-02-04,PRD-0216,WH-15,1626,206,127,1705,0,402.8,Safe
INV-000839,2023-10-30,PRD-0494,WH-14,213,405,415,203,0,14.7,Safe
INV-000840,2023-05-29,PRD-0316,WH-07,1823,64,260,1627,0,187.7,Safe
INV-000841,2023-04-15,PRD-0118,WH-12,1189,102,93,1198,0,386.5,Safe
INV-000842,2023-11-29,PRD-0442,WH-18,1013,415,297,1131,0,114.2,Safe
INV-000843,2023-03-23,PRD-0498,WH-10,1216,462,103,1575,0,458.7,Safe
INV-000844,2023-02-15,PRD-0496,WH-05,666,422,12,1076,0,999.0,Safe
INV-000845,2024-09-22,PRD-0296,WH-08,1604,341,201,1744,0,260.3,Safe
INV-000846,2024-09-07,PRD-0475,WH-15,905,158,529,534,0,30.3,Safe
INV-000847,2023-10-14,PRD-0282,WH-08,195,451,17,629,0,999.0,Safe
INV-000848,2023-11-07,PRD-0049,WH-18,918,196,174,940,0,162.1,Safe
INV-000849,2023-10-13,PRD-0058,WH-19,491,297,86,702,0,244.9,Safe
INV-000850,2023-08-19,PRD-0425,WH-19,1003,81,503,581,0,34.7,Safe
INV-000851,2023-01-14,PRD-0173,WH-16,1875,365,385,1855,0,144.5,Safe
INV-000852,2024-09-29,PRD-0168,WH-10,1947,490,205,2232,0,326.6,Safe
INV-000853,2023-04-10,PRD-0410,WH-06,402,58,279,181,0,19.5,Safe
INV-000854,2024-08-03,PRD-0276,WH-18,1304,413,450,1267,0,84.5,Safe
INV-000855,2023-04-04,PRD-0023,WH-19,378,116,143,351,0,73.6,Safe
INV-000856,2023-01-09,PRD-0333,WH-12,304,375,530,149,0,8.4,Warning
INV-000857,2023-10-14,PRD-0153,WH-02,1648,187,40,1795,0,999.0,Safe
INV-000858,2023-05-20,PRD-0259,WH-03,540,350,71,819,0,346.1,Safe
INV-000859,2023-05-09,PRD-0202,WH-20,1790,20,518,1292,0,74.8,Safe
INV-000860,2024-09-21,PRD-0125,WH-15,145,168,254,59,0,7.0,Warning
INV-000861,2024-06-12,PRD-0241,WH-10,188,346,200,334,0,50.1,Safe
INV-000862,2023-01-20,PRD-0090,WH-17,1632,238,490,1380,0,84.5,Safe
INV-000863,2023-08-30,PRD-0315,WH-19,1630,86,481,1235,0,77.0,Safe
INV-000864,2024-02-12,PRD-0402,WH-20,571,174,180,565,0,94.2,Safe
INV-000865,2024-07-15,PRD-0292,WH-08,1342,472,146,1668,0,342.7,Safe
INV-000866,2023-12-17,PRD-0340,WH-04,376,338,496,218,0,13.2,Warning
INV-000867,2023-06-01,PRD-0060,WH-16,1842,483,538,1787,0,99.6,Safe
INV-000868,2023-07-01,PRD-0014,WH-08,456,150,224,382,0,51.2,Safe
INV-000869,2023-08-16,PRD-0305,WH-01,773,311,165,919,0,167.1,Safe
INV-000870,2024-05-10,PRD-0089,WH-17,89,287,204,172,0,25.3,Safe
INV-000871,2023-07-31,PRD-0236,WH-09,767,343,419,691,0,49.5,Safe
INV-000872,2024-07-10,PRD-0322,WH-16,52,330,331,51,0,4.6,Critical
INV-000873,2024-03-06,PRD-0453,WH-12,710,416,291,835,0,86.1,Safe
INV-000874,2023-08-13,PRD-0036,WH-10,1864,242,525,1581,0,90.3,Safe
INV-000875,2024-01-08,PRD-0196,WH-20,995,79,163,911,0,167.7,Safe
INV-000876,2023-06-27,PRD-0125,WH-02,498,465,373,590,0,47.5,Safe
INV-000877,2023-08-30,PRD-0355,WH-06,178,48,82,144,0,52.7,Safe
INV-000878,2024-04-04,PRD-0451,WH-18,951,25,203,773,0,114.2,Safe
INV-000879,2023-11-23,PRD-0043,WH-16,709,216,497,428,0,25.8,Safe
INV-000880,2023-03-10,PRD-0424,WH-01,1657,402,518,1541,0,89.2,Safe
INV-000881,2023-06-05,PRD-0067,WH-15,338,400,249,489,0,58.9,Safe
INV-000882,2023-10-18,PRD-0488,WH-14,1442,305,573,1174,0,61.5,Safe
INV-000883,2023-06-29,PRD-0330,WH-08,601,59,257,403,0,47.0,Safe
INV-000884,2024-08-08,PRD-0333,WH-09,1867,459,151,2175,0,432.1,Safe
INV-000885,2023-02-15,PRD-0482,WH-15,1474,216,306,1384,0,135.7,Safe
INV-000886,2024-07-28,PRD-0482,WH-07,1048,46,100,994,0,298.2,Safe
INV-000887,2024-02-25,PRD-0209,WH-18,675,145,31,789,0,763.5,Safe
INV-000888,2024-04-12,PRD-0094,WH-04,306,214,76,444,0,175.3,Safe
INV-000889,2023-10-10,PRD-0326,WH-04,1523,17,249,1291,0,155.5,Safe
INV-000890,2024-06-21,PRD-0298,WH-14,1501,494,138,1857,0,403.7,Safe
INV-000891,2023-08-20,PRD-0088,WH-06,1882,212,376,1718,0,137.1,Safe
INV-000892,2023-05-06,PRD-0009,WH-08,679,368,358,689,0,57.7,Safe
INV-000893,2023-07-31,PRD-0440,WH-05,1910,324,468,1766,0,113.2,Safe
INV-000894,2023-09-13,PRD-0281,WH-03,841,77,271,647,0,71.6,Safe
INV-000895,2024-04-06,PRD-0443,WH-18,1711,479,415,1775,0,128.3,Safe
INV-000896,2024-05-12,PRD-0339,WH-20,1322,311,169,1464,0,259.9,Safe
INV-000897,2023-02-25,PRD-0405,WH-10,1778,344,327,1795,0,164.7,Safe
INV-000898,2023-04-28,PRD-0020,WH-06,1752,213,32,1933,0,999.0,Safe
INV-000899,2023-03-24,PRD-0282,WH-02,365,250,138,477,0,103.7,Safe
INV-000900,2024-01-03,PRD-0493,WH-08,468,239,295,412,0,41.9,Safe
INV-000901,2023-01-05,PRD-0376,WH-14,580,410,522,468,0,26.9,Safe
INV-000902,2024-08-23,PRD-0470,WH-17,1916,388,476,1828,0,115.2,Safe
INV-000903,2023-02-02,PRD-0356,WH-02,1864,253,275,1842,0,200.9,Safe
INV-000904,2023-01-04,PRD-0366,WH-09,331,43,100,274,0,82.2,Safe
INV-000905,2023-01-14,PRD-0208,WH-03,1720,77,442,1355,0,92.0,Safe
INV-000906,2024-07-09,PRD-0362,WH-10,297,219,189,327,0,51.9,Safe
INV-000907,2024-05-13,PRD-0342,WH-07,202,146,241,107,0,13.3,Warning
INV-000908,2023-06-22,PRD-0177,WH-13,76,8,84,0,1,0.0,Critical
INV-000909,2023-06-28,PRD-0470,WH-06,370,499,251,618,0,73.9,Safe
INV-000910,2023-12-12,PRD-0449,WH-01,1797,395,456,1736,0,114.2,Safe
INV-000911,2024-02-17,PRD-0165,WH-08,250,105,270,85,0,9.4,Warning
INV-000912,2024-04-19,PRD-0480,WH-05,748,187,19,916,0,999.0,Safe
INV-000913,2024-04-21,PRD-0265,WH-09,1820,203,285,1738,0,182.9,Safe
INV-000914,2023-06-07,PRD-0053,WH-03,892,317,193,1016,0,157.9,Safe
INV-000915,2024-02-07,PRD-0030,WH-12,1382,465,405,1442,0,106.8,Safe
INV-000916,2024-05-31,PRD-0355,WH-07,244,20,161,103,0,19.2,Safe
INV-000917,2024-05-04,PRD-0230,WH-18,923,429,111,1241,0,335.4,Safe
INV-000918,2024-02-10,PRD-0500,WH-01,1651,466,213,1904,0,268.2,Safe
INV-000919,2023-11-12,PRD-0012,WH-11,1427,291,391,1327,0,101.8,Safe
INV-000920,2023-05-10,PRD-0497,WH-20,979,143,316,806,0,76.5,Safe
INV-000921,2024-06-23,PRD-0129,WH-10,1410,190,367,1233,0,100.8,Safe
INV-000922,2023-04-04,PRD-0104,WH-02,688,39,234,493,0,63.2,Safe
INV-000923,2023-11-10,PRD-0220,WH-19,1136,312,88,1360,0,463.6,Safe
INV-000924,2023-02-24,PRD-0128,WH-17,802,255,373,684,0,55.0,Safe
INV-000925,2023-11-28,PRD-0393,WH-15,609,347,81,875,0,324.1,Safe
INV-000926,2023-03-13,PRD-0491,WH-14,817,150,434,533,0,36.8,Safe
INV-000927,2023-04-16,PRD-0090,WH-13,1653,37,305,1385,0,136.2,Safe
INV-000928,2023-08-18,PRD-0212,WH-17,1795,375,374,1796,0,144.1,Safe
INV-000929,2023-04-09,PRD-0087,WH-18,2000,189,561,1628,0,87.1,Safe
INV-000930,2023-09-14,PRD-0465,WH-19,1285,303,419,1169,0,83.7,Safe
INV-000931,2024-07-23,PRD-0454,WH-11,957,454,531,880,0,49.7,Safe
INV-000932,2024-06-09,PRD-0260,WH-18,1909,430,49,2290,0,999.0,Safe
INV-000933,2024-07-03,PRD-0335,WH-09,1820,168,418,1570,0,112.7,Safe
INV-000934,2023-12-20,PRD-0073,WH-10,1556,170,102,1624,0,477.6,Safe
INV-000935,2023-03-14,PRD-0479,WH-16,1258,77,295,1040,0,105.8,Safe
INV-000936,2024-01-07,PRD-0254,WH-08,314,222,252,284,0,33.8,Safe
INV-000937,2024-01-28,PRD-0465,WH-12,386,378,372,392,0,31.6,Safe
INV-000938,2024-02-07,PRD-0348,WH-04,1319,369,600,1088,0,54.4,Safe
INV-000939,2024-07-25,PRD-0171,WH-12,1648,305,160,1793,0,336.2,Safe
INV-000940,2024-03-28,PRD-0304,WH-15,709,346,150,905,0,181.0,Safe
INV-000941,2023-04-25,PRD-0386,WH-10,1355,356,92,1619,0,527.9,Safe
INV-000942,2024-02-29,PRD-0048,WH-20,1317,157,382,1092,0,85.8,Safe
INV-000943,2024-08-25,PRD-0114,WH-09,1548,331,95,1784,0,563.4,Safe
INV-000944,2023-05-09,PRD-0067,WH-17,592,441,210,823,0,117.6,Safe
INV-000945,2024-06-10,PRD-0104,WH-17,795,197,47,945,0,603.2,Safe
INV-000946,2023-11-09,PRD-0375,WH-17,954,474,474,954,0,60.4,Safe
INV-000947,2023-07-19,PRD-0276,WH-14,399,205,220,384,0,52.4,Safe
INV-000948,2023-06-05,PRD-0064,WH-04,1544,299,53,1790,0,999.0,Safe
INV-000949,2024-07-08,PRD-0072,WH-04,1134,177,346,965,0,83.7,Safe
INV-000950,2023-07-11,PRD-0039,WH-11,38,317,332,23,0,2.1,Critical
INV-000951,2024-05-31,PRD-0303,WH-09,1782,26,429,1379,0,96.4,Safe
INV-000952,2023-01-07,PRD-0118,WH-17,1806,145,435,1516,0,104.6,Safe
INV-000953,2023-10-28,PRD-0147,WH-09,714,473,76,1111,0,438.6,Safe
INV-000954,2023-01-15,PRD-0434,WH-14,1787,328,486,1629,0,100.6,Safe
INV-000955,2023-03-12,PRD-0330,WH-10,709,151,355,505,0,42.7,Safe
INV-000956,2024-09-23,PRD-0308,WH-09,1415,226,111,1530,0,413.5,Safe
INV-000957,2023-03-15,PRD-0361,WH-03,484,493,257,720,0,84.0,Safe
INV-000958,2023-05-22,PRD-0129,WH-05,1574,119,392,1301,0,99.6,Safe
INV-000959,2023-08-27,PRD-0334,WH-15,29,114,96,47,0,14.7,Safe
INV-000960,2023-07-27,PRD-0420,WH-08,1220,325,369,1176,0,95.6,Safe
INV-000961,2023-06-29,PRD-0459,WH-14,1904,464,230,2138,0,278.9,Safe
INV-000962,2023-08-25,PRD-0307,WH-05,367,24,336,55,0,4.9,Critical
INV-000963,2023-01-22,PRD-0289,WH-06,1002,428,157,1273,0,243.2,Safe
INV-000964,2023-08-31,PRD-0348,WH-04,208,334,267,275,0,30.9,Safe
INV-000965,2023-06-19,PRD-0220,WH-13,635,312,51,896,0,527.1,Safe
INV-000966,2023-12-21,PRD-0023,WH-01,399,449,350,498,0,42.7,Safe
INV-000967,2023-03-03,PRD-0046,WH-13,1612,251,29,1834,0,999.0,Safe
INV-000968,2023-04-30,PRD-0475,WH-06,996,139,44,1091,0,743.9,Safe
INV-000969,2024-08-20,PRD-0212,WH-06,226,166,4,388,0,999.0,Safe
INV-000970,2024-03-14,PRD-0173,WH-08,1334,17,39,1312,0,999.0,Safe
INV-000971,2023-12-21,PRD-0393,WH-17,100,285,187,198,0,31.8,Safe
INV-000972,2023-02-06,PRD-0120,WH-04,1963,174,352,1785,0,152.1,Safe
INV-000973,2023-03-22,PRD-0326,WH-03,305,463,219,549,0,75.2,Safe
INV-000974,2023-06-12,PRD-0159,WH-07,1743,99,229,1613,0,211.3,Safe
INV-000975,2024-02-22,PRD-0313,WH-14,732,5,306,431,0,42.3,Safe
INV-000976,2024-06-27,PRD-0148,WH-16,1548,190,498,1240,0,74.7,Safe
INV-000977,2023-10-07,PRD-0103,WH-08,1029,378,596,811,0,40.8,Safe
INV-000978,2024-02-27,PRD-0244,WH-02,131,116,223,24,0,3.2,Critical
INV-000979,2023-07-09,PRD-0077,WH-13,1579,136,190,1525,0,240.8,Safe
INV-000980,2024-03-28,PRD-0107,WH-15,1081,178,365,894,0,73.5,Safe
INV-000981,2023-07-15,PRD-0466,WH-08,1594,384,303,1675,0,165.8,Safe
INV-000982,2024-04-13,PRD-0382,WH-08,1701,149,223,1627,0,218.9,Safe
INV-000983,2023-11-08,PRD-0039,WH-03,1053,0,174,879,0,151.6,Safe
INV-000984,2023-05-09,PRD-0074,WH-09,252,149,124,277,0,67.0,Safe
INV-000985,2023-08-15,PRD-0213,WH-01,401,381,522,260,0,14.9,Safe
INV-000986,2023-12-30,PRD-0033,WH-17,1251,466,444,1273,0,86.0,Safe
INV-000987,2024-04-05,PRD-0191,WH-08,1288,24,202,1110,0,164.9,Safe
INV-000988,2023-09-11,PRD-0067,WH-20,773,214,383,604,0,47.3,Safe
INV-000989,2024-06-29,PRD-0057,WH-11,1987,132,392,1727,0,132.2,Safe
INV-000990,2024-02-19,PRD-0326,WH-18,456,167,295,328,0,33.4,Safe
INV-000991,2023-11-05,PRD-0031,WH-04,519,446,385,580,0,45.2,Safe
INV-000992,2023-09-05,PRD-0316,WH-09,1744,221,439,1526,0,104.3,Safe
INV-000993,2023-08-08,PRD-0482,WH-15,70,117,102,85,0,25.0,Safe
INV-000994,2024-01-20,PRD-0011,WH-06,794,186,64,916,0,429.4,Safe
INV-000995,2024-02-11,PRD-0355,WH-11,468,292,297,463,0,46.8,Safe
INV-000996,2023-03-14,PRD-0027,WH-10,1925,273,424,1774,0,125.5,Safe
INV-000997,2023-07-31,PRD-0455,WH-02,958,42,432,568,0,39.4,Safe
INV-000998,2024-05-19,PRD-0201,WH-02,501,26,136,391,0,86.2,Safe
INV-000999,2023-09-05,PRD-0191,WH-11,1928,462,309,2081,0,202.0,Safe
INV-001000,2024-08-03,PRD-0120,WH-01,1802,275,292,1785,0,183.4,Safe
INV-001001,2023-04-16,PRD-0478,WH-13,152,455,28,579,0,620.4,Safe
INV-001002,2023-03-13,PRD-0060,WH-10,1656,456,261,1851,0,212.8,Safe
INV-001003,2023-12-20,PRD-0107,WH-17,687,399,374,712,0,57.1,Safe
INV-001004,2024-04-14,PRD-0336,WH-17,562,350,92,820,0,267.4,Safe
INV-001005,2023-03-22,PRD-0052,WH-17,1163,267,415,1015,0,73.4,Safe
INV-001006,2023-06-13,PRD-0490,WH-11,1163,339,57,1445,0,760.5,Safe
INV-001007,2023-11-30,PRD-0475,WH-05,1289,186,563,912,0,48.6,Safe
INV-001008,2024-01-15,PRD-0130,WH-01,336,446,204,578,0,85.0,Safe
INV-001009,2024-05-22,PRD-0338,WH-02,790,167,241,716,0,89.1,Safe
INV-001010,2023-09-20,PRD-0114,WH-14,1333,365,557,1141,0,61.5,Safe
INV-001011,2023-02-24,PRD-0479,WH-06,1722,276,551,1447,0,78.8,Safe
INV-001012,2023-01-08,PRD-0028,WH-20,236,111,252,95,0,11.3,Warning
INV-001013,2023-11-07,PRD-0226,WH-03,475,270,421,324,0,23.1,Safe
INV-001014,2024-09-08,PRD-0327,WH-02,1239,146,365,1020,0,83.8,Safe
INV-001015,2023-02-02,PRD-0072,WH-05,1376,203,18,1561,0,999.0,Safe
INV-001016,2023-04-24,PRD-0383,WH-07,1388,461,449,1400,0,93.5,Safe
INV-001017,2023-11-13,PRD-0471,WH-15,1666,16,597,1085,0,54.5,Safe
INV-001018,2023-11-19,PRD-0102,WH-19,1046,35,584,497,0,25.5,Safe
INV-001019,2023-04-27,PRD-0301,WH-01,476,140,418,198,0,14.2,Safe
INV-001020,2024-02-14,PRD-0118,WH-02,96,161,182,75,0,12.4,Warning
INV-001021,2023-09-05,PRD-0395,WH-03,602,400,201,801,0,119.6,Safe
INV-001022,2024-08-27,PRD-0368,WH-20,896,340,554,682,0,36.9,Safe
INV-001023,2023-09-27,PRD-0129,WH-20,1229,198,94,1333,0,425.4,Safe
INV-001024,2024-04-27,PRD-0478,WH-06,1191,407,257,1341,0,156.5,Safe
INV-001025,2024-08-10,PRD-0082,WH-09,773,84,392,465,0,35.6,Safe
INV-001026,2024-01-26,PRD-0478,WH-10,513,13,155,371,0,71.8,Safe
INV-001027,2024-07-14,PRD-0083,WH-18,576,381,403,554,0,41.2,Safe
INV-001028,2023-09-13,PRD-0150,WH-10,1915,296,28,2183,0,999.0,Safe
INV-001029,2024-05-16,PRD-0307,WH-15,756,430,66,1120,0,509.1,Safe
INV-001030,2024-07-25,PRD-0203,WH-02,662,331,198,795,0,120.5,Safe
INV-001031,2023-11-22,PRD-0392,WH-08,1389,342,241,1490,0,185.5,Safe
INV-001032,2023-07-24,PRD-0089,WH-20,1927,64,146,1845,0,379.1,Safe
INV-001033,2023-05-14,PRD-0230,WH-13,1095,137,422,810,0,57.6,Safe
INV-001034,2024-02-15,PRD-0170,WH-01,548,263,223,588,0,79.1,Safe
INV-001035,2023-08-02,PRD-0256,WH-05,1557,30,65,1522,0,702.5,Safe
INV-001036,2024-03-25,PRD-0195,WH-16,1309,212,138,1383,0,300.7,Safe
INV-001037,2024-08-03,PRD-0217,WH-08,1186,363,526,1023,0,58.3,Safe
INV-001038,2024-04-29,PRD-0185,WH-03,1243,162,93,1312,0,423.2,Safe
INV-001039,2024-05-22,PRD-0302,WH-15,1552,408,594,1366,0,69.0,Safe
INV-001040,2023-02-02,PRD-0009,WH-13,418,325,292,451,0,46.3,Safe
INV-001041,2023-03-04,PRD-0184,WH-02,1822,194,404,1612,0,119.7,Safe
INV-001042,2023-08-11,PRD-0379,WH-05,751,6,143,614,0,128.8,Safe
INV-001043,2023-08-10,PRD-0154,WH-01,1163,45,43,1165,0,812.8,Safe
INV-001044,2024-09-08,PRD-0490,WH-06,776,114,96,794,0,248.1,Safe
INV-001045,2023-09-28,PRD-0189,WH-01,41,153,0,194,0,999.0,Safe
INV-001046,2023-09-12,PRD-0335,WH-20,515,130,43,602,0,420.0,Safe
INV-001047,2024-03-05,PRD-0392,WH-06,636,58,461,233,0,15.2,Safe
INV-001048,2024-06-21,PRD-0098,WH-19,257,341,496,102,0,6.2,Critical
INV-001049,2023-09-29,PRD-0237,WH-19,910,483,294,1099,0,112.1,Safe
INV-001050,2023-02-24,PRD-0203,WH-11,1571,312,486,1397,0,86.2,Safe
INV-001051,2023-11-01,PRD-0294,WH-18,1487,103,248,1342,0,162.3,Safe
INV-001052,2023-12-03,PRD-0188,WH-02,1066,206,462,810,0,52.6,Safe
INV-001053,2023-04-25,PRD-0382,WH-10,171,408,487,92,0,5.7,Critical
INV-001054,2023-05-08,PRD-0144,WH-01,1091,405,275,1221,0,133.2,Safe
INV-001055,2024-03-04,PRD-0032,WH-15,1708,108,476,1340,0,84.5,Safe
INV-001056,2024-03-06,PRD-0022,WH-12,1136,340,233,1243,0,160.0,Safe
INV-001057,2024-05-01,PRD-0123,WH-17,705,89,24,770,0,962.5,Safe
INV-001058,2023-12-27,PRD-0362,WH-13,89,0,1,88,0,999.0,Safe
INV-001059,2024-01-30,PRD-0104,WH-13,1473,337,541,1269,0,70.4,Safe
INV-001060,2023-04-21,PRD-0318,WH-11,888,187,333,742,0,66.8,Safe
INV-001061,2023-09-16,PRD-0061,WH-09,61,403,340,124,0,10.9,Warning
INV-001062,2023-10-15,PRD-0129,WH-04,1156,324,312,1168,0,112.3,Safe
INV-001063,2024-04-19,PRD-0132,WH-03,1436,137,144,1429,0,297.7,Safe
INV-001064,2023-12-12,PRD-0011,WH-15,1891,425,470,1846,0,117.8,Safe
INV-001065,2024-02-01,PRD-0301,WH-15,385,29,98,316,0,96.7,Safe
INV-001066,2023-01-24,PRD-0371,WH-14,1600,36,172,1464,0,255.3,Safe
INV-001067,2024-07-27,PRD-0060,WH-15,1850,40,223,1667,0,224.3,Safe
INV-001068,2024-07-18,PRD-0270,WH-14,1907,462,278,2091,0,225.6,Safe
INV-001069,2023-06-15,PRD-0435,WH-10,622,226,583,265,0,13.6,Warning
INV-001070,2023-05-10,PRD-0090,WH-19,1211,347,348,1210,0,104.3,Safe
INV-001071,2023-06-07,PRD-0250,WH-10,1328,400,5,1723,0,999.0,Safe
INV-001072,2023-01-23,PRD-0317,WH-09,1310,303,460,1153,0,75.2,Safe
INV-001073,2023-05-26,PRD-0402,WH-07,176,94,175,95,0,16.3,Safe
INV-001074,2023-01-19,PRD-0351,WH-12,1310,83,388,1005,0,77.7,Safe
INV-001075,2023-12-26,PRD-0454,WH-16,1010,337,416,931,0,67.1,Safe
INV-001076,2023-08-21,PRD-0140,WH-11,579,245,557,267,0,14.4,Safe
INV-001077,2023-08-17,PRD-0099,WH-02,1076,140,331,885,0,80.2,Safe
INV-001078,2024-08-10,PRD-0474,WH-03,1663,353,125,1891,0,453.8,Safe
INV-001079,2024-09-07,PRD-0409,WH-09,813,333,242,904,0,112.1,Safe
INV-001080,2024-07-04,PRD-0032,WH-10,1101,153,577,677,0,35.2,Safe
INV-001081,2024-05-30,PRD-0010,WH-06,867,92,350,609,0,52.2,Safe
INV-001082,2024-09-16,PRD-0425,WH-06,1887,354,4,2237,0,999.0,Safe
INV-001083,2023-12-21,PRD-0187,WH-15,764,189,578,375,0,19.5,Safe
INV-001084,2024-03-02,PRD-0494,WH-13,638,174,137,675,0,147.8,Safe
INV-001085,2024-01-12,PRD-0052,WH-17,1523,359,375,1507,0,120.6,Safe
INV-001086,2024-01-08,PRD-0113,WH-01,1647,116,560,1203,0,64.4,Safe
INV-001087,2023-05-07,PRD-0260,WH-03,951,114,447,618,0,41.5,Safe
INV-001088,2023-08-26,PRD-0152,WH-07,189,45,127,107,0,25.3,Safe
INV-001089,2023-04-05,PRD-0283,WH-16,1461,364,362,1463,0,121.2,Safe
INV-001090,2023-08-04,PRD-0294,WH-18,1538,130,162,1506,0,278.9,Safe
INV-001091,2023-12-11,PRD-0169,WH-06,901,231,342,790,0,69.3,Safe
INV-001092,2023-05-28,PRD-0079,WH-17,1323,326,363,1286,0,106.3,Safe
INV-001093,2023-02-18,PRD-0422,WH-05,1338,327,100,1565,0,469.5,Safe
INV-001094,2024-04-25,PRD-0497,WH-07,300,152,297,155,0,15.7,Safe
INV-001095,2023-12-14,PRD-0165,WH-13,1499,305,50,1754,0,999.0,Safe
INV-001096,2024-01-15,PRD-0343,WH-20,886,5,3,888,0,999.0,Safe
INV-001097,2024-01-11,PRD-0274,WH-12,1313,245,227,1331,0,175.9,Safe
INV-001098,2024-05-02,PRD-0091,WH-03,1144,387,209,1322,0,189.8,Safe
INV-001099,2024-06-25,PRD-0451,WH-13,1064,365,189,1240,0,196.8,Safe
INV-001100,2023-07-31,PRD-0194,WH-15,501,81,255,327,0,38.5,Safe
INV-001101,2024-09-23,PRD-0136,WH-08,652,147,176,623,0,106.2,Safe
INV-001102,2024-01-14,PRD-0416,WH-16,1309,415,410,1314,0,96.1,Safe
INV-001103,2023-12-25,PRD-0471,WH-06,1319,202,535,986,0,55.3,Safe
INV-001104,2024-09-21,PRD-0220,WH-04,1705,53,43,1715,0,999.0,Safe
INV-001105,2023-11-03,PRD-0122,WH-04,1148,85,301,932,0,92.9,Safe
INV-001106,2023-11-27,PRD-0252,WH-10,640,258,290,608,0,62.9,Safe
INV-001107,2024-09-11,PRD-0375,WH-08,1647,78,378,1347,0,106.9,Safe
INV-001108,2024-04-09,PRD-0083,WH-04,1979,165,346,1798,0,155.9,Safe
INV-001109,2023-05-06,PRD-0291,WH-20,966,15,114,867,0,228.2,Safe
INV-001110,2023-07-22,PRD-0480,WH-07,1391,238,236,1393,0,177.1,Safe
INV-001111,2024-07-25,PRD-0076,WH-18,627,133,476,284,0,17.9,Safe
INV-001112,2023-07-13,PRD-0189,WH-09,1503,74,121,1456,0,361.0,Safe
INV-001113,2023-11-01,PRD-0282,WH-01,3,455,102,356,0,104.7,Safe
INV-001114,2024-08-06,PRD-0495,WH-06,863,370,31,1202,0,999.0,Safe
INV-001115,2024-03-08,PRD-0363,WH-20,464,318,208,574,0,82.8,Safe
INV-001116,2023-08-13,PRD-0235,WH-10,501,59,466,94,0,6.1,Critical
INV-001117,2023-08-20,PRD-0350,WH-13,1573,476,105,1944,0,555.4,Safe
INV-001118,2024-02-02,PRD-0051,WH-13,63,233,258,38,0,4.4,Critical
INV-001119,2023-05-03,PRD-0185,WH-01,1169,424,454,1139,0,75.3,Safe
INV-001120,2024-08-27,PRD-0400,WH-19,871,428,397,902,0,68.2,Safe
INV-001121,2024-01-19,PRD-0454,WH-09,619,254,76,797,0,314.6,Safe
INV-001122,2023-09-23,PRD-0435,WH-10,919,288,49,1158,0,709.0,Safe
INV-001123,2023-12-29,PRD-0291,WH-17,113,486,452,147,0,9.8,Warning
INV-001124,2024-06-09,PRD-0036,WH-18,274,123,117,280,0,71.8,Safe
INV-001125,2023-08-15,PRD-0154,WH-05,926,308,576,658,0,34.3,Safe
INV-001126,2024-01-01,PRD-0198,WH-07,1048,323,235,1136,0,145.0,Safe
INV-001127,2023-05-05,PRD-0110,WH-05,1267,129,574,822,0,43.0,Safe
INV-001128,2023-10-22,PRD-0286,WH-06,1310,319,419,1210,0,86.6,Safe
INV-001129,2024-02-29,PRD-0053,WH-04,663,101,56,708,0,379.3,Safe
INV-001130,2023-01-20,PRD-0030,WH-10,1766,163,442,1487,0,100.9,Safe
INV-001131,2023-02-11,PRD-0366,WH-08,1060,109,354,815,0,69.1,Safe
INV-001132,2024-08-15,PRD-0262,WH-11,1520,426,496,1450,0,87.7,Safe
INV-001133,2023-10-19,PRD-0339,WH-03,1049,248,231,1066,0,138.4,Safe
INV-001134,2023-11-16,PRD-0410,WH-19,1516,48,286,1278,0,134.1,Safe
INV-001135,2023-10-07,PRD-0164,WH-08,1102,92,539,655,0,36.5,Safe
INV-001136,2023-06-02,PRD-0117,WH-16,646,483,113,1016,0,269.7,Safe
INV-001137,2024-01-28,PRD-0263,WH-05,697,142,152,687,0,135.6,Safe
INV-001138,2024-05-31,PRD-0160,WH-06,274,435,526,183,0,10.4,Warning
INV-001139,2023-08-19,PRD-0068,WH-14,1170,197,22,1345,0,999.0,Safe
INV-001140,2023-05-28,PRD-0278,WH-17,119,302,140,281,0,60.2,Safe
INV-001141,2023-07-04,PRD-0019,WH-20,1084,156,238,1002,0,126.3,Safe
INV-001142,2024-06-11,PRD-0198,WH-17,298,477,255,520,0,61.2,Safe
INV-001143,2023-06-19,PRD-0460,WH-16,1323,263,141,1445,0,307.4,Safe
INV-001144,2023-10-05,PRD-0202,WH-08,1713,456,14,2155,0,999.0,Safe
INV-001145,2024-01-27,PRD-0043,WH-04,1777,428,578,1627,0,84.4,Safe
INV-001146,2024-08-31,PRD-0126,WH-05,529,24,16,537,0,999.0,Safe
INV-001147,2023-08-30,PRD-0099,WH-02,1377,50,222,1205,0,162.8,Safe
INV-001148,2024-05-07,PRD-0241,WH-11,459,431,364,526,0,43.4,Safe
INV-001149,2023-06-30,PRD-0033,WH-05,360,447,14,793,0,999.0,Safe
INV-001150,2024-08-03,PRD-0454,WH-20,319,326,175,470,0,80.6,Safe
INV-001151,2024-07-04,PRD-0100,WH-13,1939,230,396,1773,0,134.3,Safe
INV-001152,2024-02-28,PRD-0037,WH-17,476,213,200,489,0,73.3,Safe
INV-001153,2023-02-03,PRD-0099,WH-10,957,360,190,1127,0,177.9,Safe
INV-001154,2023-05-11,PRD-0363,WH-11,638,167,336,469,0,41.9,Safe
INV-001155,2024-03-28,PRD-0284,WH-11,665,281,414,532,0,38.6,Safe
INV-001156,2023-03-05,PRD-0234,WH-17,629,240,387,482,0,37.4,Safe
INV-001157,2023-07-06,PRD-0290,WH-17,592,270,22,840,0,999.0,Safe
INV-001158,2024-02-02,PRD-0418,WH-06,1186,484,564,1106,0,58.8,Safe
INV-001159,2024-06-29,PRD-0359,WH-13,338,389,575,152,0,7.9,Warning
INV-001160,2023-11-22,PRD-0006,WH-03,1941,177,506,1612,0,95.6,Safe
INV-001161,2023-01-13,PRD-0398,WH-16,1132,280,508,904,0,53.4,Safe
INV-001162,2023-06-05,PRD-0419,WH-20,299,442,542,199,0,11.0,Warning
INV-001163,2024-05-12,PRD-0287,WH-03,752,392,358,786,0,65.9,Safe
INV-001164,2023-09-26,PRD-0164,WH-05,233,396,36,593,0,494.2,Safe
INV-001165,2023-04-02,PRD-0010,WH-08,1117,340,527,930,0,52.9,Safe
INV-001166,2024-04-20,PRD-0472,WH-18,236,454,554,136,0,7.4,Warning
INV-001167,2024-09-18,PRD-0088,WH-05,55,376,302,129,0,12.8,Warning
INV-001168,2024-01-24,PRD-0426,WH-20,789,369,274,884,0,96.8,Safe
INV-001169,2024-02-06,PRD-0364,WH-18,1152,183,68,1267,0,559.0,Safe
INV-001170,2023-09-07,PRD-0310,WH-06,1863,240,323,1780,0,165.3,Safe
INV-001171,2024-05-25,PRD-0444,WH-20,167,157,200,124,0,18.6,Safe
INV-001172,2023-08-01,PRD-0214,WH-17,242,493,501,234,0,14.0,Warning
INV-001173,2024-02-25,PRD-0342,WH-06,1034,17,300,751,0,75.1,Safe
INV-001174,2023-02-07,PRD-0497,WH-03,1077,378,581,874,0,45.1,Safe
INV-001175,2023-11-20,PRD-0335,WH-03,221,434,28,627,0,671.8,Safe
INV-001176,2024-05-23,PRD-0497,WH-07,1964,409,196,2177,0,333.2,Safe
INV-001177,2024-04-26,PRD-0435,WH-13,1333,271,312,1292,0,124.2,Safe
INV-001178,2023-10-24,PRD-0216,WH-20,620,399,313,706,0,67.7,Safe
INV-001179,2024-06-16,PRD-0185,WH-12,866,23,407,482,0,35.5,Safe
INV-001180,2024-04-25,PRD-0301,WH-07,1019,156,403,772,0,57.5,Safe
INV-001181,2024-09-29,PRD-0478,WH-20,408,490,296,602,0,61.0,Safe
INV-001182,2023-02-24,PRD-0050,WH-16,445,385,282,548,0,58.3,Safe
INV-001183,2024-04-10,PRD-0476,WH-13,1910,92,14,1988,0,999.0,Safe
INV-001184,2023-12-26,PRD-0389,WH-06,521,222,322,421,0,39.2,Safe
INV-001185,2023-08-24,PRD-0223,WH-06,588,397,406,579,0,42.8,Safe
INV-001186,2024-07-02,PRD-0445,WH-14,543,403,453,493,0,32.6,Safe
INV-001187,2023-11-09,PRD-0142,WH-03,1322,393,101,1614,0,479.4,Safe
INV-001188,2023-05-14,PRD-0256,WH-06,160,441,373,228,0,18.3,Safe
INV-001189,2023-08-29,PRD-0328,WH-20,273,377,409,241,0,17.7,Safe
INV-001190,2023-06-15,PRD-0007,WH-09,552,183,335,400,0,35.8,Safe
INV-001191,2023-05-16,PRD-0145,WH-10,1738,460,513,1685,0,98.5,Safe
INV-001192,2023-07-22,PRD-0210,WH-11,856,152,4,1004,0,999.0,Safe
INV-001193,2024-08-05,PRD-0139,WH-16,576,429,426,579,0,40.8,Safe
INV-001194,2024-03-10,PRD-0186,WH-09,603,220,328,495,0,45.3,Safe
INV-001195,2023-03-16,PRD-0195,WH-12,761,500,261,1000,0,114.9,Safe
INV-001196,2024-01-22,PRD-0136,WH-08,632,44,456,220,0,14.5,Safe
INV-001197,2023-01-25,PRD-0100,WH-10,1302,385,477,1210,0,76.1,Safe
INV-001198,2023-08-07,PRD-0129,WH-19,1048,384,568,864,0,45.6,Safe
INV-001199,2023-02-01,PRD-0291,WH-14,294,328,484,138,0,8.6,Warning
INV-001200,2024-04-06,PRD-0351,WH-07,34,154,23,165,0,215.2,Safe
INV-001201,2023-11-05,PRD-0126,WH-03,1796,4,367,1433,0,117.1,Safe
INV-001202,2024-06-09,PRD-0168,WH-02,1530,154,104,1580,0,455.8,Safe
INV-001203,2023-08-04,PRD-0036,WH-01,532,11,55,488,0,266.2,Safe
INV-001204,2024-03-24,PRD-0338,WH-06,1138,313,401,1050,0,78.6,Safe
INV-001205,2024-05-31,PRD-0301,WH-11,1793,207,227,1773,0,234.3,Safe
INV-001206,2023-06-25,PRD-0110,WH-11,890,190,194,886,0,137.0,Safe
INV-001207,2024-08-24,PRD-0117,WH-04,1352,353,504,1201,0,71.5,Safe
INV-001208,2024-06-10,PRD-0468,WH-10,893,293,350,836,0,71.7,Safe
INV-001209,2023-07-05,PRD-0355,WH-05,812,443,573,682,0,35.7,Safe
INV-001210,2024-07-12,PRD-0331,WH-03,797,367,511,653,0,38.3,Safe
INV-001211,2023-12-23,PRD-0470,WH-07,94,178,10,262,0,786.0,Safe
INV-001212,2024-09-27,PRD-0194,WH-08,389,78,389,78,0,6.0,Critical
INV-001213,2023-01-27,PRD-0340,WH-11,1445,5,258,1192,0,138.6,Safe
INV-001214,2023-02-25,PRD-0416,WH-04,1280,191,3,1468,0,999.0,Safe
INV-001215,2024-08-23,PRD-0261,WH-07,555,250,185,620,0,100.5,Safe
INV-001216,2024-09-19,PRD-0218,WH-03,1091,406,155,1342,0,259.7,Safe
INV-001217,2023-02-09,PRD-0365,WH-17,1223,436,243,1416,0,174.8,Safe
INV-001218,2024-07-06,PRD-0248,WH-19,806,283,494,595,0,36.1,Safe
INV-001219,2023-02-20,PRD-0346,WH-11,515,43,469,89,0,5.7,Critical
INV-001220,2024-05-04,PRD-0328,WH-01,1416,142,251,1307,0,156.2,Safe
INV-001221,2023-10-06,PRD-0137,WH-10,1897,468,47,2318,0,999.0,Safe
INV-001222,2023-06-11,PRD-0093,WH-18,1312,16,364,964,0,79.5,Safe
INV-001223,2024-09-03,PRD-0107,WH-05,1391,425,442,1374,0,93.3,Safe
INV-001224,2023-06-07,PRD-0482,WH-06,1165,47,24,1188,0,999.0,Safe
INV-001225,2024-02-28,PRD-0460,WH-03,1091,460,212,1339,0,189.5,Safe
INV-001226,2024-04-14,PRD-0180,WH-02,1714,273,159,1828,0,344.9,Safe
INV-001227,2023-01-21,PRD-0337,WH-16,987,336,245,1078,0,132.0,Safe
INV-001228,2023-05-09,PRD-0034,WH-09,1355,452,234,1573,0,201.7,Safe
INV-001229,2024-06-05,PRD-0266,WH-06,1982,468,157,2293,0,438.2,Safe
INV-001230,2023-03-08,PRD-0386,WH-20,1263,252,134,1381,0,309.2,Safe
INV-001231,2024-08-04,PRD-0075,WH-05,1225,222,78,1369,0,526.5,Safe
INV-001232,2024-05-12,PRD-0374,WH-17,755,55,347,463,0,40.0,Safe
INV-001233,2023-02-27,PRD-0214,WH-12,292,145,290,147,0,15.2,Safe
INV-001234,2023-12-21,PRD-0300,WH-09,330,362,193,499,0,77.6,Safe
INV-001235,2023-12-06,PRD-0074,WH-03,1549,357,77,1829,0,712.6,Safe
INV-001236,2023-06-09,PRD-0231,WH-06,1606,171,91,1686,0,555.8,Safe
INV-001237,2024-05-19,PRD-0245,WH-12,1786,335,514,1607,0,93.8,Safe
INV-001238,2023-10-11,PRD-0445,WH-04,1930,300,82,2148,0,785.9,Safe
INV-001239,2023-02-09,PRD-0063,WH-13,1123,446,206,1363,0,198.5,Safe
INV-001240,2023-12-23,PRD-0318,WH-09,1988,114,78,2024,0,778.5,Safe
INV-001241,2023-10-01,PRD-0089,WH-17,1762,245,446,1561,0,105.0,Safe
INV-001242,2024-05-28,PRD-0263,WH-08,1438,375,186,1627,0,262.4,Safe
INV-001243,2023-08-31,PRD-0487,WH-07,107,57,97,67,0,20.7,Safe
INV-001244,2024-07-28,PRD-0388,WH-01,78,169,144,103,0,21.5,Safe
INV-001245,2023-11-01,PRD-0104,WH-14,149,289,87,351,0,121.0,Safe
INV-001246,2024-04-27,PRD-0058,WH-12,1658,492,95,2055,0,648.9,Safe
INV-001247,2024-07-17,PRD-0430,WH-17,973,386,514,845,0,49.3,Safe
INV-001248,2024-03-03,PRD-0309,WH-05,1132,232,213,1151,0,162.1,Safe
INV-001249,2023-11-09,PRD-0381,WH-14,1730,409,54,2085,0,999.0,Safe
INV-001250,2023-09-03,PRD-0052,WH-13,751,174,113,812,0,215.6,Safe
INV-001251,2023-09-10,PRD-0437,WH-08,218,308,302,224,0,22.3,Safe
INV-001252,2023-07-17,PRD-0298,WH-12,366,160,185,341,0,55.3,Safe
INV-001253,2024-06-13,PRD-0083,WH-01,1604,393,543,1454,0,80.3,Safe
INV-001254,2024-05-13,PRD-0141,WH-01,1985,240,468,1757,0,112.6,Safe
INV-001255,2023-04-13,PRD-0306,WH-18,1702,144,246,1600,0,195.1,Safe
INV-001256,2023-04-21,PRD-0303,WH-13,1184,310,45,1449,0,966.0,Safe
INV-001257,2023-01-01,PRD-0232,WH-08,1671,229,393,1507,0,115.0,Safe
INV-001258,2023-07-19,PRD-0276,WH-08,1807,46,470,1383,0,88.3,Safe
INV-001259,2023-10-11,PRD-0194,WH-02,894,102,292,704,0,72.3,Safe
INV-001260,2024-06-29,PRD-0149,WH-18,1114,484,508,1090,0,64.4,Safe
INV-001261,2024-01-22,PRD-0309,WH-14,1036,269,213,1092,0,153.8,Safe
INV-001262,2024-07-04,PRD-0059,WH-03,704,403,176,931,0,158.7,Safe
INV-001263,2023-09-25,PRD-0460,WH-14,829,170,102,897,0,263.8,Safe
INV-001264,2023-10-14,PRD-0151,WH-05,593,3,234,362,0,46.4,Safe
INV-001265,2024-04-10,PRD-0089,WH-20,1885,119,108,1896,0,526.7,Safe
INV-001266,2024-05-28,PRD-0233,WH-14,504,480,363,621,0,51.3,Safe
INV-001267,2023-02-12,PRD-0492,WH-04,592,290,216,666,0,92.5,Safe
INV-001268,2023-02-22,PRD-0327,WH-02,1602,78,11,1669,0,999.0,Safe
INV-001269,2024-06-02,PRD-0316,WH-17,575,422,524,473,0,27.1,Safe
INV-001270,2024-02-24,PRD-0159,WH-08,601,374,527,448,0,25.5,Safe
INV-001271,2023-02-16,PRD-0366,WH-03,1334,335,490,1179,0,72.2,Safe
INV-001272,2024-07-10,PRD-0100,WH-07,1905,119,9,2015,0,999.0,Safe
INV-001273,2023-10-05,PRD-0127,WH-17,467,406,25,848,0,999.0,Safe
INV-001274,2023-07-09,PRD-0026,WH-16,1564,54,583,1035,0,53.3,Safe
INV-001275,2024-01-29,PRD-0090,WH-07,509,190,471,228,0,14.5,Safe
INV-001276,2023-06-19,PRD-0131,WH-13,1246,120,433,933,0,64.6,Safe
INV-001277,2024-01-21,PRD-0222,WH-06,1759,115,220,1654,0,225.5,Safe
INV-001278,2024-08-15,PRD-0478,WH-13,219,286,223,282,0,37.9,Safe
INV-001279,2024-02-10,PRD-0078,WH-20,272,396,389,279,0,21.5,Safe
INV-001280,2024-02-26,PRD-0175,WH-09,797,210,208,799,0,115.2,Safe
INV-001281,2023-11-23,PRD-0418,WH-19,414,205,386,233,0,18.1,Safe
INV-001282,2023-06-12,PRD-0029,WH-04,1987,48,478,1557,0,97.7,Safe
INV-001283,2023-05-14,PRD-0310,WH-12,634,8,495,147,0,8.9,Warning
INV-001284,2024-09-16,PRD-0085,WH-13,548,278,162,664,0,123.0,Safe
INV-001285,2024-06-04,PRD-0171,WH-01,1544,210,279,1475,0,158.6,Safe
INV-001286,2024-04-05,PRD-0194,WH-06,765,200,437,528,0,36.2,Safe
INV-001287,2023-05-09,PRD-0291,WH-20,1247,295,166,1376,0,248.7,Safe
INV-001288,2023-07-05,PRD-0093,WH-09,37,408,236,209,0,26.6,Safe
INV-001289,2023-08-08,PRD-0077,WH-05,1985,223,489,1719,0,105.5,Safe
INV-001290,2023-10-16,PRD-0384,WH-14,1532,408,215,1725,0,240.7,Safe
INV-001291,2024-06-28,PRD-0473,WH-07,858,231,529,560,0,31.8,Safe
INV-001292,2024-01-13,PRD-0046,WH-03,365,235,0,600,0,999.0,Safe
INV-001293,2023-06-17,PRD-0169,WH-19,1837,292,77,2052,0,799.5,Safe
INV-001294,2024-04-10,PRD-0132,WH-15,1493,372,401,1464,0,109.5,Safe
INV-001295,2023-09-28,PRD-0469,WH-02,743,139,427,455,0,32.0,Safe
INV-001296,2023-05-17,PRD-0430,WH-15,1853,145,280,1718,0,184.1,Safe
INV-001297,2023-04-25,PRD-0380,WH-12,856,375,392,839,0,64.2,Safe
INV-001298,2023-02-13,PRD-0122,WH-19,528,407,436,499,0,34.3,Safe
INV-001299,2023-10-01,PRD-0244,WH-11,1107,495,152,1450,0,286.2,Safe
INV-001300,2024-06-02,PRD-0116,WH-20,1129,136,404,861,0,63.9,Safe
INV-001301,2023-04-09,PRD-0419,WH-18,508,74,304,278,0,27.4,Safe
INV-001302,2023-11-30,PRD-0087,WH-09,1184,62,44,1202,0,819.5,Safe
INV-001303,2024-04-08,PRD-0205,WH-18,711,192,19,884,0,999.0,Safe
INV-001304,2023-05-21,PRD-0039,WH-19,879,45,98,826,0,252.9,Safe
INV-001305,2023-06-15,PRD-0258,WH-15,278,189,28,439,0,470.4,Safe
INV-001306,2023-10-07,PRD-0024,WH-06,1810,296,368,1738,0,141.7,Safe
INV-001307,2024-06-10,PRD-0214,WH-12,512,192,141,563,0,119.8,Safe
INV-001308,2024-01-07,PRD-0270,WH-09,1939,495,508,1926,0,113.7,Safe
INV-001309,2023-03-18,PRD-0040,WH-03,324,325,467,182,0,11.7,Warning
INV-001310,2024-09-11,PRD-0181,WH-15,1648,273,87,1834,0,632.4,Safe
INV-001311,2023-06-03,PRD-0136,WH-10,1219,478,298,1399,0,140.8,Safe
INV-001312,2023-03-03,PRD-0291,WH-02,1482,387,107,1762,0,494.0,Safe
INV-001313,2024-04-25,PRD-0176,WH-11,221,193,55,359,0,195.8,Safe
INV-001314,2023-11-30,PRD-0409,WH-06,610,271,379,502,0,39.7,Safe
INV-001315,2024-08-21,PRD-0388,WH-01,1977,396,467,1906,0,122.4,Safe
INV-001316,2023-06-09,PRD-0432,WH-17,724,412,506,630,0,37.4,Safe
INV-001317,2024-03-07,PRD-0441,WH-16,113,208,266,55,0,6.2,Critical
INV-001318,2023-12-24,PRD-0467,WH-07,407,69,214,262,0,36.7,Safe
INV-001319,2023-05-16,PRD-0110,WH-03,994,373,443,924,0,62.6,Safe
INV-001320,2024-06-08,PRD-0274,WH-19,1167,207,472,902,0,57.3,Safe
INV-001321,2024-07-14,PRD-0372,WH-13,1130,229,379,980,0,77.6,Safe
INV-001322,2023-04-14,PRD-0358,WH-20,1895,87,580,1402,0,72.5,Safe
INV-001323,2024-08-04,PRD-0119,WH-06,1114,50,336,828,0,73.9,Safe
INV-001324,2023-07-26,PRD-0495,WH-19,1928,199,511,1616,0,94.9,Safe
INV-001325,2024-01-17,PRD-0464,WH-07,1177,301,364,1114,0,91.8,Safe
INV-001326,2023-07-10,PRD-0344,WH-02,1537,448,129,1856,0,431.6,Safe
INV-001327,2023-09-03,PRD-0393,WH-11,1390,263,210,1443,0,206.1,Safe
INV-001328,2024-05-17,PRD-0424,WH-05,1053,217,184,1086,0,177.1,Safe
INV-001329,2024-09-13,PRD-0150,WH-04,852,413,83,1182,0,427.2,Safe
INV-001330,2024-09-28,PRD-0359,WH-18,337,381,483,235,0,14.6,Safe
INV-001331,2024-09-30,PRD-0308,WH-16,1991,319,159,2151,0,405.8,Safe
INV-001332,2023-11-02,PRD-0068,WH-09,604,399,156,847,0,162.9,Safe
INV-001333,2023-08-23,PRD-0251,WH-13,713,217,359,571,0,47.7,Safe
INV-001334,2023-05-13,PRD-0485,WH-15,1966,52,501,1517,0,90.8,Safe
INV-001335,2024-05-13,PRD-0237,WH-16,942,184,343,783,0,68.5,Safe
INV-001336,2023-07-27,PRD-0049,WH-12,534,404,572,366,0,19.2,Safe
INV-001337,2023-10-11,PRD-0031,WH-15,981,190,82,1089,0,398.4,Safe
INV-001338,2024-01-25,PRD-0476,WH-19,1501,402,498,1405,0,84.6,Safe
INV-001339,2023-03-02,PRD-0032,WH-20,1163,330,357,1136,0,95.5,Safe
INV-001340,2024-02-20,PRD-0018,WH-11,1154,189,232,1111,0,143.7,Safe
INV-001341,2023-06-01,PRD-0340,WH-06,944,381,102,1223,0,359.7,Safe
INV-001342,2024-04-01,PRD-0355,WH-01,1917,329,48,2198,0,999.0,Safe
INV-001343,2023-08-31,PRD-0194,WH-11,541,324,29,836,0,864.8,Safe
INV-001344,2024-04-05,PRD-0405,WH-03,578,249,363,464,0,38.3,Safe
INV-001345,2024-09-08,PRD-0453,WH-05,847,231,361,717,0,59.6,Safe
INV-001346,2023-10-14,PRD-0126,WH-03,1504,72,145,1431,0,296.1,Safe
INV-001347,2024-03-23,PRD-0357,WH-17,1348,484,383,1449,0,113.5,Safe
INV-001348,2024-05-11,PRD-0036,WH-16,1704,289,199,1794,0,270.5,Safe
INV-001349,2023-04-02,PRD-0182,WH-19,111,469,417,163,0,11.7,Warning
INV-001350,2024-02-05,PRD-0128,WH-17,1251,437,241,1447,0,180.1,Safe
INV-001351,2023-09-04,PRD-0182,WH-15,1964,99,414,1649,0,119.5,Safe
INV-001352,2024-09-01,PRD-0158,WH-13,640,54,353,341,0,29.0,Safe
INV-001353,2023-06-30,PRD-0391,WH-19,238,494,115,617,0,161.0,Safe
INV-001354,2023-08-09,PRD-0016,WH-17,1410,181,489,1102,0,67.6,Safe
INV-001355,2023-05-11,PRD-0434,WH-02,1208,102,405,905,0,67.0,Safe
INV-001356,2024-01-03,PRD-0156,WH-12,54,241,238,57,0,7.2,Warning
INV-001357,2024-05-22,PRD-0368,WH-07,1895,339,407,1827,0,134.7,Safe
INV-001358,2023-09-22,PRD-0499,WH-08,982,395,525,852,0,48.7,Safe
INV-001359,2023-05-26,PRD-0048,WH-11,1228,229,267,1190,0,133.7,Safe
INV-001360,2024-01-12,PRD-0489,WH-03,612,400,478,534,0,33.5,Safe
INV-001361,2024-06-18,PRD-0136,WH-11,1164,382,141,1405,0,298.9,Safe
INV-001362,2023-09-09,PRD-0245,WH-18,361,247,308,300,0,29.2,Safe
INV-001363,2023-04-06,PRD-0170,WH-05,505,475,389,591,0,45.6,Safe
INV-001364,2023-04-24,PRD-0368,WH-17,743,356,243,856,0,105.7,Safe
INV-001365,2024-07-25,PRD-0444,WH-20,1893,297,373,1817,0,146.1,Safe
INV-001366,2023-06-28,PRD-0423,WH-04,1180,144,247,1077,0,130.8,Safe
INV-001367,2023-07-09,PRD-0401,WH-03,1594,291,551,1334,0,72.6,Safe
INV-001368,2023-09-24,PRD-0376,WH-12,549,251,337,463,0,41.2,Safe
INV-001369,2023-06-29,PRD-0456,WH-15,1706,209,422,1493,0,106.1,Safe
INV-001370,2023-04-05,PRD-0029,WH-01,705,36,137,604,0,132.3,Safe
INV-001371,2023-07-12,PRD-0378,WH-13,434,134,275,293,0,32.0,Safe
INV-001372,2023-05-21,PRD-0158,WH-04,639,9,195,453,0,69.7,Safe
INV-001373,2024-03-26,PRD-0088,WH-04,1849,48,570,1327,0,69.8,Safe
INV-001374,2024-08-23,PRD-0192,WH-15,1091,446,199,1338,0,201.7,Safe
INV-001375,2023-12-13,PRD-0201,WH-04,1735,452,110,2077,0,566.5,Safe
INV-001376,2023-04-23,PRD-0317,WH-01,453,357,266,544,0,61.4,Safe
INV-001377,2023-12-15,PRD-0031,WH-10,1354,499,469,1384,0,88.5,Safe
INV-001378,2024-06-01,PRD-0369,WH-07,476,88,340,224,0,19.8,Safe
INV-001379,2023-03-05,PRD-0167,WH-04,1206,152,403,955,0,71.1,Safe
INV-001380,2024-08-02,PRD-0301,WH-04,1529,167,383,1313,0,102.8,Safe
INV-001381,2023-01-26,PRD-0076,WH-06,1617,350,576,1391,0,72.4,Safe
INV-001382,2024-03-22,PRD-0383,WH-09,848,367,294,921,0,94.0,Safe
INV-001383,2023-02-04,PRD-0062,WH-04,1929,109,302,1736,0,172.5,Safe
INV-001384,2024-05-23,PRD-0349,WH-16,1549,2,493,1058,0,64.4,Safe
INV-001385,2023-03-01,PRD-0362,WH-13,1803,248,269,1782,0,198.7,Safe
INV-001386,2023-10-19,PRD-0470,WH-11,1135,100,248,987,0,119.4,Safe
INV-001387,2024-03-14,PRD-0323,WH-15,686,58,564,180,0,9.6,Warning
INV-001388,2024-03-08,PRD-0362,WH-11,1316,77,173,1220,0,211.6,Safe
INV-001389,2023-08-01,PRD-0448,WH-07,1097,312,123,1286,0,313.7,Safe
INV-001390,2024-07-06,PRD-0154,WH-13,566,402,510,458,0,26.9,Safe
INV-001391,2023-10-03,PRD-0365,WH-16,67,184,144,107,0,22.3,Safe
INV-001392,2024-08-07,PRD-0226,WH-11,1086,234,332,988,0,89.3,Safe
INV-001393,2024-07-15,PRD-0279,WH-03,1361,103,551,913,0,49.7,Safe
INV-001394,2023-05-20,PRD-0096,WH-15,1375,381,360,1396,0,116.3,Safe
INV-001395,2024-06-23,PRD-0246,WH-02,284,494,385,393,0,30.6,Safe
INV-001396,2024-09-04,PRD-0227,WH-11,115,296,283,128,0,13.6,Warning
INV-001397,2023-05-01,PRD-0132,WH-10,1795,364,111,2048,0,553.5,Safe
INV-001398,2023-04-15,PRD-0231,WH-10,1649,464,64,2049,0,960.5,Safe
INV-001399,2024-06-14,PRD-0442,WH-10,1430,295,504,1221,0,72.7,Safe
INV-001400,2023-11-14,PRD-0487,WH-04,981,190,467,704,0,45.2,Safe
INV-001401,2023-03-27,PRD-0027,WH-10,1989,85,403,1671,0,124.4,Safe
INV-001402,2023-10-05,PRD-0085,WH-11,1358,372,39,1691,0,999.0,Safe
INV-001403,2024-06-07,PRD-0089,WH-04,1938,55,67,1926,0,862.4,Safe
INV-001404,2024-04-09,PRD-0377,WH-10,97,476,21,552,0,788.6,Safe
INV-001405,2023-06-22,PRD-0482,WH-20,1065,230,372,923,0,74.4,Safe
INV-001406,2024-04-30,PRD-0208,WH-14,1337,312,222,1427,0,192.8,Safe
INV-001407,2024-09-30,PRD-0215,WH-19,1859,0,435,1424,0,98.2,Safe
INV-001408,2023-06-19,PRD-0091,WH-15,3,442,281,164,0,17.5,Safe
INV-001409,2024-08-08,PRD-0366,WH-08,809,363,69,1103,0,479.6,Safe
INV-001410,2024-06-08,PRD-0199,WH-12,1546,386,24,1908,0,999.0,Safe
INV-001411,2024-03-16,PRD-0167,WH-07,1901,349,423,1827,0,129.6,Safe
INV-001412,2023-09-20,PRD-0256,WH-02,1387,189,13,1563,0,999.0,Safe
INV-001413,2024-04-21,PRD-0172,WH-04,675,17,268,424,0,47.5,Safe
INV-001414,2024-07-29,PRD-0174,WH-19,807,112,312,607,0,58.4,Safe
INV-001415,2024-01-14,PRD-0107,WH-16,1213,75,267,1021,0,114.7,Safe
INV-001416,2023-03-05,PRD-0023,WH-20,1389,352,114,1627,0,428.2,Safe
INV-001417,2023-03-25,PRD-0325,WH-18,1647,121,120,1648,0,412.0,Safe
INV-001418,2023-02-22,PRD-0319,WH-07,71,139,149,61,0,12.3,Warning
INV-001419,2023-10-29,PRD-0266,WH-08,1490,295,132,1653,0,375.7,Safe
INV-001420,2023-07-24,PRD-0450,WH-11,304,122,11,415,0,999.0,Safe
INV-001421,2024-08-14,PRD-0151,WH-16,1207,89,98,1198,0,366.7,Safe
INV-001422,2023-11-25,PRD-0488,WH-02,1838,147,69,1916,0,833.0,Safe
INV-001423,2024-01-16,PRD-0259,WH-19,917,101,28,990,0,999.0,Safe
INV-001424,2023-01-20,PRD-0168,WH-19,1322,30,153,1199,0,235.1,Safe
INV-001425,2023-01-26,PRD-0427,WH-16,893,111,364,640,0,52.7,Safe
INV-001426,2024-05-28,PRD-0316,WH-20,506,325,197,634,0,96.5,Safe
INV-001427,2023-01-23,PRD-0480,WH-05,872,196,188,880,0,140.4,Safe
INV-001428,2023-11-20,PRD-0044,WH-19,1758,259,341,1676,0,147.4,Safe
INV-001429,2024-02-15,PRD-0088,WH-20,74,412,376,110,0,8.8,Warning
INV-001430,2024-09-19,PRD-0319,WH-03,899,399,526,772,0,44.0,Safe
INV-001431,2024-08-08,PRD-0396,WH-08,1701,304,187,1818,0,291.7,Safe
INV-001432,2023-12-13,PRD-0462,WH-06,1240,272,74,1438,0,583.0,Safe
INV-001433,2023-01-06,PRD-0003,WH-08,1015,246,541,720,0,39.9,Safe
INV-001434,2024-07-12,PRD-0123,WH-18,666,88,568,186,0,9.8,Warning
INV-001435,2024-07-01,PRD-0096,WH-03,361,83,2,442,0,999.0,Safe
INV-001436,2024-08-16,PRD-0452,WH-17,426,383,450,359,0,23.9,Safe
INV-001437,2024-03-19,PRD-0079,WH-11,1957,133,417,1673,0,120.4,Safe
INV-001438,2023-07-29,PRD-0234,WH-18,632,279,54,857,0,476.1,Safe
INV-001439,2024-02-04,PRD-0392,WH-05,74,479,550,3,0,0.2,Critical
INV-001440,2024-01-30,PRD-0497,WH-07,1699,464,564,1599,0,85.1,Safe
INV-001441,2023-10-17,PRD-0269,WH-15,221,84,7,298,0,999.0,Safe
INV-001442,2023-08-25,PRD-0221,WH-02,1952,46,11,1987,0,999.0,Safe
INV-001443,2024-01-27,PRD-0265,WH-06,176,221,13,384,0,886.2,Safe
INV-001444,2024-08-24,PRD-0062,WH-11,837,215,377,675,0,53.7,Safe
INV-001445,2023-06-21,PRD-0283,WH-01,594,217,431,380,0,26.5,Safe
INV-001446,2023-11-14,PRD-0263,WH-15,467,17,3,481,0,999.0,Safe
INV-001447,2023-11-22,PRD-0334,WH-16,1660,147,27,1780,0,999.0,Safe
INV-001448,2024-08-28,PRD-0123,WH-13,1084,427,21,1490,0,999.0,Safe
INV-001449,2023-09-09,PRD-0180,WH-12,1004,499,229,1274,0,166.9,Safe
INV-001450,2023-11-02,PRD-0219,WH-05,1835,52,195,1692,0,260.3,Safe
INV-001451,2023-04-09,PRD-0101,WH-05,771,301,503,569,0,33.9,Safe
INV-001452,2023-07-11,PRD-0450,WH-15,1909,324,211,2022,0,287.5,Safe
INV-001453,2024-02-28,PRD-0384,WH-17,1871,170,51,1990,0,999.0,Safe
INV-001454,2024-06-07,PRD-0467,WH-14,964,307,498,773,0,46.6,Safe
INV-001455,2023-02-15,PRD-0361,WH-12,1043,407,276,1174,0,127.6,Safe
INV-001456,2024-08-18,PRD-0176,WH-05,640,468,510,598,0,35.2,Safe
INV-001457,2023-09-01,PRD-0090,WH-15,354,303,334,323,0,29.0,Safe
INV-001458,2023-06-07,PRD-0301,WH-15,228,160,166,222,0,40.1,Safe
INV-001459,2023-10-17,PRD-0229,WH-01,1462,77,584,955,0,49.1,Safe
INV-001460,2023-04-11,PRD-0457,WH-01,593,154,600,147,0,7.3,Warning
INV-001461,2023-09-28,PRD-0124,WH-12,719,222,359,582,0,48.6,Safe
INV-001462,2023-12-30,PRD-0234,WH-17,178,445,518,105,0,6.1,Critical
INV-001463,2024-04-21,PRD-0109,WH-03,597,378,435,540,0,37.2,Safe
INV-001464,2023-08-02,PRD-0103,WH-07,366,359,15,710,0,999.0,Safe
INV-001465,2023-06-29,PRD-0302,WH-02,1926,445,224,2147,0,287.5,Safe
INV-001466,2024-06-22,PRD-0024,WH-14,25,276,201,100,0,14.9,Safe
INV-001467,2023-02-11,PRD-0225,WH-11,869,292,438,723,0,49.5,Safe
INV-001468,2023-10-07,PRD-0224,WH-20,1666,202,245,1623,0,198.7,Safe
INV-001469,2023-12-15,PRD-0185,WH-05,376,219,289,306,0,31.8,Safe
INV-001470,2024-07-09,PRD-0168,WH-15,240,148,99,289,0,87.6,Safe
INV-001471,2023-12-27,PRD-0308,WH-07,764,95,317,542,0,51.3,Safe
INV-001472,2023-07-27,PRD-0041,WH-08,591,90,46,635,0,414.1,Safe
INV-001473,2023-06-20,PRD-0482,WH-04,183,157,113,227,0,60.3,Safe
INV-001474,2023-11-17,PRD-0254,WH-09,914,318,462,770,0,50.0,Safe
INV-001475,2023-06-01,PRD-0024,WH-13,1497,331,334,1494,0,134.2,Safe
INV-001476,2023-11-18,PRD-0297,WH-02,1189,267,87,1369,0,472.1,Safe
INV-001477,2023-02-09,PRD-0207,WH-16,806,451,580,677,0,35.0,Safe
INV-001478,2024-01-09,PRD-0305,WH-04,1169,199,12,1356,0,999.0,Safe
INV-001479,2023-09-17,PRD-0194,WH-14,1680,461,174,1967,0,339.1,Safe
INV-001480,2024-04-05,PRD-0104,WH-04,1579,131,587,1123,0,57.4,Safe
INV-001481,2024-05-31,PRD-0001,WH-09,1571,153,464,1260,0,81.5,Safe
INV-001482,2023-02-17,PRD-0117,WH-08,1067,326,382,1011,0,79.4,Safe
INV-001483,2023-09-30,PRD-0262,WH-03,1524,238,595,1167,0,58.8,Safe
INV-001484,2024-02-02,PRD-0116,WH-06,1500,58,492,1066,0,65.0,Safe
INV-001485,2024-05-14,PRD-0150,WH-08,390,232,345,277,0,24.1,Safe
INV-001486,2024-09-23,PRD-0183,WH-13,1877,421,455,1843,0,121.5,Safe
INV-001487,2024-07-08,PRD-0090,WH-09,333,38,73,298,0,122.5,Safe
INV-001488,2023-05-24,PRD-0298,WH-06,869,62,475,456,0,28.8,Safe
INV-001489,2023-03-19,PRD-0498,WH-10,900,352,537,715,0,39.9,Safe
INV-001490,2024-03-18,PRD-0276,WH-02,909,7,318,598,0,56.4,Safe
INV-001491,2024-06-16,PRD-0041,WH-05,964,231,70,1125,0,482.1,Safe
INV-001492,2023-05-29,PRD-0398,WH-01,1179,126,438,867,0,59.4,Safe
INV-001493,2023-02-22,PRD-0162,WH-13,870,125,69,926,0,402.6,Safe
INV-001494,2024-02-25,PRD-0311,WH-12,1312,146,205,1253,0,183.4,Safe
INV-001495,2024-08-26,PRD-0123,WH-05,706,29,454,281,0,18.6,Safe
INV-001496,2023-07-08,PRD-0389,WH-03,488,85,530,43,0,2.4,Critical
INV-001497,2023-12-09,PRD-0384,WH-10,1595,426,168,1853,0,330.9,Safe
INV-001498,2024-06-20,PRD-0474,WH-07,1430,362,439,1353,0,92.5,Safe
INV-001499,2024-05-29,PRD-0444,WH-13,1075,203,343,935,0,81.8,Safe
INV-001500,2023-09-16,PRD-0445,WH-08,997,356,490,863,0,52.8,Safe
INV-001501,2023-07-11,PRD-0187,WH-17,1559,389,238,1710,0,215.5,Safe
INV-001502,2023-04-17,PRD-0124,WH-14,154,51,91,114,0,37.6,Safe
INV-001503,2024-08-11,PRD-0348,WH-18,1357,203,249,1311,0,158.0,Safe
INV-001504,2024-04-07,PRD-0462,WH-01,1457,312,308,1461,0,142.3,Safe
INV-001505,2023-11-22,PRD-0323,WH-17,1717,285,426,1576,0,111.0,Safe
INV-001506,2023-07-21,PRD-0396,WH-13,1834,229,295,1768,0,179.8,Safe
INV-001507,2024-08-15,PRD-0336,WH-13,662,488,447,703,0,47.2,Safe
INV-001508,2023-01-31,PRD-0386,WH-13,971,24,497,498,0,30.1,Safe
INV-001509,2023-10-15,PRD-0131,WH-11,253,188,379,62,0,4.9,Critical
INV-001510,2023-01-01,PRD-0448,WH-02,1122,189,251,1060,0,126.7,Safe
INV-001511,2023-02-07,PRD-0396,WH-11,1253,299,499,1053,0,63.3,Safe
INV-001512,2024-03-19,PRD-0261,WH-09,980,223,115,1088,0,283.8,Safe
INV-001513,2023-11-27,PRD-0087,WH-10,1951,316,73,2194,0,901.6,Safe
INV-001514,2024-08-31,PRD-0351,WH-08,141,290,140,291,0,62.4,Safe
INV-001515,2023-09-23,PRD-0116,WH-06,633,74,322,385,0,35.9,Safe
INV-001516,2024-02-25,PRD-0409,WH-20,328,20,189,159,0,25.2,Safe
INV-001517,2024-07-23,PRD-0142,WH-12,1655,199,235,1619,0,206.7,Safe
INV-001518,2023-10-15,PRD-0192,WH-06,1893,162,26,2029,0,999.0,Safe
INV-001519,2023-06-04,PRD-0100,WH-13,674,406,401,679,0,50.8,Safe
INV-001520,2023-11-14,PRD-0467,WH-01,1330,83,39,1374,0,999.0,Safe
INV-001521,2024-07-06,PRD-0004,WH-08,354,396,385,365,0,28.4,Safe
INV-001522,2024-08-06,PRD-0393,WH-03,1471,480,340,1611,0,142.1,Safe
INV-001523,2023-08-10,PRD-0256,WH-10,1684,54,224,1514,0,202.8,Safe
INV-001524,2023-01-14,PRD-0024,WH-05,158,48,54,152,0,84.4,Safe
INV-001525,2024-08-11,PRD-0038,WH-01,1574,9,9,1574,0,999.0,Safe
INV-001526,2024-05-09,PRD-0397,WH-05,239,201,182,258,0,42.5,Safe
INV-001527,2023-01-11,PRD-0321,WH-13,1581,140,427,1294,0,90.9,Safe
INV-001528,2023-02-28,PRD-0008,WH-11,1587,176,466,1297,0,83.5,Safe
INV-001529,2023-06-07,PRD-0292,WH-11,913,148,64,997,0,467.3,Safe
INV-001530,2024-09-08,PRD-0419,WH-15,784,18,253,549,0,65.1,Safe
INV-001531,2024-07-19,PRD-0092,WH-06,1546,134,167,1513,0,271.8,Safe
INV-001532,2024-03-16,PRD-0498,WH-18,139,411,544,6,0,0.3,Critical
INV-001533,2024-06-01,PRD-0365,WH-01,73,381,311,143,0,13.8,Warning
INV-001534,2024-07-03,PRD-0326,WH-04,114,118,64,168,0,78.8,Safe
INV-001535,2024-01-04,PRD-0267,WH-09,1978,280,490,1768,0,108.2,Safe
INV-001536,2023-12-26,PRD-0157,WH-07,1666,367,96,1937,0,605.3,Safe
INV-001537,2024-03-03,PRD-0288,WH-19,129,487,273,343,0,37.7,Safe
INV-001538,2023-10-25,PRD-0486,WH-10,1037,3,493,547,0,33.3,Safe
INV-001539,2024-06-08,PRD-0181,WH-13,513,119,92,540,0,176.1,Safe
INV-001540,2023-07-20,PRD-0179,WH-06,1879,174,243,1810,0,223.5,Safe
INV-001541,2024-05-11,PRD-0299,WH-10,744,221,15,950,0,999.0,Safe
INV-001542,2024-02-16,PRD-0125,WH-16,1007,376,288,1095,0,114.1,Safe
INV-001543,2024-07-14,PRD-0030,WH-04,559,111,249,421,0,50.7,Safe
INV-001544,2023-11-26,PRD-0013,WH-09,151,478,298,331,0,33.3,Safe
INV-001545,2023-03-02,PRD-0452,WH-19,1720,321,356,1685,0,142.0,Safe
INV-001546,2023-07-04,PRD-0434,WH-15,934,361,311,984,0,94.9,Safe
INV-001547,2023-05-06,PRD-0241,WH-18,264,492,357,399,0,33.5,Safe
INV-001548,2024-03-15,PRD-0339,WH-02,639,462,321,780,0,72.9,Safe
INV-001549,2024-07-09,PRD-0271,WH-12,980,52,78,954,0,366.9,Safe
INV-001550,2023-10-28,PRD-0372,WH-10,334,139,21,452,0,645.7,Safe
INV-001551,2024-02-10,PRD-0271,WH-16,544,341,103,782,0,227.8,Safe
INV-001552,2024-03-30,PRD-0402,WH-11,1680,489,434,1735,0,119.9,Safe
INV-001553,2024-08-10,PRD-0296,WH-10,1392,94,192,1294,0,202.2,Safe
INV-001554,2024-01-07,PRD-0395,WH-12,1940,473,446,1967,0,132.3,Safe
INV-001555,2024-08-14,PRD-0231,WH-14,916,415,305,1026,0,100.9,Safe
INV-001556,2023-01-12,PRD-0360,WH-17,1474,457,577,1354,0,70.4,Safe
INV-001557,2023-08-13,PRD-0244,WH-20,296,43,190,149,0,23.5,Safe
INV-001558,2024-04-17,PRD-0355,WH-08,524,413,288,649,0,67.6,Safe
INV-001559,2024-05-31,PRD-0496,WH-13,244,425,75,594,0,237.6,Safe
INV-001560,2024-04-23,PRD-0165,WH-04,639,367,370,636,0,51.6,Safe
INV-001561,2023-05-06,PRD-0014,WH-05,52,373,256,169,0,19.8,Safe
INV-001562,2023-05-01,PRD-0460,WH-08,1376,151,599,928,0,46.5,Safe
INV-001563,2024-06-18,PRD-0162,WH-08,1,472,78,395,0,151.9,Safe
INV-001564,2024-08-03,PRD-0292,WH-01,471,77,435,113,0,7.8,Warning
INV-001565,2024-05-17,PRD-0376,WH-19,139,169,190,118,0,18.6,Safe
INV-001566,2024-06-27,PRD-0108,WH-09,202,148,30,320,0,320.0,Safe
INV-001567,2023-09-13,PRD-0003,WH-08,431,175,583,23,0,1.2,Critical
INV-001568,2023-10-22,PRD-0078,WH-09,762,43,567,238,0,12.6,Warning
INV-001569,2023-05-25,PRD-0046,WH-13,757,92,499,350,0,21.0,Safe
INV-001570,2023-08-11,PRD-0088,WH-15,465,259,130,594,0,137.1,Safe
INV-001571,2023-03-26,PRD-0119,WH-02,1234,36,371,899,0,72.7,Safe
INV-001572,2024-05-03,PRD-0122,WH-01,804,343,255,892,0,104.9,Safe
INV-001573,2024-02-26,PRD-0122,WH-11,931,269,174,1026,0,176.9,Safe
INV-001574,2023-06-08,PRD-0351,WH-04,1286,499,430,1355,0,94.5,Safe
INV-001575,2023-05-15,PRD-0356,WH-07,1102,250,454,898,0,59.3,Safe
INV-001576,2023-09-12,PRD-0422,WH-16,1,75,8,68,0,255.0,Safe
INV-001577,2023-11-13,PRD-0058,WH-12,979,289,445,823,0,55.5,Safe
INV-001578,2024-03-01,PRD-0219,WH-07,764,193,356,601,0,50.6,Safe
INV-001579,2023-04-27,PRD-0414,WH-19,282,397,209,470,0,67.5,Safe
INV-001580,2023-06-24,PRD-0287,WH-10,1653,249,317,1585,0,150.0,Safe
INV-001581,2023-02-04,PRD-0248,WH-05,1547,423,588,1382,0,70.5,Safe
INV-001582,2024-03-01,PRD-0302,WH-18,1433,218,161,1490,0,277.6,Safe
INV-001583,2023-04-11,PRD-0293,WH-14,934,489,565,858,0,45.6,Safe
INV-001584,2024-04-03,PRD-0231,WH-06,1453,463,508,1408,0,83.1,Safe
INV-001585,2024-04-28,PRD-0376,WH-17,1334,134,503,965,0,57.6,Safe
INV-001586,2023-07-22,PRD-0078,WH-01,1470,421,50,1841,0,999.0,Safe
INV-001587,2023-03-17,PRD-0413,WH-02,889,360,539,710,0,39.5,Safe
INV-001588,2024-08-23,PRD-0414,WH-06,345,86,384,47,0,3.7,Critical
INV-001589,2023-04-26,PRD-0402,WH-18,1725,48,578,1195,0,62.0,Safe
INV-001590,2024-07-21,PRD-0497,WH-15,16,197,105,108,0,30.9,Safe
INV-001591,2024-05-14,PRD-0240,WH-13,25,373,245,153,0,18.7,Safe
INV-001592,2024-04-11,PRD-0052,WH-10,655,94,262,487,0,55.8,Safe
INV-001593,2023-08-01,PRD-0158,WH-02,1939,6,438,1507,0,103.2,Safe
INV-001594,2023-05-05,PRD-0336,WH-17,1117,435,116,1436,0,371.4,Safe
INV-001595,2023-09-26,PRD-0008,WH-09,453,464,170,747,0,131.8,Safe
INV-001596,2023-01-03,PRD-0242,WH-15,602,173,522,253,0,14.5,Safe
INV-001597,2024-03-26,PRD-0428,WH-10,108,340,255,193,0,22.7,Safe
INV-001598,2023-12-08,PRD-0037,WH-09,1787,361,398,1750,0,131.9,Safe
INV-001599,2023-11-02,PRD-0486,WH-12,1433,86,268,1251,0,140.0,Safe
INV-001600,2023-02-25,PRD-0281,WH-16,542,67,47,562,0,358.7,Safe
INV-001601,2024-07-10,PRD-0444,WH-09,1822,138,418,1542,0,110.7,Safe
INV-001602,2023-11-15,PRD-0114,WH-09,530,227,10,747,0,999.0,Safe
INV-001603,2024-03-09,PRD-0308,WH-14,849,330,121,1058,0,262.3,Safe
INV-001604,2023-08-04,PRD-0308,WH-07,1034,300,205,1129,0,165.2,Safe
INV-001605,2023-10-08,PRD-0253,WH-16,1903,475,584,1794,0,92.2,Safe
INV-001606,2024-01-20,PRD-0334,WH-03,1922,396,119,2199,0,554.4,Safe
INV-001607,2023-04-22,PRD-0028,WH-07,461,271,99,633,0,191.8,Safe
INV-001608,2024-05-03,PRD-0452,WH-07,152,356,104,404,0,116.5,Safe
INV-001609,2024-07-07,PRD-0459,WH-14,1722,166,233,1655,0,213.1,Safe
INV-001610,2023-10-09,PRD-0246,WH-04,156,285,371,70,0,5.7,Critical
INV-001611,2024-04-30,PRD-0009,WH-05,1084,223,435,872,0,60.1,Safe
INV-001612,2023-07-10,PRD-0074,WH-15,1516,266,177,1605,0,272.0,Safe
INV-001613,2023-01-25,PRD-0330,WH-02,741,284,87,938,0,323.4,Safe
INV-001614,2023-07-31,PRD-0274,WH-17,1689,351,5,2035,0,999.0,Safe
INV-001615,2024-05-27,PRD-0210,WH-04,663,355,352,666,0,56.8,Safe
INV-001616,2023-12-05,PRD-0355,WH-02,1459,423,3,1879,0,999.0,Safe
INV-001617,2024-01-28,PRD-0368,WH-17,964,333,272,1025,0,113.1,Safe
INV-001618,2024-06-18,PRD-0043,WH-11,1640,360,199,1801,0,271.5,Safe
INV-001619,2023-08-31,PRD-0359,WH-12,1259,37,74,1222,0,495.4,Safe
INV-001620,2024-02-13,PRD-0118,WH-20,554,55,330,279,0,25.4,Safe
INV-001621,2024-06-29,PRD-0042,WH-13,295,266,337,224,0,19.9,Safe
INV-001622,2023-07-12,PRD-0472,WH-04,414,381,557,238,0,12.8,Warning
INV-001623,2023-05-27,PRD-0406,WH-18,190,71,20,241,0,361.5,Safe
INV-001624,2024-06-20,PRD-0455,WH-09,58,17,15,60,0,120.0,Safe
INV-001625,2024-02-28,PRD-0250,WH-06,432,38,62,408,0,197.4,Safe
INV-001626,2024-08-15,PRD-0173,WH-16,1813,409,531,1691,0,95.5,Safe
INV-001627,2024-02-20,PRD-0312,WH-12,1248,363,130,1481,0,341.8,Safe
INV-001628,2024-08-04,PRD-0081,WH-04,1734,155,367,1522,0,124.4,Safe
INV-001629,2023-12-15,PRD-0187,WH-19,1325,439,21,1743,0,999.0,Safe
INV-001630,2024-03-29,PRD-0399,WH-02,474,397,386,485,0,37.7,Safe
INV-001631,2023-06-02,PRD-0404,WH-02,41,84,52,73,0,42.1,Safe
INV-001632,2023-05-24,PRD-0368,WH-10,175,482,57,600,0,315.8,Safe
INV-001633,2024-01-29,PRD-0137,WH-05,1057,423,110,1370,0,373.6,Safe
INV-001634,2024-05-07,PRD-0237,WH-17,273,124,216,181,0,25.1,Safe
INV-001635,2023-10-03,PRD-0169,WH-20,1490,347,146,1691,0,347.5,Safe
INV-001636,2023-08-06,PRD-0420,WH-13,1524,481,285,1720,0,181.1,Safe
INV-001637,2024-07-20,PRD-0217,WH-16,1835,111,465,1481,0,95.5,Safe
INV-001638,2024-05-14,PRD-0095,WH-10,1377,415,48,1744,0,999.0,Safe
INV-001639,2023-06-16,PRD-0256,WH-15,301,245,333,213,0,19.2,Safe
INV-001640,2024-03-24,PRD-0295,WH-16,1697,473,51,2119,0,999.0,Safe
INV-001641,2023-06-23,PRD-0004,WH-08,128,498,92,534,0,174.1,Safe
INV-001642,2023-08-10,PRD-0257,WH-06,1906,205,200,1911,0,286.6,Safe
INV-001643,2023-06-13,PRD-0180,WH-09,1956,61,120,1897,0,474.2,Safe
INV-001644,2023-08-11,PRD-0262,WH-04,39,485,81,443,0,164.1,Safe
INV-001645,2024-04-21,PRD-0176,WH-09,756,454,404,806,0,59.9,Safe
INV-001646,2023-03-06,PRD-0093,WH-15,1042,52,334,760,0,68.3,Safe
INV-001647,2023-12-11,PRD-0298,WH-10,1688,59,297,1450,0,146.5,Safe
INV-001648,2023-12-08,PRD-0104,WH-10,727,290,410,607,0,44.4,Safe
INV-001649,2024-03-23,PRD-0425,WH-16,1349,149,306,1192,0,116.9,Safe
INV-001650,2024-04-11,PRD-0419,WH-03,729,421,594,556,0,28.1,Safe
INV-001651,2024-06-04,PRD-0202,WH-11,604,71,322,353,0,32.9,Safe
INV-001652,2024-02-23,PRD-0278,WH-02,1390,364,139,1615,0,348.6,Safe
INV-001653,2024-06-16,PRD-0121,WH-10,1192,45,495,742,0,45.0,Safe
INV-001654,2023-10-30,PRD-0367,WH-12,1228,459,187,1500,0,240.6,Safe
INV-001655,2024-08-07,PRD-0079,WH-13,1921,307,583,1645,0,84.6,Safe
INV-001656,2024-08-31,PRD-0350,WH-13,1481,367,52,1796,0,999.0,Safe
INV-001657,2024-08-12,PRD-0024,WH-19,1758,196,248,1706,0,206.4,Safe
INV-001658,2024-09-09,PRD-0490,WH-03,604,479,125,958,0,229.9,Safe
INV-001659,2023-12-09,PRD-0207,WH-06,179,456,71,564,0,238.3,Safe
INV-001660,2023-01-30,PRD-0230,WH-16,412,55,72,395,0,164.6,Safe
INV-001661,2023-07-04,PRD-0081,WH-10,839,16,418,437,0,31.4,Safe
INV-001662,2024-02-24,PRD-0226,WH-02,1040,393,171,1262,0,221.4,Safe
INV-001663,2023-02-17,PRD-0028,WH-03,1184,98,81,1201,0,444.8,Safe
INV-001664,2023-12-13,PRD-0118,WH-03,164,383,87,460,0,158.6,Safe
INV-001665,2023-10-25,PRD-0448,WH-13,1235,402,90,1547,0,515.7,Safe
INV-001666,2023-10-15,PRD-0145,WH-12,1015,464,533,946,0,53.2,Safe
INV-001667,2023-04-20,PRD-0200,WH-15,255,479,259,475,0,55.0,Safe
INV-001668,2024-01-11,PRD-0433,WH-14,376,178,135,419,0,93.1,Safe
INV-001669,2024-01-28,PRD-0297,WH-01,1561,289,283,1567,0,166.1,Safe
INV-001670,2023-04-10,PRD-0097,WH-18,1060,366,202,1224,0,181.8,Safe
INV-001671,2024-03-28,PRD-0139,WH-18,1919,398,561,1756,0,93.9,Safe
INV-001672,2024-07-31,PRD-0002,WH-13,1396,285,572,1109,0,58.2,Safe
INV-001673,2024-03-17,PRD-0076,WH-04,1015,176,195,996,0,153.2,Safe
INV-001674,2023-02-21,PRD-0335,WH-02,1389,0,59,1330,0,676.3,Safe
INV-001675,2023-09-21,PRD-0477,WH-03,1646,440,573,1513,0,79.2,Safe
INV-001676,2023-02-28,PRD-0260,WH-18,947,89,240,796,0,99.5,Safe
INV-001677,2023-05-25,PRD-0364,WH-17,1518,60,224,1354,0,181.3,Safe
INV-001678,2023-06-17,PRD-0096,WH-19,1870,190,582,1478,0,76.2,Safe
INV-001679,2023-03-07,PRD-0492,WH-01,699,143,27,815,0,905.6,Safe
INV-001680,2023-10-23,PRD-0205,WH-06,1414,184,158,1440,0,273.4,Safe
INV-001681,2023-09-06,PRD-0452,WH-15,489,272,592,169,0,8.6,Warning
INV-001682,2024-04-15,PRD-0087,WH-01,294,257,208,343,0,49.5,Safe
INV-001683,2023-09-27,PRD-0489,WH-04,1912,270,127,2055,0,485.4,Safe
INV-001684,2023-03-22,PRD-0303,WH-08,973,456,169,1260,0,223.7,Safe
INV-001685,2024-08-14,PRD-0040,WH-17,383,469,419,433,0,31.0,Safe
INV-001686,2023-09-08,PRD-0298,WH-10,351,59,262,148,0,16.9,Safe
INV-001687,2024-01-10,PRD-0050,WH-05,1704,129,347,1486,0,128.5,Safe
INV-001688,2023-08-03,PRD-0019,WH-17,84,359,82,361,0,132.1,Safe
INV-001689,2024-07-02,PRD-0321,WH-01,1611,387,32,1966,0,999.0,Safe
INV-001690,2023-12-31,PRD-0187,WH-18,1698,306,221,1783,0,242.0,Safe
INV-001691,2023-06-18,PRD-0181,WH-15,956,97,343,710,0,62.1,Safe
INV-001692,2024-07-12,PRD-0415,WH-07,997,247,499,745,0,44.8,Safe
INV-001693,2024-05-20,PRD-0218,WH-13,9,255,18,246,0,410.0,Safe
INV-001694,2023-10-25,PRD-0086,WH-17,1159,210,187,1182,0,189.6,Safe
INV-001695,2024-07-15,PRD-0201,WH-05,92,391,202,281,0,41.7,Safe
INV-001696,2024-08-24,PRD-0397,WH-18,1459,497,290,1666,0,172.3,Safe
INV-001697,2024-04-12,PRD-0286,WH-04,538,382,388,532,0,41.1,Safe
INV-001698,2023-01-19,PRD-0067,WH-11,1992,116,272,1836,0,202.5,Safe
INV-001699,2024-08-11,PRD-0247,WH-05,1517,198,187,1528,0,245.1,Safe
INV-001700,2024-02-13,PRD-0318,WH-11,1263,73,312,1024,0,98.5,Safe
INV-001701,2024-06-03,PRD-0240,WH-11,619,168,243,544,0,67.2,Safe
INV-001702,2023-02-08,PRD-0244,WH-01,174,378,529,23,0,1.3,Critical
INV-001703,2024-01-25,PRD-0467,WH-10,655,406,341,720,0,63.3,Safe
INV-001704,2024-02-21,PRD-0126,WH-11,1084,461,494,1051,0,63.8,Safe
INV-001705,2023-04-25,PRD-0044,WH-07,507,188,101,594,0,176.4,Safe
INV-001706,2024-04-09,PRD-0229,WH-09,306,224,365,165,0,13.6,Warning
INV-001707,2024-07-03,PRD-0196,WH-05,1066,79,3,1142,0,999.0,Safe
INV-001708,2024-09-07,PRD-0285,WH-11,1526,298,115,1709,0,445.8,Safe
INV-001709,2023-06-24,PRD-0353,WH-13,240,327,276,291,0,31.6,Safe
INV-001710,2024-04-17,PRD-0068,WH-15,283,144,31,396,0,383.2,Safe
INV-001711,2024-04-07,PRD-0196,WH-11,24,350,138,236,0,51.3,Safe
INV-001712,2023-03-11,PRD-0457,WH-07,1458,388,450,1396,0,93.1,Safe
INV-001713,2024-07-26,PRD-0309,WH-06,651,314,16,949,0,999.0,Safe
INV-001714,2024-02-26,PRD-0224,WH-03,1103,99,358,844,0,70.7,Safe
INV-001715,2023-09-19,PRD-0454,WH-02,1220,296,171,1345,0,236.0,Safe
INV-001716,2023-12-10,PRD-0330,WH-08,1639,33,55,1617,0,882.0,Safe
INV-001717,2023-04-29,PRD-0334,WH-07,1306,469,463,1312,0,85.0,Safe
INV-001718,2023-11-14,PRD-0271,WH-20,1637,166,195,1608,0,247.4,Safe
INV-001719,2024-09-10,PRD-0360,WH-05,1706,110,460,1356,0,88.4,Safe
INV-001720,2023-08-05,PRD-0144,WH-13,947,424,52,1319,0,761.0,Safe
INV-001721,2024-03-12,PRD-0298,WH-10,1329,87,225,1191,0,158.8,Safe
INV-001722,2023-11-07,PRD-0352,WH-01,1116,26,156,986,0,189.6,Safe
INV-001723,2023-05-02,PRD-0071,WH-17,618,272,154,736,0,143.4,Safe
INV-001724,2023-04-03,PRD-0301,WH-04,1878,423,578,1723,0,89.4,Safe
INV-001725,2023-12-30,PRD-0288,WH-16,239,212,368,83,0,6.8,Critical
INV-001726,2023-07-13,PRD-0101,WH-17,1060,428,229,1259,0,164.9,Safe
INV-001727,2023-08-01,PRD-0378,WH-12,603,228,170,661,0,116.6,Safe
INV-001728,2024-07-08,PRD-0067,WH-10,980,150,121,1009,0,250.2,Safe
INV-001729,2024-08-09,PRD-0427,WH-06,762,6,29,739,0,764.5,Safe
INV-001730,2023-07-14,PRD-0341,WH-04,418,403,202,619,0,91.9,Safe
INV-001731,2024-08-19,PRD-0425,WH-07,458,174,569,63,0,3.3,Critical
INV-001732,2024-05-07,PRD-0362,WH-20,957,8,149,816,0,164.3,Safe
INV-001733,2023-05-10,PRD-0184,WH-16,503,89,538,54,0,3.0,Critical
INV-001734,2023-03-01,PRD-0018,WH-11,717,304,331,690,0,62.5,Safe
INV-001735,2024-07-15,PRD-0189,WH-09,1764,395,277,1882,0,203.8,Safe
INV-001736,2023-08-20,PRD-0151,WH-07,1715,384,200,1899,0,284.8,Safe
INV-001737,2023-04-15,PRD-0389,WH-11,788,444,390,842,0,64.8,Safe
INV-001738,2024-04-24,PRD-0158,WH-17,810,276,154,932,0,181.6,Safe
INV-001739,2023-03-31,PRD-0051,WH-04,805,170,216,759,0,105.4,Safe
INV-001740,2023-09-04,PRD-0226,WH-09,1198,7,436,769,0,52.9,Safe
INV-001741,2024-02-23,PRD-0215,WH-14,817,210,5,1022,0,999.0,Safe
INV-001742,2023-07-29,PRD-0301,WH-13,372,181,532,21,0,1.2,Critical
INV-001743,2023-07-31,PRD-0200,WH-12,921,469,269,1121,0,125.0,Safe
INV-001744,2024-01-05,PRD-0312,WH-02,1773,457,184,2046,0,333.6,Safe
INV-001745,2023-04-15,PRD-0182,WH-07,1335,0,490,845,0,51.7,Safe
INV-001746,2023-01-31,PRD-0189,WH-09,708,315,512,511,0,29.9,Safe
INV-001747,2024-04-03,PRD-0237,WH-16,1945,202,390,1757,0,135.2,Safe
INV-001748,2023-11-05,PRD-0269,WH-09,664,307,512,459,0,26.9,Safe
INV-001749,2023-11-22,PRD-0082,WH-08,679,126,303,502,0,49.7,Safe
INV-001750,2023-06-27,PRD-0384,WH-05,1871,249,178,1942,0,327.3,Safe
INV-001751,2023-11-01,PRD-0348,WH-01,5,483,266,222,0,25.0,Safe
INV-001752,2023-01-22,PRD-0477,WH-12,101,171,70,202,0,86.6,Safe
INV-001753,2024-02-11,PRD-0307,WH-09,605,383,245,743,0,91.0,Safe
INV-001754,2024-07-10,PRD-0164,WH-10,1773,199,382,1590,0,124.9,Safe
INV-001755,2023-08-28,PRD-0215,WH-19,990,363,349,1004,0,86.3,Safe
INV-001756,2024-09-07,PRD-0413,WH-04,112,77,102,87,0,25.6,Safe
INV-001757,2023-06-02,PRD-0076,WH-07,1678,42,179,1541,0,258.3,Safe
INV-001758,2024-09-14,PRD-0438,WH-16,1902,38,552,1388,0,75.4,Safe
INV-001759,2023-11-03,PRD-0131,WH-15,55,117,84,88,0,31.4,Safe
INV-001760,2023-04-13,PRD-0341,WH-06,1558,469,525,1502,0,85.8,Safe
INV-001761,2023-02-20,PRD-0122,WH-05,1555,75,401,1229,0,91.9,Safe
INV-001762,2024-08-02,PRD-0058,WH-19,630,205,170,665,0,117.4,Safe
INV-001763,2023-05-30,PRD-0087,WH-13,1675,259,201,1733,0,258.7,Safe
INV-001764,2023-07-13,PRD-0128,WH-06,673,268,217,724,0,100.1,Safe
INV-001765,2024-03-31,PRD-0206,WH-20,1717,235,190,1762,0,278.2,Safe
INV-001766,2023-11-10,PRD-0108,WH-13,1439,67,318,1188,0,112.1,Safe
INV-001767,2024-06-30,PRD-0123,WH-09,1624,179,67,1736,0,777.3,Safe
INV-001768,2023-04-04,PRD-0480,WH-19,632,172,175,629,0,107.8,Safe
INV-001769,2023-05-25,PRD-0219,WH-04,974,460,153,1281,0,251.2,Safe
INV-001770,2023-01-17,PRD-0277,WH-17,1651,408,232,1827,0,236.2,Safe
INV-001771,2024-08-31,PRD-0308,WH-04,1984,225,99,2110,0,639.4,Safe
INV-001772,2023-07-06,PRD-0495,WH-05,869,430,79,1220,0,463.3,Safe
INV-001773,2024-02-07,PRD-0210,WH-03,449,349,163,635,0,116.9,Safe
INV-001774,2023-09-06,PRD-0238,WH-17,1282,3,91,1194,0,393.6,Safe
INV-001775,2023-10-03,PRD-0439,WH-10,423,92,392,123,0,9.4,Warning
INV-001776,2023-01-14,PRD-0208,WH-05,191,420,95,516,0,162.9,Safe
INV-001777,2023-12-04,PRD-0450,WH-12,1739,262,582,1419,0,73.1,Safe
INV-001778,2023-01-05,PRD-0291,WH-10,1653,389,102,1940,0,570.6,Safe
INV-001779,2023-01-29,PRD-0033,WH-14,1946,437,570,1813,0,95.4,Safe
INV-001780,2024-02-10,PRD-0172,WH-08,1693,316,198,1811,0,274.4,Safe
INV-001781,2024-06-21,PRD-0223,WH-20,539,436,511,464,0,27.2,Safe
INV-001782,2023-02-04,PRD-0211,WH-20,1784,280,567,1497,0,79.2,Safe
INV-001783,2023-04-29,PRD-0423,WH-14,1255,173,251,1177,0,140.7,Safe
INV-001784,2024-02-11,PRD-0024,WH-17,1149,95,544,700,0,38.6,Safe
INV-001785,2023-06-11,PRD-0181,WH-18,890,3,540,353,0,19.6,Safe
INV-001786,2024-04-22,PRD-0301,WH-05,283,354,91,546,0,180.0,Safe
INV-001787,2023-07-15,PRD-0268,WH-18,290,197,153,334,0,65.5,Safe
INV-001788,2024-06-30,PRD-0378,WH-05,1595,110,384,1321,0,103.2,Safe
INV-001789,2024-02-15,PRD-0279,WH-06,499,434,366,567,0,46.5,Safe
INV-001790,2023-03-17,PRD-0244,WH-07,653,140,116,677,0,175.1,Safe
INV-001791,2024-04-03,PRD-0161,WH-10,916,49,44,921,0,628.0,Safe
INV-001792,2023-05-15,PRD-0427,WH-05,289,79,123,245,0,59.8,Safe
INV-001793,2024-06-11,PRD-0166,WH-17,311,316,337,290,0,25.8,Safe
INV-001794,2023-08-10,PRD-0184,WH-05,895,50,506,439,0,26.0,Safe
INV-001795,2023-10-23,PRD-0462,WH-02,921,217,583,555,0,28.6,Safe
INV-001796,2023-07-25,PRD-0072,WH-19,797,161,345,613,0,53.3,Safe
INV-001797,2024-04-23,PRD-0482,WH-18,1713,120,244,1589,0,195.4,Safe
INV-001798,2024-02-13,PRD-0015,WH-01,1472,218,273,1417,0,155.7,Safe
INV-001799,2023-02-05,PRD-0125,WH-20,1358,234,72,1520,0,633.3,Safe
INV-001800,2024-06-07,PRD-0366,WH-07,447,37,269,215,0,24.0,Safe
INV-001801,2023-11-28,PRD-0217,WH-14,968,84,42,1010,0,721.4,Safe
INV-001802,2024-02-10,PRD-0352,WH-19,624,153,576,201,0,10.5,Warning
INV-001803,2023-07-24,PRD-0040,WH-04,776,434,495,715,0,43.3,Safe
INV-001804,2024-07-09,PRD-0117,WH-20,144,86,78,152,0,58.5,Safe
INV-001805,2024-09-14,PRD-0363,WH-05,37,132,38,131,0,103.4,Safe
INV-001806,2023-09-28,PRD-0213,WH-08,971,448,194,1225,0,189.4,Safe
INV-001807,2024-03-17,PRD-0445,WH-06,243,154,260,137,0,15.8,Safe
INV-001808,2024-05-17,PRD-0393,WH-15,1381,259,522,1118,0,64.3,Safe
INV-001809,2024-06-21,PRD-0178,WH-13,460,12,246,226,0,27.6,Safe
INV-001810,2023-08-13,PRD-0072,WH-07,1461,114,513,1062,0,62.1,Safe
INV-001811,2023-06-02,PRD-0062,WH-03,1618,239,79,1778,0,675.2,Safe
INV-001812,2024-01-16,PRD-0280,WH-12,249,202,242,209,0,25.9,Safe
INV-001813,2023-11-16,PRD-0465,WH-06,1421,262,531,1152,0,65.1,Safe
INV-001814,2023-03-16,PRD-0421,WH-17,1728,29,306,1451,0,142.3,Safe
INV-001815,2024-01-28,PRD-0145,WH-11,1210,293,210,1293,0,184.7,Safe
INV-001816,2024-07-06,PRD-0462,WH-05,1564,451,166,1849,0,334.2,Safe
INV-001817,2024-09-19,PRD-0046,WH-17,908,153,311,750,0,72.3,Safe
INV-001818,2024-02-10,PRD-0128,WH-18,1139,118,320,937,0,87.8,Safe
INV-001819,2023-06-09,PRD-0436,WH-05,5,45,38,12,0,9.5,Warning
INV-001820,2024-04-01,PRD-0095,WH-15,550,251,449,352,0,23.5,Safe
INV-001821,2023-07-01,PRD-0003,WH-16,437,333,535,235,0,13.2,Warning
INV-001822,2023-12-05,PRD-0411,WH-16,1162,475,388,1249,0,96.6,Safe
INV-001823,2023-12-28,PRD-0057,WH-01,318,278,383,213,0,16.7,Safe
INV-001824,2024-05-05,PRD-0109,WH-02,1322,117,103,1336,0,389.1,Safe
INV-001825,2023-05-01,PRD-0252,WH-20,194,332,353,173,0,14.7,Safe
INV-001826,2023-02-02,PRD-0331,WH-17,1779,139,142,1776,0,375.2,Safe
INV-001827,2023-02-05,PRD-0368,WH-05,1928,101,300,1729,0,172.9,Safe
INV-001828,2023-11-27,PRD-0342,WH-15,1916,500,255,2161,0,254.2,Safe
INV-001829,2023-03-29,PRD-0247,WH-16,1983,140,520,1603,0,92.5,Safe
INV-001830,2023-12-05,PRD-0101,WH-01,1828,49,257,1620,0,189.1,Safe
INV-001831,2023-07-05,PRD-0249,WH-07,1772,440,386,1826,0,141.9,Safe
INV-001832,2023-03-27,PRD-0146,WH-16,1329,233,230,1332,0,173.7,Safe
INV-001833,2023-03-10,PRD-0070,WH-10,735,256,157,834,0,159.4,Safe
INV-001834,2024-09-28,PRD-0297,WH-03,973,47,374,646,0,51.8,Safe
INV-001835,2024-09-12,PRD-0491,WH-15,1084,161,316,929,0,88.2,Safe
INV-001836,2023-07-12,PRD-0264,WH-17,1127,415,437,1105,0,75.9,Safe
INV-001837,2023-09-06,PRD-0398,WH-13,1067,466,6,1527,0,999.0,Safe
INV-001838,2024-04-30,PRD-0251,WH-07,463,103,479,87,0,5.4,Critical
INV-001839,2023-07-09,PRD-0161,WH-06,3,487,474,16,0,1.0,Critical
INV-001840,2023-04-22,PRD-0416,WH-07,1870,225,446,1649,0,110.9,Safe
INV-001841,2024-09-26,PRD-0010,WH-19,1228,49,378,899,0,71.3,Safe
INV-001842,2024-01-29,PRD-0314,WH-12,1772,408,278,1902,0,205.3,Safe
INV-001843,2024-09-07,PRD-0307,WH-05,101,397,275,223,0,24.3,Safe
INV-001844,2023-12-14,PRD-0067,WH-17,1215,480,384,1311,0,102.4,Safe
INV-001845,2023-06-22,PRD-0314,WH-01,1524,448,437,1535,0,105.4,Safe
INV-001846,2023-09-15,PRD-0380,WH-15,1719,8,415,1312,0,94.8,Safe
INV-001847,2023-04-25,PRD-0439,WH-10,167,336,494,9,0,0.5,Critical
INV-001848,2024-03-02,PRD-0050,WH-07,1984,40,429,1595,0,111.5,Safe
INV-001849,2023-06-12,PRD-0348,WH-12,120,409,511,18,0,1.1,Critical
INV-001850,2023-01-10,PRD-0398,WH-05,1671,479,53,2097,0,999.0,Safe
INV-001851,2023-08-28,PRD-0338,WH-13,1234,166,318,1082,0,102.1,Safe
INV-001852,2023-07-24,PRD-0080,WH-19,441,279,197,523,0,79.6,Safe
INV-001853,2023-01-19,PRD-0376,WH-16,846,169,583,432,0,22.2,Safe
INV-001854,2024-03-24,PRD-0207,WH-19,431,486,503,414,0,24.7,Safe
INV-001855,2024-03-28,PRD-0385,WH-06,478,14,4,488,0,999.0,Safe
INV-001856,2024-09-23,PRD-0011,WH-01,1993,4,303,1694,0,167.7,Safe
INV-001857,2024-09-27,PRD-0058,WH-18,1621,204,89,1736,0,585.2,Safe
INV-001858,2024-04-13,PRD-0038,WH-13,732,339,152,919,0,181.4,Safe
INV-001859,2023-06-07,PRD-0305,WH-06,924,97,130,891,0,205.6,Safe
INV-001860,2024-04-21,PRD-0326,WH-08,307,60,193,174,0,27.0,Safe
INV-001861,2023-12-01,PRD-0319,WH-18,1942,327,301,1968,0,196.1,Safe
INV-001862,2023-05-16,PRD-0471,WH-04,1915,418,50,2283,0,999.0,Safe
INV-001863,2023-10-09,PRD-0038,WH-08,383,425,319,489,0,46.0,Safe
INV-001864,2023-02-18,PRD-0340,WH-16,831,85,186,730,0,117.7,Safe
INV-001865,2023-07-11,PRD-0265,WH-01,1326,495,340,1481,0,130.7,Safe
INV-001866,2024-04-05,PRD-0295,WH-10,85,103,168,20,0,3.6,Critical
INV-001867,2024-04-02,PRD-0115,WH-06,322,116,131,307,0,70.3,Safe
INV-001868,2024-06-11,PRD-0490,WH-04,806,435,246,995,0,121.3,Safe
INV-001869,2023-03-14,PRD-0060,WH-14,572,216,146,642,0,131.9,Safe
INV-001870,2024-02-16,PRD-0156,WH-11,781,355,41,1095,0,801.2,Safe
INV-001871,2023-10-19,PRD-0240,WH-01,1370,252,253,1369,0,162.3,Safe
INV-001872,2023-04-19,PRD-0068,WH-16,1829,160,436,1553,0,106.9,Safe
INV-001873,2023-10-07,PRD-0118,WH-08,98,174,257,15,0,1.8,Critical
INV-001874,2024-07-18,PRD-0347,WH-14,1802,88,46,1844,0,999.0,Safe
INV-001875,2023-06-17,PRD-0217,WH-07,604,14,515,103,0,6.0,Critical
INV-001876,2023-05-31,PRD-0357,WH-02,644,260,450,454,0,30.3,Safe
INV-001877,2024-06-06,PRD-0320,WH-13,1251,412,579,1084,0,56.2,Safe
INV-001878,2023-03-22,PRD-0204,WH-04,1174,227,232,1169,0,151.2,Safe
INV-001879,2023-08-26,PRD-0377,WH-04,1591,43,395,1239,0,94.1,Safe
INV-001880,2024-03-07,PRD-0094,WH-11,545,449,130,864,0,199.4,Safe
INV-001881,2024-06-01,PRD-0477,WH-12,1443,16,588,871,0,44.4,Safe
INV-001882,2023-07-27,PRD-0135,WH-03,1631,122,226,1527,0,202.7,Safe
INV-001883,2023-10-15,PRD-0025,WH-02,1506,48,247,1307,0,158.7,Safe
INV-001884,2024-02-10,PRD-0435,WH-04,1178,365,260,1283,0,148.0,Safe
INV-001885,2024-03-06,PRD-0255,WH-19,1164,468,243,1389,0,171.5,Safe
INV-001886,2024-01-24,PRD-0380,WH-02,1008,430,498,940,0,56.6,Safe
INV-001887,2024-06-14,PRD-0101,WH-20,1816,308,26,2098,0,999.0,Safe
INV-001888,2023-12-29,PRD-0479,WH-04,1836,236,148,1924,0,390.0,Safe
INV-001889,2024-05-23,PRD-0439,WH-13,1142,371,257,1256,0,146.6,Safe
INV-001890,2024-04-19,PRD-0247,WH-02,205,6,130,81,0,18.7,Safe
INV-001891,2023-07-12,PRD-0159,WH-06,358,395,225,528,0,70.4,Safe
INV-001892,2024-02-20,PRD-0303,WH-14,462,178,579,61,0,3.2,Critical
INV-001893,2023-09-22,PRD-0439,WH-19,1888,146,567,1467,0,77.6,Safe
INV-001894,2024-09-25,PRD-0102,WH-09,1762,296,544,1514,0,83.5,Safe
INV-001895,2023-08-23,PRD-0239,WH-17,534,237,539,232,0,12.9,Warning
INV-001896,2024-05-10,PRD-0272,WH-18,534,490,228,796,0,104.7,Safe
INV-001897,2024-09-24,PRD-0117,WH-15,1704,344,429,1619,0,113.2,Safe
INV-001898,2024-09-14,PRD-0479,WH-05,343,159,195,307,0,47.2,Safe
INV-001899,2023-02-22,PRD-0386,WH-06,959,141,105,995,0,284.3,Safe
INV-001900,2024-05-26,PRD-0199,WH-03,687,179,125,741,0,177.8,Safe
INV-001901,2024-08-23,PRD-0364,WH-14,1089,93,505,677,0,40.2,Safe
INV-001902,2024-01-29,PRD-0391,WH-12,1160,304,168,1296,0,231.4,Safe
INV-001903,2023-11-05,PRD-0141,WH-18,838,305,315,828,0,78.9,Safe
INV-001904,2023-05-10,PRD-0248,WH-05,605,33,341,297,0,26.1,Safe
INV-001905,2024-02-16,PRD-0453,WH-15,903,112,391,624,0,47.9,Safe
INV-001906,2024-01-21,PRD-0071,WH-19,807,387,473,721,0,45.7,Safe
INV-001907,2024-03-25,PRD-0376,WH-02,1334,334,541,1127,0,62.5,Safe
INV-001908,2023-12-02,PRD-0456,WH-03,196,168,356,8,0,0.7,Critical
INV-001909,2024-01-28,PRD-0104,WH-14,731,252,185,798,0,129.4,Safe
INV-001910,2023-02-25,PRD-0120,WH-04,354,467,599,222,0,11.1,Warning
INV-001911,2023-11-11,PRD-0407,WH-09,395,443,62,776,0,375.5,Safe
INV-001912,2023-02-28,PRD-0344,WH-10,451,473,194,730,0,112.9,Safe
INV-001913,2024-01-01,PRD-0267,WH-20,200,221,293,128,0,13.1,Warning
INV-001914,2023-12-10,PRD-0272,WH-02,523,6,303,226,0,22.4,Safe
INV-001915,2024-04-06,PRD-0133,WH-08,805,137,487,455,0,28.0,Safe
INV-001916,2023-12-20,PRD-0309,WH-03,3,220,21,202,0,288.6,Safe
INV-001917,2024-08-02,PRD-0262,WH-12,1133,312,97,1348,0,416.9,Safe
INV-001918,2024-06-26,PRD-0058,WH-03,1040,387,141,1286,0,273.6,Safe
INV-001919,2023-01-07,PRD-0466,WH-20,815,267,255,827,0,97.3,Safe
INV-001920,2023-02-07,PRD-0133,WH-01,1681,185,443,1423,0,96.4,Safe
INV-001921,2023-06-14,PRD-0493,WH-17,1543,378,33,1888,0,999.0,Safe
INV-001922,2024-02-19,PRD-0201,WH-16,937,24,435,526,0,36.3,Safe
INV-001923,2023-07-31,PRD-0270,WH-01,832,214,474,572,0,36.2,Safe
INV-001924,2024-03-30,PRD-0355,WH-15,795,195,505,485,0,28.8,Safe
INV-001925,2023-09-16,PRD-0261,WH-05,195,168,26,337,0,388.8,Safe
INV-001926,2023-10-09,PRD-0427,WH-01,31,70,43,58,0,40.5,Safe
INV-001927,2024-05-04,PRD-0095,WH-17,1830,282,545,1567,0,86.3,Safe
INV-001928,2023-01-28,PRD-0467,WH-01,1775,206,573,1408,0,73.7,Safe
INV-001929,2024-01-20,PRD-0260,WH-13,565,366,226,705,0,93.6,Safe
INV-001930,2023-04-20,PRD-0095,WH-11,1608,333,112,1829,0,489.9,Safe
INV-001931,2023-07-27,PRD-0400,WH-04,1933,420,560,1793,0,96.1,Safe
INV-001932,2023-10-22,PRD-0117,WH-17,1724,251,440,1535,0,104.7,Safe
INV-001933,2023-05-27,PRD-0460,WH-07,635,375,399,611,0,45.9,Safe
INV-001934,2024-03-22,PRD-0020,WH-04,1300,335,405,1230,0,91.1,Safe
INV-001935,2024-09-23,PRD-0365,WH-01,1062,42,14,1090,0,999.0,Safe
INV-001936,2023-03-18,PRD-0225,WH-04,1596,91,188,1499,0,239.2,Safe
INV-001937,2024-05-25,PRD-0171,WH-13,1733,1,573,1161,0,60.8,Safe
INV-001938,2024-01-05,PRD-0385,WH-15,493,227,451,269,0,17.9,Safe
INV-001939,2024-08-22,PRD-0473,WH-04,986,186,135,1037,0,230.4,Safe
INV-001940,2023-02-14,PRD-0170,WH-10,1803,461,282,1982,0,210.9,Safe
INV-001941,2023-07-07,PRD-0150,WH-12,1414,372,119,1667,0,420.3,Safe
INV-001942,2023-03-02,PRD-0141,WH-10,66,163,144,85,0,17.7,Safe
INV-001943,2023-07-16,PRD-0288,WH-01,1657,246,373,1530,0,123.1,Safe
INV-001944,2023-05-10,PRD-0024,WH-15,85,361,235,211,0,26.9,Safe
INV-001945,2023-01-21,PRD-0472,WH-06,1644,190,348,1486,0,128.1,Safe
INV-001946,2024-07-05,PRD-0472,WH-02,1008,191,551,648,0,35.3,Safe
INV-001947,2023-10-12,PRD-0141,WH-13,1798,54,515,1337,0,77.9,Safe
INV-001948,2023-03-18,PRD-0268,WH-02,928,431,324,1035,0,95.8,Safe
INV-001949,2023-04-26,PRD-0348,WH-11,157,219,97,279,0,86.3,Safe
INV-001950,2024-03-15,PRD-0144,WH-13,795,176,412,559,0,40.7,Safe
INV-001951,2023-03-29,PRD-0081,WH-02,560,166,204,522,0,76.8,Safe
INV-001952,2024-08-29,PRD-0051,WH-19,1082,426,598,910,0,45.7,Safe
INV-001953,2023-05-19,PRD-0439,WH-05,1340,477,358,1459,0,122.3,Safe
INV-001954,2023-07-21,PRD-0491,WH-04,1699,431,530,1600,0,90.6,Safe
INV-001955,2023-05-16,PRD-0072,WH-14,11,465,14,462,0,990.0,Safe
INV-001956,2024-06-06,PRD-0249,WH-07,1871,390,534,1727,0,97.0,Safe
INV-001957,2024-03-10,PRD-0479,WH-05,1210,25,324,911,0,84.4,Safe
INV-001958,2024-07-11,PRD-0391,WH-15,1812,360,136,2036,0,449.1,Safe
INV-001959,2023-01-14,PRD-0186,WH-17,227,145,316,56,0,5.3,Critical
INV-001960,2023-09-08,PRD-0072,WH-15,937,287,9,1215,0,999.0,Safe
INV-001961,2024-04-15,PRD-0475,WH-05,1531,67,75,1523,0,609.2,Safe
INV-001962,2024-02-07,PRD-0142,WH-03,1349,193,206,1336,0,194.6,Safe
INV-001963,2023-12-12,PRD-0089,WH-06,1392,96,42,1446,0,999.0,Safe
INV-001964,2024-09-01,PRD-0273,WH-13,1990,211,122,2079,0,511.2,Safe
INV-001965,2023-08-18,PRD-0200,WH-01,179,216,58,337,0,174.3,Safe
INV-001966,2023-07-10,PRD-0450,WH-05,1820,112,473,1459,0,92.5,Safe
INV-001967,2023-06-14,PRD-0092,WH-04,1087,443,263,1267,0,144.5,Safe
INV-001968,2024-01-18,PRD-0460,WH-16,956,233,387,802,0,62.2,Safe
INV-001969,2023-10-26,PRD-0266,WH-20,605,246,254,597,0,70.5,Safe
INV-001970,2023-05-24,PRD-0379,WH-03,1381,295,119,1557,0,392.5,Safe
INV-001971,2023-09-01,PRD-0218,WH-14,1168,395,362,1201,0,99.5,Safe
INV-001972,2023-07-10,PRD-0478,WH-16,1626,421,429,1618,0,113.1,Safe
INV-001973,2023-12-17,PRD-0309,WH-17,1954,370,237,2087,0,264.2,Safe
INV-001974,2023-08-18,PRD-0098,WH-07,387,266,200,453,0,68.0,Safe
INV-001975,2024-01-27,PRD-0302,WH-15,1582,362,226,1718,0,228.1,Safe
INV-001976,2024-02-16,PRD-0099,WH-16,794,8,443,359,0,24.3,Safe
INV-001977,2023-06-06,PRD-0337,WH-05,1310,444,76,1678,0,662.4,Safe
INV-001978,2024-06-25,PRD-0322,WH-10,966,58,80,944,0,354.0,Safe
INV-001979,2023-03-19,PRD-0091,WH-02,999,278,247,1030,0,125.1,Safe
INV-001980,2023-09-27,PRD-0433,WH-08,1914,11,185,1740,0,282.2,Safe
INV-001981,2024-03-27,PRD-0249,WH-05,1644,25,424,1245,0,88.1,Safe
INV-001982,2023-11-11,PRD-0416,WH-13,786,465,75,1176,0,470.4,Safe
INV-001983,2024-07-19,PRD-0447,WH-14,81,63,123,21,0,5.1,Critical
INV-001984,2024-09-27,PRD-0016,WH-05,770,348,567,551,0,29.2,Safe
INV-001985,2024-03-01,PRD-0144,WH-02,544,122,205,461,0,67.5,Safe
INV-001986,2024-09-06,PRD-0284,WH-10,362,357,259,460,0,53.3,Safe
INV-001987,2023-07-31,PRD-0022,WH-18,1797,296,167,1926,0,346.0,Safe
INV-001988,2024-05-19,PRD-0443,WH-04,532,160,144,548,0,114.2,Safe
INV-001989,2023-11-15,PRD-0050,WH-02,1297,99,257,1139,0,133.0,Safe
INV-001990,2023-09-12,PRD-0029,WH-20,1957,108,312,1753,0,168.6,Safe
INV-001991,2024-03-19,PRD-0193,WH-12,436,69,354,151,0,12.8,Warning
INV-001992,2023-06-24,PRD-0167,WH-04,772,8,292,488,0,50.1,Safe
INV-001993,2023-10-17,PRD-0148,WH-18,1522,50,533,1039,0,58.5,Safe
INV-001994,2023-10-07,PRD-0157,WH-04,345,95,167,273,0,49.0,Safe
INV-001995,2023-03-18,PRD-0276,WH-16,1163,97,519,741,0,42.8,Safe
INV-001996,2023-06-08,PRD-0481,WH-15,726,114,584,256,0,13.2,Warning
INV-001997,2024-09-17,PRD-0366,WH-14,1105,8,243,870,0,107.4,Safe
INV-001998,2024-03-02,PRD-0142,WH-19,1649,78,342,1385,0,121.5,Safe
INV-001999,2023-08-08,PRD-0398,WH-18,1813,220,565,1468,0,77.9,Safe
INV-002000,2023-12-02,PRD-0024,WH-01,1030,197,390,837,0,64.4,Safe
INV-002001,2023-02-04,PRD-0069,WH-01,1488,477,542,1423,0,78.8,Safe
INV-002002,2023-01-12,PRD-0391,WH-20,1989,337,471,1855,0,118.2,Safe
INV-002003,2024-05-19,PRD-0450,WH-10,1822,314,457,1679,0,110.2,Safe
INV-002004,2023-12-25,PRD-0114,WH-03,745,401,499,647,0,38.9,Safe
INV-002005,2024-03-07,PRD-0279,WH-10,1783,116,416,1483,0,106.9,Safe
INV-002006,2024-01-30,PRD-0274,WH-09,881,202,40,1043,0,782.2,Safe
INV-002007,2023-06-02,PRD-0016,WH-15,844,128,79,893,0,339.1,Safe
INV-002008,2023-11-20,PRD-0439,WH-17,1162,476,101,1537,0,456.5,Safe
INV-002009,2023-05-04,PRD-0298,WH-08,1601,154,544,1211,0,66.8,Safe
INV-002010,2024-05-18,PRD-0095,WH-03,1018,315,246,1087,0,132.6,Safe
INV-002011,2024-07-25,PRD-0304,WH-02,1002,179,551,630,0,34.3,Safe
INV-002012,2024-05-29,PRD-0070,WH-14,938,119,101,956,0,284.0,Safe
INV-002013,2024-04-20,PRD-0437,WH-17,1214,97,315,996,0,94.9,Safe
INV-002014,2024-02-24,PRD-0162,WH-11,1808,192,302,1698,0,168.7,Safe
INV-002015,2023-12-18,PRD-0326,WH-05,1352,391,543,1200,0,66.3,Safe
INV-002016,2024-01-26,PRD-0347,WH-08,560,214,244,530,0,65.2,Safe
INV-002017,2023-10-26,PRD-0035,WH-03,1662,440,491,1611,0,98.4,Safe
INV-002018,2023-11-10,PRD-0396,WH-10,1312,189,410,1091,0,79.8,Safe
INV-002019,2023-04-03,PRD-0449,WH-12,1114,3,261,856,0,98.4,Safe
INV-002020,2024-08-06,PRD-0053,WH-18,1629,470,201,1898,0,283.3,Safe
INV-002021,2024-05-20,PRD-0369,WH-10,1831,221,244,1808,0,222.3,Safe
INV-002022,2024-06-24,PRD-0438,WH-14,683,175,51,807,0,474.7,Safe
INV-002023,2024-02-20,PRD-0145,WH-01,662,399,136,925,0,204.0,Safe
INV-002024,2024-04-09,PRD-0103,WH-19,177,46,85,138,0,48.7,Safe
INV-002025,2023-10-10,PRD-0298,WH-18,769,485,165,1089,0,198.0,Safe
INV-002026,2023-02-21,PRD-0397,WH-08,1668,476,390,1754,0,134.9,Safe
INV-002027,2023-05-03,PRD-0159,WH-13,1893,220,502,1611,0,96.3,Safe
INV-002028,2023-08-15,PRD-0385,WH-08,265,77,267,75,0,8.4,Warning
INV-002029,2024-07-25,PRD-0152,WH-19,1323,23,261,1085,0,124.7,Safe
INV-002030,2024-07-04,PRD-0151,WH-05,1542,265,418,1389,0,99.7,Safe
INV-002031,2024-08-23,PRD-0188,WH-01,1832,96,136,1792,0,395.3,Safe
INV-002032,2024-05-02,PRD-0097,WH-04,781,245,244,782,0,96.1,Safe
INV-002033,2024-07-05,PRD-0389,WH-01,201,432,329,304,0,27.7,Safe
INV-002034,2024-03-27,PRD-0353,WH-12,209,23,206,26,0,3.8,Critical
INV-002035,2024-08-21,PRD-0327,WH-02,409,387,218,578,0,79.5,Safe
INV-002036,2023-01-21,PRD-0181,WH-17,1293,460,321,1432,0,133.8,Safe
INV-002037,2024-04-13,PRD-0079,WH-14,428,346,129,645,0,150.0,Safe
INV-002038,2024-01-24,PRD-0387,WH-08,240,93,331,2,0,0.2,Critical
INV-002039,2023-07-07,PRD-0033,WH-04,1800,74,506,1368,0,81.1,Safe
INV-002040,2024-03-18,PRD-0237,WH-07,1603,202,416,1389,0,100.2,Safe
INV-002041,2023-11-23,PRD-0337,WH-16,666,336,555,447,0,24.2,Safe
INV-002042,2024-04-17,PRD-0206,WH-06,1508,256,450,1314,0,87.6,Safe
INV-002043,2023-08-21,PRD-0065,WH-17,1133,491,318,1306,0,123.2,Safe
INV-002044,2023-03-23,PRD-0199,WH-12,753,143,471,425,0,27.1,Safe
INV-002045,2024-09-27,PRD-0162,WH-18,1433,104,536,1001,0,56.0,Safe
INV-002046,2023-09-05,PRD-0353,WH-12,400,50,381,69,0,5.4,Critical
INV-002047,2024-03-05,PRD-0088,WH-20,470,261,189,542,0,86.0,Safe
INV-002048,2024-05-30,PRD-0081,WH-10,283,163,290,156,0,16.1,Safe
INV-002049,2023-11-18,PRD-0017,WH-10,1182,309,361,1130,0,93.9,Safe
INV-002050,2023-01-06,PRD-0440,WH-01,1312,94,20,1386,0,999.0,Safe
INV-002051,2024-07-14,PRD-0355,WH-01,60,42,98,4,0,1.2,Critical
INV-002052,2023-07-05,PRD-0429,WH-05,1505,70,102,1473,0,433.2,Safe
INV-002053,2024-09-03,PRD-0201,WH-05,1793,403,131,2065,0,472.9,Safe
INV-002054,2023-05-12,PRD-0325,WH-16,1577,408,137,1848,0,404.7,Safe
INV-002055,2023-05-23,PRD-0404,WH-10,115,115,223,7,0,0.9,Critical
INV-002056,2024-09-05,PRD-0291,WH-11,1471,157,443,1185,0,80.2,Safe
INV-002057,2024-05-16,PRD-0197,WH-06,795,372,141,1026,0,218.3,Safe
INV-002058,2024-02-04,PRD-0291,WH-04,741,183,187,737,0,118.2,Safe
INV-002059,2023-03-14,PRD-0090,WH-15,1389,75,578,886,0,46.0,Safe
INV-002060,2024-09-12,PRD-0406,WH-16,923,436,455,904,0,59.6,Safe
INV-002061,2023-01-01,PRD-0005,WH-16,251,432,522,161,0,9.3,Warning
INV-002062,2024-05-22,PRD-0497,WH-14,1726,203,339,1590,0,140.7,Safe
INV-002063,2023-08-18,PRD-0245,WH-01,252,84,290,46,0,4.8,Critical
INV-002064,2024-09-05,PRD-0077,WH-06,337,375,588,124,0,6.3,Critical
INV-002065,2023-08-17,PRD-0184,WH-17,184,464,345,303,0,26.3,Safe
INV-002066,2023-08-23,PRD-0009,WH-04,366,487,454,399,0,26.4,Safe
INV-002067,2023-06-05,PRD-0001,WH-17,1313,334,211,1436,0,204.2,Safe
INV-002068,2024-05-12,PRD-0037,WH-06,1772,233,517,1488,0,86.3,Safe
INV-002069,2023-09-24,PRD-0496,WH-18,316,436,49,703,0,430.4,Safe
INV-002070,2023-05-15,PRD-0492,WH-03,1306,65,373,998,0,80.3,Safe
INV-002071,2024-08-24,PRD-0180,WH-05,1070,432,519,983,0,56.8,Safe
INV-002072,2024-01-27,PRD-0224,WH-17,369,256,483,142,0,8.8,Warning
INV-002073,2024-02-14,PRD-0369,WH-02,113,111,124,100,0,24.2,Safe
INV-002074,2024-06-01,PRD-0384,WH-06,564,362,415,511,0,36.9,Safe
INV-002075,2024-07-05,PRD-0471,WH-12,95,391,274,212,0,23.2,Safe
INV-002076,2024-06-03,PRD-0030,WH-18,1895,408,433,1870,0,129.6,Safe
INV-002077,2023-01-15,PRD-0349,WH-06,1146,342,43,1445,0,999.0,Safe
INV-002078,2023-10-20,PRD-0254,WH-14,953,429,375,1007,0,80.6,Safe
INV-002079,2023-05-31,PRD-0493,WH-01,29,351,324,56,0,5.2,Critical
INV-002080,2024-09-10,PRD-0391,WH-02,1715,58,3,1770,0,999.0,Safe
INV-002081,2023-02-11,PRD-0484,WH-13,1320,141,208,1253,0,180.7,Safe
INV-002082,2023-06-28,PRD-0276,WH-13,47,49,3,93,0,930.0,Safe
INV-002083,2023-11-19,PRD-0142,WH-14,1352,122,51,1423,0,837.1,Safe
INV-002084,2023-04-18,PRD-0258,WH-14,879,383,537,725,0,40.5,Safe
INV-002085,2024-03-06,PRD-0235,WH-01,762,16,157,621,0,118.7,Safe
INV-002086,2023-02-09,PRD-0396,WH-16,1886,188,465,1609,0,103.8,Safe
INV-002087,2024-01-15,PRD-0133,WH-06,873,414,547,740,0,40.6,Safe
INV-002088,2024-06-05,PRD-0372,WH-03,40,236,200,76,0,11.4,Warning
INV-002089,2023-08-02,PRD-0246,WH-03,1119,207,52,1274,0,735.0,Safe
INV-002090,2023-02-07,PRD-0151,WH-04,72,133,194,11,0,1.7,Critical
INV-002091,2024-01-12,PRD-0471,WH-10,83,283,208,158,0,22.8,Safe
INV-002092,2023-07-23,PRD-0274,WH-11,648,134,529,253,0,14.3,Safe
INV-002093,2023-08-15,PRD-0217,WH-10,1394,233,358,1269,0,106.3,Safe
INV-002094,2024-02-14,PRD-0178,WH-16,1066,53,178,941,0,158.6,Safe
INV-002095,2023-06-18,PRD-0271,WH-06,1539,206,179,1566,0,262.5,Safe
INV-002096,2023-05-07,PRD-0315,WH-07,901,466,497,870,0,52.5,Safe
INV-002097,2024-02-29,PRD-0048,WH-07,855,152,383,624,0,48.9,Safe
INV-002098,2024-07-08,PRD-0415,WH-13,1923,248,427,1744,0,122.5,Safe
INV-002099,2024-03-10,PRD-0045,WH-07,1195,136,341,990,0,87.1,Safe
INV-002100,2023-07-25,PRD-0473,WH-18,677,399,564,512,0,27.2,Safe
INV-002101,2023-03-24,PRD-0053,WH-20,1621,347,531,1437,0,81.2,Safe
INV-002102,2023-06-09,PRD-0298,WH-02,1751,155,424,1482,0,104.9,Safe
INV-002103,2024-04-21,PRD-0134,WH-08,2000,439,162,2277,0,421.7,Safe
INV-002104,2023-02-19,PRD-0368,WH-10,579,352,536,395,0,22.1,Safe
INV-002105,2023-07-31,PRD-0015,WH-18,1620,35,185,1470,0,238.4,Safe
INV-002106,2024-05-21,PRD-0463,WH-20,1211,435,442,1204,0,81.7,Safe
INV-002107,2023-10-06,PRD-0104,WH-03,1816,476,557,1735,0,93.4,Safe
INV-002108,2023-05-18,PRD-0194,WH-04,733,290,591,432,0,21.9,Safe
INV-002109,2024-04-12,PRD-0138,WH-03,14,197,161,50,0,9.3,Warning
INV-002110,2023-09-22,PRD-0146,WH-05,1529,172,50,1651,0,990.6,Safe
INV-002111,2023-01-28,PRD-0025,WH-20,1375,225,513,1087,0,63.6,Safe
INV-002112,2023-03-29,PRD-0459,WH-01,246,241,437,50,0,3.4,Critical
INV-002113,2023-09-02,PRD-0198,WH-20,1009,411,389,1031,0,79.5,Safe
INV-002114,2024-09-09,PRD-0004,WH-14,1019,304,168,1155,0,206.2,Safe
INV-002115,2023-06-06,PRD-0394,WH-16,1372,240,135,1477,0,328.2,Safe
INV-002116,2023-09-16,PRD-0066,WH-17,1338,212,201,1349,0,201.3,Safe
INV-002117,2024-07-03,PRD-0430,WH-01,1329,428,362,1395,0,115.6,Safe
INV-002118,2023-02-28,PRD-0391,WH-17,1571,30,127,1474,0,348.2,Safe
INV-002119,2024-06-28,PRD-0218,WH-17,1307,461,452,1316,0,87.3,Safe
INV-002120,2024-07-27,PRD-0316,WH-07,1126,462,280,1308,0,140.1,Safe
INV-002121,2023-01-23,PRD-0494,WH-14,1936,104,238,1802,0,227.1,Safe
INV-002122,2024-06-27,PRD-0266,WH-17,1,265,4,262,0,999.0,Safe
INV-002123,2024-03-03,PRD-0488,WH-05,1273,181,16,1438,0,999.0,Safe
INV-002124,2024-08-07,PRD-0493,WH-09,645,276,434,487,0,33.7,Safe
INV-002125,2024-08-13,PRD-0017,WH-12,837,320,327,830,0,76.1,Safe
INV-002126,2023-06-27,PRD-0201,WH-02,1089,362,49,1402,0,858.4,Safe
INV-002127,2023-09-30,PRD-0461,WH-17,623,284,593,314,0,15.9,Safe
INV-002128,2024-04-11,PRD-0250,WH-18,1744,258,434,1568,0,108.4,Safe
INV-002129,2024-03-30,PRD-0218,WH-04,5,415,406,14,0,1.0,Critical
INV-002130,2023-12-17,PRD-0181,WH-13,1324,13,537,800,0,44.7,Safe
INV-002131,2024-09-12,PRD-0094,WH-05,1531,235,271,1495,0,165.5,Safe
INV-002132,2023-08-05,PRD-0090,WH-05,102,375,295,182,0,18.5,Safe
INV-002133,2023-07-11,PRD-0333,WH-09,573,483,105,951,0,271.7,Safe
INV-002134,2023-09-23,PRD-0022,WH-10,1134,442,17,1559,0,999.0,Safe
INV-002135,2023-09-03,PRD-0051,WH-15,1078,303,381,1000,0,78.7,Safe
INV-002136,2023-11-30,PRD-0015,WH-02,1006,152,528,630,0,35.8,Safe
INV-002137,2023-08-18,PRD-0149,WH-11,237,70,302,5,0,0.5,Critical
INV-002138,2024-01-17,PRD-0327,WH-10,429,206,297,338,0,34.1,Safe
INV-002139,2024-02-26,PRD-0210,WH-09,358,437,204,591,0,86.9,Safe
INV-002140,2024-04-27,PRD-0251,WH-08,1656,426,368,1714,0,139.7,Safe
INV-002141,2023-07-01,PRD-0349,WH-10,1612,256,190,1678,0,264.9,Safe
INV-002142,2024-07-01,PRD-0343,WH-14,780,345,356,769,0,64.8,Safe
INV-002143,2023-09-08,PRD-0489,WH-07,193,16,180,29,0,4.8,Critical
INV-002144,2023-11-23,PRD-0108,WH-15,1406,17,322,1101,0,102.6,Safe
INV-002145,2023-03-11,PRD-0348,WH-04,1535,224,506,1253,0,74.3,Safe
INV-002146,2023-11-30,PRD-0407,WH-11,384,2,8,378,0,999.0,Safe
INV-002147,2023-11-12,PRD-0297,WH-09,783,249,335,697,0,62.4,Safe
INV-002148,2023-11-02,PRD-0413,WH-17,600,149,243,506,0,62.5,Safe
INV-002149,2024-06-28,PRD-0006,WH-20,1837,270,99,2008,0,608.5,Safe
INV-002150,2024-04-21,PRD-0159,WH-20,165,245,251,159,0,19.0,Safe
INV-002151,2024-09-23,PRD-0149,WH-18,801,344,304,841,0,83.0,Safe
INV-002152,2024-01-07,PRD-0045,WH-17,1268,407,260,1415,0,163.3,Safe
INV-002153,2023-01-10,PRD-0281,WH-20,1093,145,286,952,0,99.9,Safe
INV-002154,2023-04-28,PRD-0079,WH-10,1168,79,112,1135,0,304.0,Safe
INV-002155,2023-12-07,PRD-0073,WH-06,538,432,479,491,0,30.8,Safe
INV-002156,2024-03-05,PRD-0203,WH-17,1698,340,56,1982,0,999.0,Safe
INV-002157,2023-06-18,PRD-0259,WH-10,1393,418,516,1295,0,75.3,Safe
INV-002158,2023-05-23,PRD-0063,WH-18,1323,129,10,1442,0,999.0,Safe
INV-002159,2024-06-23,PRD-0062,WH-10,1992,369,405,1956,0,144.9,Safe
INV-002160,2023-12-31,PRD-0093,WH-01,660,428,563,525,0,28.0,Safe
INV-002161,2023-01-30,PRD-0092,WH-15,946,45,179,812,0,136.1,Safe
INV-002162,2023-10-05,PRD-0332,WH-15,1436,368,235,1569,0,200.3,Safe
INV-002163,2024-06-29,PRD-0149,WH-15,1331,458,50,1739,0,999.0,Safe
INV-002164,2023-01-15,PRD-0264,WH-12,356,427,27,756,0,840.0,Safe
INV-002165,2023-06-20,PRD-0435,WH-03,905,157,580,482,0,24.9,Safe
INV-002166,2024-07-14,PRD-0146,WH-04,766,104,576,294,0,15.3,Safe
INV-002167,2024-02-20,PRD-0224,WH-10,10,88,29,69,0,71.4,Safe
INV-002168,2023-12-28,PRD-0003,WH-02,607,244,552,299,0,16.2,Safe
INV-002169,2023-01-18,PRD-0252,WH-01,483,15,197,301,0,45.8,Safe
INV-002170,2023-02-07,PRD-0138,WH-15,1727,298,76,1949,0,769.3,Safe
INV-002171,2023-09-09,PRD-0483,WH-01,1460,232,68,1624,0,716.5,Safe
INV-002172,2023-06-12,PRD-0003,WH-15,766,316,477,605,0,38.1,Safe
INV-002173,2024-09-07,PRD-0097,WH-12,695,74,26,743,0,857.3,Safe
INV-002174,2023-06-15,PRD-0258,WH-13,1510,106,273,1343,0,147.6,Safe
INV-002175,2023-05-13,PRD-0435,WH-02,1463,78,414,1127,0,81.7,Safe
INV-002176,2023-05-26,PRD-0029,WH-08,644,305,212,737,0,104.3,Safe
INV-002177,2023-07-22,PRD-0280,WH-01,1461,137,176,1422,0,242.4,Safe
INV-002178,2023-05-14,PRD-0010,WH-12,880,202,280,802,0,85.9,Safe
INV-002179,2023-12-15,PRD-0080,WH-10,823,299,422,700,0,49.8,Safe
INV-002180,2023-12-22,PRD-0274,WH-15,152,439,435,156,0,10.8,Warning
INV-002181,2023-01-18,PRD-0342,WH-13,1976,58,42,1992,0,999.0,Safe
INV-002182,2023-04-27,PRD-0236,WH-09,1498,321,477,1342,0,84.4,Safe
INV-002183,2023-05-09,PRD-0316,WH-09,189,271,404,56,0,4.2,Critical
INV-002184,2024-09-04,PRD-0371,WH-11,1145,230,306,1069,0,104.8,Safe
INV-002185,2024-02-25,PRD-0356,WH-01,1997,41,515,1523,0,88.7,Safe
INV-002186,2024-05-02,PRD-0291,WH-03,1344,463,335,1472,0,131.8,Safe
INV-002187,2024-05-11,PRD-0485,WH-20,836,443,400,879,0,65.9,Safe
INV-002188,2023-09-13,PRD-0215,WH-06,366,169,188,347,0,55.4,Safe
INV-002189,2024-03-28,PRD-0257,WH-08,1800,11,479,1332,0,83.4,Safe
INV-002190,2023-06-17,PRD-0015,WH-03,1645,218,228,1635,0,215.1,Safe
INV-002191,2024-04-08,PRD-0133,WH-20,936,231,10,1157,0,999.0,Safe
INV-002192,2023-01-03,PRD-0155,WH-02,1413,291,473,1231,0,78.1,Safe
INV-002193,2023-10-20,PRD-0287,WH-18,854,74,29,899,0,930.0,Safe
INV-002194,2024-04-08,PRD-0188,WH-05,172,62,16,218,0,408.8,Safe
INV-002195,2023-08-29,PRD-0054,WH-17,1271,96,486,881,0,54.4,Safe
INV-002196,2023-10-27,PRD-0107,WH-09,342,410,330,422,0,38.4,Safe
INV-002197,2023-10-11,PRD-0373,WH-15,1562,452,159,1855,0,350.0,Safe
INV-002198,2023-12-02,PRD-0234,WH-03,1497,9,570,936,0,49.3,Safe
INV-002199,2023-05-25,PRD-0083,WH-18,1779,297,167,1909,0,342.9,Safe
INV-002200,2023-07-08,PRD-0175,WH-13,1622,385,138,1869,0,406.3,Safe
INV-002201,2024-08-18,PRD-0046,WH-20,687,276,493,470,0,28.6,Safe
INV-002202,2024-06-11,PRD-0296,WH-09,1460,180,343,1297,0,113.4,Safe
INV-002203,2024-06-10,PRD-0191,WH-10,1511,319,143,1687,0,353.9,Safe
INV-002204,2024-03-22,PRD-0136,WH-02,1813,74,512,1375,0,80.6,Safe
INV-002205,2023-07-03,PRD-0083,WH-14,193,431,342,282,0,24.7,Safe
INV-002206,2023-02-09,PRD-0415,WH-19,12,157,110,59,0,16.1,Safe
INV-002207,2024-08-15,PRD-0498,WH-02,740,26,56,710,0,380.4,Safe
INV-002208,2024-05-12,PRD-0162,WH-11,1379,464,503,1340,0,79.9,Safe
INV-002209,2024-04-07,PRD-0300,WH-19,1746,27,122,1651,0,406.0,Safe
INV-002210,2023-09-25,PRD-0132,WH-10,683,98,339,442,0,39.1,Safe
INV-002211,2023-03-16,PRD-0021,WH-19,134,270,61,343,0,168.7,Safe
INV-002212,2023-10-18,PRD-0364,WH-02,368,33,355,46,0,3.9,Critical
INV-002213,2024-03-23,PRD-0484,WH-15,1874,208,382,1700,0,133.5,Safe
INV-002214,2024-09-09,PRD-0070,WH-19,456,357,188,625,0,99.7,Safe
INV-002215,2024-05-12,PRD-0070,WH-10,1353,119,398,1074,0,81.0,Safe
INV-002216,2023-05-30,PRD-0174,WH-18,602,112,120,594,0,148.5,Safe
INV-002217,2024-08-26,PRD-0155,WH-03,304,269,233,340,0,43.8,Safe
INV-002218,2023-07-31,PRD-0336,WH-18,1578,472,480,1570,0,98.1,Safe
INV-002219,2023-08-10,PRD-0218,WH-12,1408,87,156,1339,0,257.5,Safe
INV-002220,2024-04-21,PRD-0459,WH-04,992,13,339,666,0,58.9,Safe
INV-002221,2024-01-13,PRD-0327,WH-14,1235,229,238,1226,0,154.5,Safe
INV-002222,2023-12-05,PRD-0240,WH-03,460,409,249,620,0,74.7,Safe
INV-002223,2023-03-22,PRD-0238,WH-01,490,168,257,401,0,46.8,Safe
INV-002224,2023-08-01,PRD-0220,WH-04,146,154,135,165,0,36.7,Safe
INV-002225,2023-01-27,PRD-0185,WH-11,156,178,47,287,0,183.2,Safe
INV-002226,2023-01-21,PRD-0212,WH-03,767,91,479,379,0,23.7,Safe
INV-002227,2024-08-15,PRD-0436,WH-01,339,439,379,399,0,31.6,Safe
INV-002228,2024-08-22,PRD-0019,WH-11,1280,308,162,1426,0,264.1,Safe
INV-002229,2023-05-28,PRD-0454,WH-01,682,229,122,789,0,194.0,Safe
INV-002230,2024-08-04,PRD-0414,WH-02,240,93,109,224,0,61.7,Safe
INV-002231,2024-01-23,PRD-0441,WH-20,233,34,24,243,0,303.8,Safe
INV-002232,2024-07-02,PRD-0366,WH-06,417,432,102,747,0,219.7,Safe
INV-002233,2023-02-17,PRD-0392,WH-16,1047,30,595,482,0,24.3,Safe
INV-002234,2024-01-05,PRD-0094,WH-12,1502,399,540,1361,0,75.6,Safe
INV-002235,2024-08-31,PRD-0247,WH-01,885,181,91,975,0,321.4,Safe
INV-002236,2024-02-24,PRD-0436,WH-15,1069,392,559,902,0,48.4,Safe
INV-002237,2023-01-06,PRD-0286,WH-02,1632,63,126,1569,0,373.6,Safe
INV-002238,2024-07-30,PRD-0360,WH-11,202,257,214,245,0,34.3,Safe
INV-002239,2024-01-15,PRD-0156,WH-06,1764,370,506,1628,0,96.5,Safe
INV-002240,2024-02-15,PRD-0136,WH-11,1375,426,476,1325,0,83.5,Safe
INV-002241,2023-09-06,PRD-0093,WH-18,256,174,253,177,0,21.0,Safe
INV-002242,2023-06-21,PRD-0374,WH-10,1983,148,550,1581,0,86.2,Safe
INV-002243,2024-06-17,PRD-0172,WH-09,1704,9,356,1357,0,114.4,Safe
INV-002244,2023-12-18,PRD-0196,WH-05,1223,350,584,989,0,50.8,Safe
INV-002245,2024-02-20,PRD-0035,WH-13,818,325,554,589,0,31.9,Safe
INV-002246,2024-04-13,PRD-0055,WH-20,390,94,132,352,0,80.0,Safe
INV-002247,2023-06-30,PRD-0247,WH-01,590,225,236,579,0,73.6,Safe
INV-002248,2023-12-26,PRD-0420,WH-01,790,373,310,853,0,82.5,Safe
INV-002249,2023-11-06,PRD-0247,WH-16,1944,88,304,1728,0,170.5,Safe
INV-002250,2024-04-30,PRD-0329,WH-03,1066,434,20,1480,0,999.0,Safe
INV-002251,2023-02-09,PRD-0391,WH-20,948,474,596,826,0,41.6,Safe
INV-002252,2024-01-26,PRD-0372,WH-15,783,421,392,812,0,62.1,Safe
INV-002253,2024-03-18,PRD-0012,WH-07,701,419,112,1008,0,270.0,Safe
INV-002254,2024-01-12,PRD-0030,WH-09,993,213,227,979,0,129.4,Safe
INV-002255,2023-07-16,PRD-0473,WH-08,563,39,229,373,0,48.9,Safe
INV-002256,2023-07-09,PRD-0098,WH-04,1565,432,7,1990,0,999.0,Safe
INV-002257,2024-03-12,PRD-0450,WH-06,1529,271,436,1364,0,93.9,Safe
INV-002258,2023-09-04,PRD-0182,WH-08,241,152,298,95,0,9.6,Warning
INV-002259,2023-05-26,PRD-0160,WH-20,1143,445,143,1445,0,303.1,Safe
INV-002260,2023-05-11,PRD-0380,WH-13,373,388,149,612,0,123.2,Safe
INV-002261,2023-02-24,PRD-0269,WH-03,1046,276,552,770,0,41.8,Safe
INV-002262,2023-07-22,PRD-0422,WH-08,193,91,259,25,0,2.9,Critical
INV-002263,2023-04-15,PRD-0415,WH-11,867,200,437,630,0,43.2,Safe
INV-002264,2024-05-03,PRD-0321,WH-06,1409,276,10,1675,0,999.0,Safe
INV-002265,2023-06-27,PRD-0456,WH-06,1547,13,426,1134,0,79.9,Safe
INV-002266,2024-07-25,PRD-0341,WH-15,634,36,436,234,0,16.1,Safe
INV-002267,2023-01-15,PRD-0253,WH-09,1875,117,61,1931,0,949.7,Safe
INV-002268,2024-03-08,PRD-0500,WH-02,1851,173,195,1829,0,281.4,Safe
INV-002269,2024-05-05,PRD-0070,WH-14,1516,153,215,1454,0,202.9,Safe
INV-002270,2023-10-20,PRD-0284,WH-12,746,220,564,402,0,21.4,Safe
INV-002271,2023-01-18,PRD-0083,WH-02,1749,358,105,2002,0,572.0,Safe
INV-002272,2023-10-13,PRD-0446,WH-17,1580,436,43,1973,0,999.0,Safe
INV-002273,2023-09-15,PRD-0136,WH-06,771,259,434,596,0,41.2,Safe
INV-002274,2023-04-27,PRD-0354,WH-05,331,310,241,400,0,49.8,Safe
INV-002275,2023-09-07,PRD-0074,WH-05,597,491,202,886,0,131.6,Safe
INV-002276,2023-08-02,PRD-0024,WH-09,413,208,77,544,0,211.9,Safe
INV-002277,2024-05-02,PRD-0430,WH-05,380,102,321,161,0,15.0,Safe
INV-002278,2023-08-19,PRD-0470,WH-15,1080,449,427,1102,0,77.4,Safe
INV-002279,2023-05-05,PRD-0458,WH-16,1491,143,532,1102,0,62.1,Safe
INV-002280,2023-01-05,PRD-0051,WH-08,1581,152,448,1285,0,86.0,Safe
INV-002281,2023-08-07,PRD-0117,WH-07,1412,456,310,1558,0,150.8,Safe
INV-002282,2023-02-24,PRD-0016,WH-02,1283,222,254,1251,0,147.8,Safe
INV-002283,2023-08-29,PRD-0349,WH-11,1129,318,125,1322,0,317.3,Safe
INV-002284,2023-11-25,PRD-0431,WH-01,395,397,598,194,0,9.7,Warning
INV-002285,2023-10-27,PRD-0450,WH-10,632,90,289,433,0,44.9,Safe
INV-002286,2023-06-03,PRD-0225,WH-12,270,56,60,266,0,133.0,Safe
INV-002287,2023-09-22,PRD-0184,WH-14,1038,163,476,725,0,45.7,Safe
INV-002288,2023-05-31,PRD-0397,WH-17,1354,75,208,1221,0,176.1,Safe
INV-002289,2024-05-12,PRD-0119,WH-01,1085,170,446,809,0,54.4,Safe
INV-002290,2024-01-04,PRD-0175,WH-13,9,378,238,149,0,18.8,Safe
INV-002291,2024-03-13,PRD-0279,WH-04,1676,166,243,1599,0,197.4,Safe
INV-002292,2023-05-04,PRD-0279,WH-06,726,404,124,1006,0,243.4,Safe
INV-002293,2023-04-15,PRD-0304,WH-16,534,493,497,530,0,32.0,Safe
INV-002294,2024-03-14,PRD-0368,WH-17,708,218,354,572,0,48.5,Safe
INV-002295,2023-04-14,PRD-0354,WH-08,1810,362,103,2069,0,602.6,Safe
INV-002296,2023-06-22,PRD-0261,WH-17,121,209,210,120,0,17.1,Safe
INV-002297,2023-11-13,PRD-0088,WH-12,163,373,301,235,0,23.4,Safe
INV-002298,2023-05-28,PRD-0007,WH-04,1135,352,369,1118,0,90.9,Safe
INV-002299,2023-10-31,PRD-0384,WH-11,21,451,39,433,0,333.1,Safe
INV-002300,2023-01-18,PRD-0226,WH-13,264,79,7,336,0,999.0,Safe
INV-002301,2023-04-02,PRD-0220,WH-13,80,98,143,35,0,7.3,Warning
INV-002302,2023-01-22,PRD-0265,WH-19,1218,365,114,1469,0,386.6,Safe
INV-002303,2024-04-04,PRD-0446,WH-03,1886,239,551,1574,0,85.7,Safe
INV-002304,2023-04-09,PRD-0367,WH-03,1711,474,588,1597,0,81.5,Safe
INV-002305,2024-08-13,PRD-0444,WH-05,140,14,144,10,0,2.1,Critical
INV-002306,2024-07-03,PRD-0368,WH-01,408,270,437,241,0,16.5,Safe
INV-002307,2024-08-31,PRD-0416,WH-07,1801,378,266,1913,0,215.8,Safe
INV-002308,2024-05-22,PRD-0414,WH-18,938,42,31,949,0,918.4,Safe
INV-002309,2023-08-26,PRD-0235,WH-13,481,204,382,303,0,23.8,Safe
INV-002310,2023-06-16,PRD-0434,WH-17,317,31,295,53,0,5.4,Critical
INV-002311,2024-01-28,PRD-0432,WH-13,819,115,324,610,0,56.5,Safe
INV-002312,2023-07-24,PRD-0452,WH-02,102,232,53,281,0,159.1,Safe
INV-002313,2024-08-22,PRD-0406,WH-06,582,469,272,779,0,85.9,Safe
INV-002314,2023-06-19,PRD-0112,WH-03,1484,14,70,1428,0,612.0,Safe
INV-002315,2023-09-30,PRD-0106,WH-15,108,89,13,184,0,424.6,Safe
INV-002316,2023-07-20,PRD-0428,WH-13,1206,453,178,1481,0,249.6,Safe
INV-002317,2024-05-19,PRD-0248,WH-17,1066,281,100,1247,0,374.1,Safe
INV-002318,2024-07-04,PRD-0002,WH-08,90,13,101,2,0,0.6,Critical
INV-002319,2024-05-25,PRD-0256,WH-10,58,315,192,181,0,28.3,Safe
INV-002320,2023-01-15,PRD-0375,WH-11,1121,89,251,959,0,114.6,Safe
INV-002321,2023-07-28,PRD-0238,WH-03,1180,260,309,1131,0,109.8,Safe
INV-002322,2024-09-23,PRD-0075,WH-14,877,118,457,538,0,35.3,Safe
INV-002323,2023-08-11,PRD-0087,WH-15,367,485,201,651,0,97.2,Safe
INV-002324,2023-02-02,PRD-0023,WH-08,1099,181,213,1067,0,150.3,Safe
INV-002325,2023-11-03,PRD-0045,WH-10,25,461,366,120,0,9.8,Warning
INV-002326,2023-05-02,PRD-0116,WH-14,1114,183,392,905,0,69.3,Safe
INV-002327,2023-05-03,PRD-0161,WH-08,119,295,223,191,0,25.7,Safe
INV-002328,2024-01-23,PRD-0179,WH-19,448,489,572,365,0,19.1,Safe
INV-002329,2023-04-22,PRD-0363,WH-07,1020,308,518,810,0,46.9,Safe
INV-002330,2023-07-23,PRD-0327,WH-09,1703,468,55,2116,0,999.0,Safe
INV-002331,2024-02-15,PRD-0094,WH-14,1017,414,529,902,0,51.2,Safe
INV-002332,2024-05-11,PRD-0133,WH-14,82,75,123,34,0,8.3,Warning
INV-002333,2024-09-06,PRD-0160,WH-16,660,300,310,650,0,62.9,Safe
INV-002334,2023-08-10,PRD-0167,WH-16,374,97,229,242,0,31.7,Safe
INV-002335,2024-03-30,PRD-0455,WH-07,110,4,88,26,0,8.9,Warning
INV-002336,2023-06-15,PRD-0258,WH-15,1609,410,95,1924,0,607.6,Safe
INV-002337,2024-06-15,PRD-0217,WH-12,1881,211,224,1868,0,250.2,Safe
INV-002338,2024-01-20,PRD-0232,WH-15,243,15,205,53,0,7.8,Warning
INV-002339,2023-08-02,PRD-0244,WH-03,1586,467,348,1705,0,147.0,Safe
INV-002340,2024-05-24,PRD-0003,WH-08,1416,36,561,891,0,47.6,Safe
INV-002341,2023-03-09,PRD-0381,WH-06,9,68,22,55,0,75.0,Safe
INV-002342,2023-07-31,PRD-0399,WH-18,1846,249,133,1962,0,442.6,Safe
INV-002343,2024-04-20,PRD-0078,WH-03,401,243,447,197,0,13.2,Warning
INV-002344,2023-11-28,PRD-0356,WH-02,1836,475,397,1914,0,144.6,Safe
INV-002345,2024-01-06,PRD-0350,WH-13,430,417,0,847,0,999.0,Safe
INV-002346,2023-03-02,PRD-0291,WH-08,42,154,31,165,0,159.7,Safe
INV-002347,2023-09-16,PRD-0375,WH-15,1436,365,596,1205,0,60.7,Safe
INV-002348,2023-12-21,PRD-0308,WH-14,306,210,214,302,0,42.3,Safe
INV-002349,2023-08-28,PRD-0022,WH-08,1623,301,461,1463,0,95.2,Safe
INV-002350,2023-05-13,PRD-0221,WH-18,310,435,513,232,0,13.6,Warning
INV-002351,2024-05-22,PRD-0184,WH-10,1124,289,8,1405,0,999.0,Safe
INV-002352,2024-02-15,PRD-0071,WH-17,931,470,573,828,0,43.4,Safe
INV-002353,2023-07-13,PRD-0273,WH-15,879,248,570,557,0,29.3,Safe
INV-002354,2023-08-06,PRD-0076,WH-16,653,291,264,680,0,77.3,Safe
INV-002355,2023-03-23,PRD-0118,WH-20,893,296,590,599,0,30.5,Safe
INV-002356,2023-08-22,PRD-0060,WH-12,6,474,106,374,0,105.8,Safe
INV-002357,2024-04-21,PRD-0290,WH-17,1441,108,155,1394,0,269.8,Safe
INV-002358,2024-03-29,PRD-0034,WH-14,1286,492,299,1479,0,148.4,Safe
INV-002359,2024-07-16,PRD-0105,WH-09,1482,314,395,1401,0,106.4,Safe
INV-002360,2023-04-26,PRD-0244,WH-05,925,291,352,864,0,73.6,Safe
INV-002361,2023-10-06,PRD-0365,WH-10,1784,429,246,1967,0,239.9,Safe
INV-002362,2024-06-09,PRD-0289,WH-14,1420,277,497,1200,0,72.4,Safe
INV-002363,2024-06-07,PRD-0376,WH-13,390,150,178,362,0,61.0,Safe
INV-002364,2023-01-28,PRD-0058,WH-12,56,267,158,165,0,31.3,Safe
INV-002365,2024-08-14,PRD-0141,WH-18,269,378,273,374,0,41.1,Safe
INV-002366,2024-07-28,PRD-0371,WH-08,571,364,159,776,0,146.4,Safe
INV-002367,2023-08-13,PRD-0155,WH-15,888,8,422,474,0,33.7,Safe
INV-002368,2024-07-08,PRD-0182,WH-14,1635,338,171,1802,0,316.1,Safe
INV-002369,2023-06-07,PRD-0416,WH-08,1700,32,235,1497,0,191.1,Safe
INV-002370,2024-08-08,PRD-0181,WH-06,644,358,216,786,0,109.2,Safe
INV-002371,2024-09-21,PRD-0152,WH-14,1667,8,207,1468,0,212.8,Safe
INV-002372,2024-09-10,PRD-0054,WH-15,202,397,171,428,0,75.1,Safe
INV-002373,2024-01-30,PRD-0408,WH-18,988,0,159,829,0,156.4,Safe
INV-002374,2024-03-11,PRD-0154,WH-13,1080,335,482,933,0,58.1,Safe
INV-002375,2024-08-31,PRD-0024,WH-15,1903,99,102,1900,0,558.8,Safe
INV-002376,2023-08-03,PRD-0460,WH-06,1157,262,522,897,0,51.6,Safe
INV-002377,2023-05-13,PRD-0170,WH-10,1053,440,157,1336,0,255.3,Safe
INV-002378,2023-03-06,PRD-0107,WH-01,1714,404,89,2029,0,683.9,Safe
INV-002379,2023-09-27,PRD-0447,WH-03,288,93,102,279,0,82.1,Safe
INV-002380,2023-09-06,PRD-0052,WH-14,104,326,307,123,0,12.0,Warning
INV-002381,2023-02-14,PRD-0221,WH-19,1914,390,238,2066,0,260.4,Safe
INV-002382,2024-06-22,PRD-0244,WH-12,1932,324,52,2204,0,999.0,Safe
INV-002383,2023-11-08,PRD-0358,WH-01,1934,163,507,1590,0,94.1,Safe
INV-002384,2023-01-29,PRD-0194,WH-17,819,265,37,1047,0,848.9,Safe
INV-002385,2023-08-05,PRD-0448,WH-20,1562,304,18,1848,0,999.0,Safe
INV-002386,2024-05-19,PRD-0060,WH-16,61,288,256,93,0,10.9,Warning
INV-002387,2023-03-16,PRD-0450,WH-14,653,210,397,466,0,35.2,Safe
INV-002388,2023-08-20,PRD-0123,WH-07,323,490,589,224,0,11.4,Warning
INV-002389,2023-07-24,PRD-0371,WH-12,1610,499,33,2076,0,999.0,Safe
INV-002390,2023-07-26,PRD-0404,WH-05,429,61,247,243,0,29.5,Safe
INV-002391,2023-05-10,PRD-0342,WH-17,1271,403,67,1607,0,719.6,Safe
INV-002392,2024-07-26,PRD-0407,WH-14,1151,49,105,1095,0,312.9,Safe
INV-002393,2023-07-26,PRD-0075,WH-07,1745,103,47,1801,0,999.0,Safe
INV-002394,2023-02-01,PRD-0310,WH-16,1234,314,92,1456,0,474.8,Safe
INV-002395,2023-10-09,PRD-0129,WH-16,1262,424,487,1199,0,73.9,Safe
INV-002396,2024-09-17,PRD-0334,WH-16,1346,214,475,1085,0,68.5,Safe
INV-002397,2023-08-21,PRD-0206,WH-20,1177,1,429,749,0,52.4,Safe
INV-002398,2024-07-29,PRD-0315,WH-09,1132,33,107,1058,0,296.6,Safe
INV-002399,2023-08-19,PRD-0440,WH-02,240,134,219,155,0,21.2,Safe
INV-002400,2023-09-20,PRD-0480,WH-09,155,275,23,407,0,530.9,Safe
INV-002401,2024-08-17,PRD-0201,WH-02,312,362,461,213,0,13.9,Warning
INV-002402,2024-04-09,PRD-0098,WH-11,1023,344,566,801,0,42.5,Safe
INV-002403,2023-03-05,PRD-0205,WH-04,581,219,430,370,0,25.8,Safe
INV-002404,2023-05-17,PRD-0388,WH-06,555,85,165,475,0,86.4,Safe
INV-002405,2024-06-22,PRD-0025,WH-19,1450,39,330,1159,0,105.4,Safe
INV-002406,2023-03-10,PRD-0070,WH-12,388,45,101,332,0,98.6,Safe
INV-002407,2024-04-23,PRD-0136,WH-09,1572,129,107,1594,0,446.9,Safe
INV-002408,2024-03-25,PRD-0179,WH-13,29,205,113,121,0,32.1,Safe
INV-002409,2023-08-13,PRD-0113,WH-03,1490,18,26,1482,0,999.0,Safe
INV-002410,2024-09-06,PRD-0365,WH-05,833,230,155,908,0,175.7,Safe
INV-002411,2023-06-24,PRD-0342,WH-18,1850,386,462,1774,0,115.2,Safe
INV-002412,2024-02-03,PRD-0497,WH-18,113,139,235,17,0,2.2,Critical
INV-002413,2024-03-06,PRD-0014,WH-12,1529,132,228,1433,0,188.6,Safe
INV-002414,2023-04-13,PRD-0281,WH-02,773,301,534,540,0,30.3,Safe
INV-002415,2023-11-10,PRD-0313,WH-12,871,487,66,1292,0,587.3,Safe
INV-002416,2023-08-11,PRD-0272,WH-08,648,374,486,536,0,33.1,Safe
INV-002417,2023-03-01,PRD-0269,WH-13,378,231,528,81,0,4.6,Critical
INV-002418,2023-03-02,PRD-0490,WH-13,525,184,7,702,0,999.0,Safe
INV-002419,2024-01-21,PRD-0383,WH-04,1332,311,466,1177,0,75.8,Safe
INV-002420,2023-12-14,PRD-0134,WH-12,658,168,190,636,0,100.4,Safe
INV-002421,2023-10-30,PRD-0345,WH-12,1146,146,324,968,0,89.6,Safe
INV-002422,2023-12-25,PRD-0407,WH-10,505,298,245,558,0,68.3,Safe
INV-002423,2024-01-11,PRD-0123,WH-12,1189,192,48,1333,0,833.1,Safe
INV-002424,2023-08-04,PRD-0303,WH-08,481,354,154,681,0,132.7,Safe
INV-002425,2024-05-15,PRD-0007,WH-05,847,453,231,1069,0,138.8,Safe
INV-002426,2024-03-10,PRD-0004,WH-11,1406,167,401,1172,0,87.7,Safe
INV-002427,2024-04-20,PRD-0022,WH-16,1959,351,298,2012,0,202.6,Safe
INV-002428,2023-02-28,PRD-0155,WH-14,827,496,246,1077,0,131.3,Safe
INV-002429,2023-07-11,PRD-0130,WH-03,1446,373,436,1383,0,95.2,Safe
INV-002430,2023-11-18,PRD-0025,WH-08,944,384,492,836,0,51.0,Safe
INV-002431,2023-02-15,PRD-0478,WH-01,866,250,528,588,0,33.4,Safe
INV-002432,2023-03-26,PRD-0118,WH-16,994,296,590,700,0,35.6,Safe
INV-002433,2023-08-02,PRD-0043,WH-02,1548,169,562,1155,0,61.7,Safe
INV-002434,2024-09-07,PRD-0012,WH-03,389,227,584,32,0,1.6,Critical
INV-002435,2024-05-25,PRD-0279,WH-03,1682,237,214,1705,0,239.0,Safe
INV-002436,2023-10-14,PRD-0233,WH-05,734,259,167,826,0,148.4,Safe
INV-002437,2023-09-17,PRD-0193,WH-09,639,307,295,651,0,66.2,Safe
INV-002438,2023-06-02,PRD-0458,WH-09,1542,364,169,1737,0,308.3,Safe
INV-002439,2023-10-07,PRD-0099,WH-09,584,479,468,595,0,38.1,Safe
INV-002440,2023-06-23,PRD-0331,WH-17,385,165,299,251,0,25.2,Safe
INV-002441,2024-07-05,PRD-0227,WH-11,217,148,307,58,0,5.7,Critical
INV-002442,2023-11-21,PRD-0130,WH-03,344,88,194,238,0,36.8,Safe
INV-002443,2023-02-13,PRD-0047,WH-10,996,17,59,954,0,485.1,Safe
INV-002444,2024-03-28,PRD-0227,WH-02,610,392,571,431,0,22.6,Safe
INV-002445,2024-01-29,PRD-0463,WH-11,1231,200,506,925,0,54.8,Safe
INV-002446,2024-09-23,PRD-0362,WH-10,1839,24,61,1802,0,886.2,Safe
INV-002447,2023-03-09,PRD-0370,WH-16,163,84,110,137,0,37.4,Safe
INV-002448,2023-12-22,PRD-0412,WH-13,1158,59,324,893,0,82.7,Safe
INV-002449,2024-07-22,PRD-0304,WH-19,1683,16,287,1412,0,147.6,Safe
INV-002450,2024-01-02,PRD-0066,WH-02,1024,117,426,715,0,50.4,Safe
INV-002451,2024-05-01,PRD-0433,WH-12,628,145,59,714,0,363.1,Safe
INV-002452,2024-09-03,PRD-0006,WH-14,1209,350,199,1360,0,205.0,Safe
INV-002453,2023-09-01,PRD-0128,WH-09,1241,131,354,1018,0,86.3,Safe
INV-002454,2023-10-16,PRD-0285,WH-11,1093,368,350,1111,0,95.2,Safe
INV-002455,2023-04-29,PRD-0176,WH-09,794,233,154,873,0,170.1,Safe
INV-002456,2023-09-14,PRD-0166,WH-01,352,10,100,262,0,78.6,Safe
INV-002457,2023-02-06,PRD-0435,WH-19,530,45,517,58,0,3.4,Critical
INV-002458,2023-01-31,PRD-0477,WH-03,560,134,1,693,0,999.0,Safe
INV-002459,2024-06-16,PRD-0260,WH-15,669,274,85,858,0,302.8,Safe
INV-002460,2024-07-10,PRD-0302,WH-07,1411,405,376,1440,0,114.9,Safe
INV-002461,2023-07-08,PRD-0275,WH-06,1893,170,490,1573,0,96.3,Safe
INV-002462,2023-03-11,PRD-0161,WH-02,966,464,424,1006,0,71.2,Safe
INV-002463,2023-11-30,PRD-0262,WH-13,1580,453,303,1730,0,171.3,Safe
INV-002464,2024-01-04,PRD-0499,WH-03,34,241,244,31,0,3.8,Critical
INV-002465,2023-01-30,PRD-0237,WH-05,501,125,227,399,0,52.7,Safe
INV-002466,2023-02-05,PRD-0358,WH-12,641,343,56,928,0,497.1,Safe
INV-002467,2023-01-31,PRD-0461,WH-13,191,200,307,84,0,8.2,Warning
INV-002468,2023-03-04,PRD-0387,WH-04,934,157,278,813,0,87.7,Safe
INV-002469,2024-08-26,PRD-0187,WH-01,85,8,7,86,0,368.6,Safe
INV-002470,2024-02-12,PRD-0377,WH-16,178,432,204,406,0,59.7,Safe
INV-002471,2023-06-19,PRD-0339,WH-03,1099,32,227,904,0,119.5,Safe
INV-002472,2024-03-04,PRD-0406,WH-03,752,79,588,243,0,12.4,Warning
INV-002473,2023-06-27,PRD-0198,WH-18,455,186,105,536,0,153.1,Safe
INV-002474,2023-11-15,PRD-0020,WH-10,859,254,186,927,0,149.5,Safe
INV-002475,2024-02-18,PRD-0231,WH-01,1092,342,170,1264,0,223.1,Safe
INV-002476,2023-06-03,PRD-0158,WH-20,1161,15,73,1103,0,453.3,Safe
INV-002477,2024-03-21,PRD-0456,WH-14,1654,57,370,1341,0,108.7,Safe
INV-002478,2024-06-06,PRD-0296,WH-16,1261,55,360,956,0,79.7,Safe
INV-002479,2023-07-18,PRD-0066,WH-17,1114,153,205,1062,0,155.4,Safe
INV-002480,2024-05-20,PRD-0011,WH-03,139,377,71,445,0,188.0,Safe
INV-002481,2023-12-03,PRD-0227,WH-10,1089,365,244,1210,0,148.8,Safe
INV-002482,2023-03-30,PRD-0360,WH-09,781,202,260,723,0,83.4,Safe
INV-002483,2024-08-01,PRD-0238,WH-03,214,238,85,367,0,129.5,Safe
INV-002484,2024-09-20,PRD-0169,WH-15,46,402,77,371,0,144.5,Safe
INV-002485,2023-05-21,PRD-0138,WH-06,907,40,25,922,0,999.0,Safe
INV-002486,2023-03-05,PRD-0284,WH-12,204,175,65,314,0,144.9,Safe
INV-002487,2023-11-14,PRD-0490,WH-01,1051,95,415,731,0,52.8,Safe
INV-002488,2023-07-25,PRD-0082,WH-19,958,205,468,695,0,44.6,Safe
INV-002489,2023-08-04,PRD-0037,WH-10,1644,20,96,1568,0,490.0,Safe
INV-002490,2023-02-10,PRD-0222,WH-17,1217,218,116,1319,0,341.1,Safe
INV-002491,2023-07-30,PRD-0127,WH-01,975,335,132,1178,0,267.7,Safe
INV-002492,2023-07-11,PRD-0428,WH-18,1974,177,163,1988,0,365.9,Safe
INV-002493,2024-03-20,PRD-0477,WH-16,509,135,207,437,0,63.3,Safe
INV-002494,2024-07-23,PRD-0364,WH-12,1645,143,144,1644,0,342.5,Safe
INV-002495,2023-01-08,PRD-0201,WH-04,350,0,278,72,0,7.8,Warning
INV-002496,2023-11-19,PRD-0013,WH-06,1440,380,277,1543,0,167.1,Safe
INV-002497,2024-03-25,PRD-0354,WH-16,1437,345,175,1607,0,275.5,Safe
INV-002498,2023-02-11,PRD-0290,WH-19,1936,118,341,1713,0,150.7,Safe
INV-002499,2023-11-02,PRD-0042,WH-15,1317,133,282,1168,0,124.3,Safe
INV-002500,2024-06-03,PRD-0057,WH-10,1505,17,404,1118,0,83.0,Safe
INV-002501,2023-03-30,PRD-0433,WH-14,621,277,223,675,0,90.8,Safe
INV-002502,2023-12-29,PRD-0119,WH-19,262,167,111,318,0,85.9,Safe
INV-002503,2024-06-10,PRD-0074,WH-20,290,164,237,217,0,27.5,Safe
INV-002504,2024-05-30,PRD-0106,WH-13,961,413,156,1218,0,234.2,Safe
INV-002505,2024-01-28,PRD-0238,WH-13,1368,303,363,1308,0,108.1,Safe
INV-002506,2023-10-21,PRD-0211,WH-02,40,187,151,76,0,15.1,Safe
INV-002507,2023-03-07,PRD-0084,WH-16,661,272,204,729,0,107.2,Safe
INV-002508,2024-08-18,PRD-0357,WH-14,1518,158,537,1139,0,63.6,Safe
INV-002509,2024-05-28,PRD-0326,WH-08,1610,123,412,1321,0,96.2,Safe
INV-002510,2024-05-09,PRD-0111,WH-04,1293,436,424,1305,0,92.3,Safe
INV-002511,2024-05-13,PRD-0413,WH-02,575,438,585,428,0,21.9,Safe
INV-002512,2024-07-05,PRD-0486,WH-08,493,441,279,655,0,70.4,Safe
INV-002513,2023-02-05,PRD-0310,WH-06,341,269,363,247,0,20.4,Safe
INV-002514,2023-08-05,PRD-0044,WH-02,70,272,114,228,0,60.0,Safe
INV-002515,2023-09-10,PRD-0130,WH-06,464,82,141,405,0,86.2,Safe
INV-002516,2023-04-27,PRD-0159,WH-10,1652,1,354,1299,0,110.1,Safe
INV-002517,2023-06-25,PRD-0066,WH-15,1491,385,124,1752,0,423.9,Safe
INV-002518,2024-01-10,PRD-0195,WH-13,1786,24,205,1605,0,234.9,Safe
INV-002519,2024-01-24,PRD-0499,WH-17,1389,291,437,1243,0,85.3,Safe
INV-002520,2023-09-13,PRD-0016,WH-20,680,275,113,842,0,223.5,Safe
INV-002521,2024-09-09,PRD-0475,WH-09,1389,126,489,1026,0,62.9,Safe
INV-002522,2023-12-23,PRD-0407,WH-19,1784,177,262,1699,0,194.5,Safe
INV-002523,2024-07-03,PRD-0335,WH-02,822,34,409,447,0,32.8,Safe
INV-002524,2023-07-02,PRD-0346,WH-10,955,146,17,1084,0,999.0,Safe
INV-002525,2023-06-10,PRD-0282,WH-17,1843,402,176,2069,0,352.7,Safe
INV-002526,2024-03-01,PRD-0473,WH-04,1875,82,491,1466,0,89.6,Safe
INV-002527,2023-07-29,PRD-0106,WH-07,1768,411,427,1752,0,123.1,Safe
INV-002528,2023-07-14,PRD-0129,WH-20,1915,430,52,2293,0,999.0,Safe
INV-002529,2024-06-20,PRD-0414,WH-14,1243,371,318,1296,0,122.3,Safe
INV-002530,2023-12-17,PRD-0020,WH-17,903,459,550,812,0,44.3,Safe
INV-002531,2024-01-31,PRD-0214,WH-13,764,436,230,970,0,126.5,Safe
INV-002532,2024-07-09,PRD-0342,WH-03,1395,210,27,1578,0,999.0,Safe
INV-002533,2023-05-27,PRD-0181,WH-05,589,413,47,955,0,609.6,Safe
INV-002534,2024-07-20,PRD-0371,WH-16,547,364,578,333,0,17.3,Safe
INV-002535,2024-09-21,PRD-0477,WH-14,1316,77,273,1120,0,123.1,Safe
INV-002536,2024-03-15,PRD-0001,WH-02,1933,412,112,2233,0,598.1,Safe
INV-002537,2023-06-26,PRD-0269,WH-05,916,326,183,1059,0,173.6,Safe
INV-002538,2023-01-28,PRD-0053,WH-12,839,191,435,595,0,41.0,Safe
INV-002539,2023-01-26,PRD-0026,WH-16,252,282,76,458,0,180.8,Safe
INV-002540,2024-03-14,PRD-0435,WH-02,1429,424,378,1475,0,117.1,Safe
INV-002541,2024-07-18,PRD-0135,WH-06,818,449,66,1201,0,545.9,Safe
INV-002542,2024-06-22,PRD-0390,WH-07,521,68,542,47,0,2.6,Critical
INV-002543,2023-01-28,PRD-0029,WH-20,1931,193,452,1672,0,111.0,Safe
INV-002544,2023-09-18,PRD-0262,WH-13,755,133,376,512,0,40.9,Safe
INV-002545,2024-07-09,PRD-0319,WH-20,1979,346,83,2242,0,810.4,Safe
INV-002546,2024-05-01,PRD-0366,WH-04,695,54,200,549,0,82.4,Safe
INV-002547,2023-08-08,PRD-0096,WH-10,828,143,408,563,0,41.4,Safe
INV-002548,2023-02-24,PRD-0345,WH-20,342,172,324,190,0,17.6,Safe
INV-002549,2023-10-27,PRD-0308,WH-13,483,354,123,714,0,174.1,Safe
INV-002550,2024-03-19,PRD-0097,WH-01,802,194,443,553,0,37.4,Safe
INV-002551,2023-10-30,PRD-0477,WH-09,1330,458,94,1694,0,540.6,Safe
INV-002552,2024-08-29,PRD-0213,WH-19,1607,54,249,1412,0,170.1,Safe
INV-002553,2024-06-18,PRD-0166,WH-13,883,461,575,769,0,40.1,Safe
INV-002554,2024-06-03,PRD-0342,WH-20,1101,16,365,752,0,61.8,Safe
INV-002555,2024-03-22,PRD-0104,WH-15,44,144,53,135,0,76.4,Safe
INV-002556,2023-03-23,PRD-0284,WH-19,1160,113,266,1007,0,113.6,Safe
INV-002557,2024-07-16,PRD-0218,WH-06,140,27,93,74,0,23.9,Safe
INV-002558,2023-08-19,PRD-0265,WH-04,113,289,306,96,0,9.4,Warning
INV-002559,2023-10-28,PRD-0184,WH-04,1400,86,182,1304,0,214.9,Safe
INV-002560,2023-08-18,PRD-0459,WH-20,658,72,4,726,0,999.0,Safe
INV-002561,2024-09-09,PRD-0411,WH-02,224,5,3,226,0,999.0,Safe
INV-002562,2023-02-19,PRD-0038,WH-01,613,6,479,140,0,8.8,Warning
INV-002563,2024-04-08,PRD-0319,WH-13,1397,223,8,1612,0,999.0,Safe
INV-002564,2024-09-30,PRD-0150,WH-15,837,193,309,721,0,70.0,Safe
INV-002565,2023-01-04,PRD-0219,WH-19,981,174,60,1095,0,547.5,Safe
INV-002566,2023-10-31,PRD-0016,WH-08,939,349,528,760,0,43.2,Safe
INV-002567,2023-04-07,PRD-0085,WH-16,458,253,361,350,0,29.1,Safe
INV-002568,2024-02-05,PRD-0104,WH-16,162,172,109,225,0,61.9,Safe
INV-002569,2023-07-04,PRD-0146,WH-11,1987,362,180,2169,0,361.5,Safe
INV-002570,2023-09-20,PRD-0289,WH-04,169,296,250,215,0,25.8,Safe
INV-002571,2023-11-27,PRD-0327,WH-05,929,200,237,892,0,112.9,Safe
INV-002572,2024-04-20,PRD-0256,WH-20,1864,6,424,1446,0,102.3,Safe
INV-002573,2024-01-24,PRD-0209,WH-09,1483,428,564,1347,0,71.6,Safe
INV-002574,2024-01-17,PRD-0355,WH-12,86,394,299,181,0,18.2,Safe
INV-002575,2023-10-06,PRD-0206,WH-04,1737,13,303,1447,0,143.3,Safe
INV-002576,2023-04-04,PRD-0364,WH-12,331,75,213,193,0,27.2,Safe
INV-002577,2023-11-14,PRD-0467,WH-02,1175,433,448,1160,0,77.7,Safe
INV-002578,2023-06-24,PRD-0304,WH-15,787,304,489,602,0,36.9,Safe
INV-002579,2023-07-28,PRD-0184,WH-06,1665,430,189,1906,0,302.5,Safe
INV-002580,2023-12-23,PRD-0266,WH-15,1290,47,103,1234,0,359.4,Safe
INV-002581,2023-08-04,PRD-0182,WH-15,1865,280,243,1902,0,234.8,Safe
INV-002582,2023-11-23,PRD-0499,WH-03,1093,93,343,843,0,73.7,Safe
INV-002583,2023-03-30,PRD-0450,WH-12,1530,93,490,1133,0,69.4,Safe
INV-002584,2024-08-14,PRD-0350,WH-18,1335,450,347,1438,0,124.3,Safe
INV-002585,2024-06-13,PRD-0285,WH-09,1536,232,280,1488,0,159.4,Safe
INV-002586,2023-11-07,PRD-0079,WH-12,1728,104,268,1564,0,175.1,Safe
INV-002587,2023-12-18,PRD-0188,WH-17,731,244,205,770,0,112.7,Safe
INV-002588,2024-07-13,PRD-0240,WH-04,1847,279,183,1943,0,318.5,Safe
INV-002589,2023-02-12,PRD-0083,WH-18,1310,499,224,1585,0,212.3,Safe
INV-002590,2023-05-23,PRD-0042,WH-06,1932,316,10,2238,0,999.0,Safe
INV-002591,2024-05-13,PRD-0288,WH-14,1137,273,360,1050,0,87.5,Safe
INV-002592,2023-08-19,PRD-0362,WH-19,669,306,432,543,0,37.7,Safe
INV-002593,2023-05-01,PRD-0056,WH-10,116,316,373,59,0,4.7,Critical
INV-002594,2023-12-11,PRD-0222,WH-15,1152,422,491,1083,0,66.2,Safe
INV-002595,2023-10-06,PRD-0365,WH-02,873,1,113,761,0,202.0,Safe
INV-002596,2023-06-16,PRD-0293,WH-10,660,305,412,553,0,40.3,Safe
INV-002597,2023-12-02,PRD-0139,WH-13,1230,382,142,1470,0,310.6,Safe
INV-002598,2023-03-13,PRD-0433,WH-11,1054,348,160,1242,0,232.9,Safe
INV-002599,2023-03-25,PRD-0464,WH-12,940,214,466,688,0,44.3,Safe
INV-002600,2024-03-31,PRD-0070,WH-15,472,393,213,652,0,91.8,Safe
INV-002601,2024-01-12,PRD-0372,WH-01,1330,379,467,1242,0,79.8,Safe
INV-002602,2024-03-19,PRD-0224,WH-07,1036,175,164,1047,0,191.5,Safe
INV-002603,2023-09-02,PRD-0246,WH-01,358,85,211,232,0,33.0,Safe
INV-002604,2023-12-24,PRD-0274,WH-18,1305,345,412,1238,0,90.1,Safe
INV-002605,2024-04-29,PRD-0414,WH-09,117,112,218,11,0,1.5,Critical
INV-002606,2024-02-01,PRD-0440,WH-11,1464,268,598,1134,0,56.9,Safe
INV-002607,2023-12-15,PRD-0159,WH-12,478,414,430,462,0,32.2,Safe
INV-002608,2023-05-19,PRD-0205,WH-09,1002,494,441,1055,0,71.8,Safe
INV-002609,2023-11-05,PRD-0417,WH-14,1988,134,333,1789,0,161.2,Safe
INV-002610,2024-05-01,PRD-0432,WH-05,1069,180,95,1154,0,364.4,Safe
INV-002611,2024-04-02,PRD-0138,WH-05,1488,14,535,967,0,54.2,Safe
INV-002612,2024-01-12,PRD-0291,WH-09,732,11,217,526,0,72.7,Safe
INV-002613,2024-04-21,PRD-0052,WH-04,1671,188,442,1417,0,96.2,Safe
INV-002614,2023-12-14,PRD-0427,WH-13,1966,76,178,1864,0,314.2,Safe
INV-002615,2024-02-14,PRD-0197,WH-10,1041,152,192,1001,0,156.4,Safe
INV-002616,2023-09-20,PRD-0031,WH-02,1939,198,68,2069,0,912.8,Safe
INV-002617,2024-07-26,PRD-0195,WH-19,1440,368,324,1484,0,137.4,Safe
INV-002618,2024-05-25,PRD-0020,WH-20,342,426,507,261,0,15.4,Safe
INV-002619,2023-07-09,PRD-0385,WH-07,1593,97,353,1337,0,113.6,Safe
INV-002620,2023-05-15,PRD-0254,WH-02,710,471,584,597,0,30.7,Safe
INV-002621,2023-09-09,PRD-0093,WH-18,36,281,70,247,0,105.9,Safe
INV-002622,2023-02-26,PRD-0273,WH-18,1370,139,540,969,0,53.8,Safe
INV-002623,2024-01-14,PRD-0321,WH-07,1301,253,309,1245,0,120.9,Safe
INV-002624,2024-06-27,PRD-0451,WH-13,897,265,345,817,0,71.0,Safe
INV-002625,2023-08-28,PRD-0146,WH-05,793,245,561,477,0,25.5,Safe
INV-002626,2023-09-14,PRD-0135,WH-09,921,438,5,1354,0,999.0,Safe
INV-002627,2023-04-19,PRD-0400,WH-14,1315,482,482,1315,0,81.8,Safe
INV-002628,2024-08-06,PRD-0060,WH-14,983,489,518,954,0,55.3,Safe
INV-002629,2024-09-26,PRD-0169,WH-13,1100,389,43,1446,0,999.0,Safe
INV-002630,2023-04-17,PRD-0398,WH-19,1384,321,569,1136,0,59.9,Safe
INV-002631,2023-11-28,PRD-0188,WH-07,1608,393,407,1594,0,117.5,Safe
INV-002632,2024-09-05,PRD-0427,WH-06,1762,147,372,1537,0,124.0,Safe
INV-002633,2024-06-10,PRD-0011,WH-13,1506,243,378,1371,0,108.8,Safe
INV-002634,2024-03-31,PRD-0284,WH-16,577,302,491,388,0,23.7,Safe
INV-002635,2023-05-17,PRD-0490,WH-09,914,485,211,1188,0,168.9,Safe
INV-002636,2024-03-30,PRD-0049,WH-08,1770,51,185,1636,0,265.3,Safe
INV-002637,2024-09-26,PRD-0264,WH-01,134,49,123,60,0,14.6,Safe
INV-002638,2023-01-11,PRD-0107,WH-19,1853,50,256,1647,0,193.0,Safe
INV-002639,2023-03-31,PRD-0491,WH-14,1357,265,43,1579,0,999.0,Safe
INV-002640,2023-11-19,PRD-0310,WH-20,1268,356,9,1615,0,999.0,Safe
INV-002641,2023-09-18,PRD-0303,WH-08,1607,215,476,1346,0,84.8,Safe
INV-002642,2023-05-16,PRD-0052,WH-19,452,92,70,474,0,203.1,Safe
INV-002643,2024-03-11,PRD-0035,WH-06,72,278,147,203,0,41.4,Safe
INV-002644,2023-03-13,PRD-0077,WH-01,1449,483,295,1637,0,166.5,Safe
INV-002645,2024-02-18,PRD-0064,WH-14,678,246,210,714,0,102.0,Safe
INV-002646,2023-11-11,PRD-0332,WH-12,690,116,230,576,0,75.1,Safe
INV-002647,2023-11-23,PRD-0046,WH-06,1239,422,408,1253,0,92.1,Safe
INV-002648,2023-03-06,PRD-0265,WH-12,139,56,146,49,0,10.1,Warning
INV-002649,2024-07-24,PRD-0250,WH-13,1858,238,257,1839,0,214.7,Safe
INV-002650,2024-07-26,PRD-0457,WH-18,592,191,342,441,0,38.7,Safe
INV-002651,2023-12-20,PRD-0286,WH-19,1061,326,218,1169,0,160.9,Safe
INV-002652,2024-06-05,PRD-0100,WH-13,1418,432,11,1839,0,999.0,Safe
INV-002653,2024-03-25,PRD-0107,WH-08,1746,402,9,2139,0,999.0,Safe
INV-002654,2024-07-30,PRD-0005,WH-04,1669,15,360,1324,0,110.3,Safe
INV-002655,2024-02-17,PRD-0206,WH-01,471,435,376,530,0,42.3,Safe
INV-002656,2024-04-16,PRD-0140,WH-09,1568,489,308,1749,0,170.4,Safe
INV-002657,2024-06-16,PRD-0280,WH-04,1944,223,514,1653,0,96.5,Safe
INV-002658,2023-01-24,PRD-0500,WH-14,1988,458,37,2409,0,999.0,Safe
INV-002659,2023-02-14,PRD-0323,WH-20,1297,386,461,1222,0,79.5,Safe
INV-002660,2023-05-24,PRD-0404,WH-06,117,394,15,496,0,992.0,Safe
INV-002661,2023-12-16,PRD-0499,WH-06,498,249,359,388,0,32.4,Safe
INV-002662,2023-02-20,PRD-0214,WH-04,727,131,358,500,0,41.9,Safe
INV-002663,2024-01-05,PRD-0303,WH-01,766,500,486,780,0,48.1,Safe
INV-002664,2023-01-19,PRD-0457,WH-05,1143,13,202,954,0,141.7,Safe
INV-002665,2024-04-24,PRD-0468,WH-07,1756,205,218,1743,0,239.9,Safe
INV-002666,2024-08-21,PRD-0053,WH-15,1782,273,599,1456,0,72.9,Safe
INV-002667,2024-08-15,PRD-0063,WH-18,1320,55,133,1242,0,280.2,Safe
INV-002668,2023-08-28,PRD-0012,WH-06,1810,138,195,1753,0,269.7,Safe
INV-002669,2024-09-02,PRD-0262,WH-16,845,116,433,528,0,36.6,Safe
INV-002670,2023-09-06,PRD-0258,WH-20,1329,207,520,1016,0,58.6,Safe
INV-002671,2023-12-17,PRD-0460,WH-09,1726,470,479,1717,0,107.5,Safe
INV-002672,2024-05-18,PRD-0048,WH-17,755,270,541,484,0,26.8,Safe
INV-002673,2023-02-03,PRD-0103,WH-13,66,108,157,17,0,3.2,Critical
INV-002674,2023-06-25,PRD-0181,WH-09,11,297,152,156,0,30.8,Safe
INV-002675,2024-07-23,PRD-0257,WH-12,1898,380,84,2194,0,783.6,Safe
INV-002676,2023-09-30,PRD-0495,WH-18,1084,455,488,1051,0,64.6,Safe
INV-002677,2024-05-05,PRD-0333,WH-09,1770,12,386,1396,0,108.5,Safe
INV-002678,2023-04-26,PRD-0317,WH-01,1282,69,577,774,0,40.2,Safe
INV-002679,2023-05-23,PRD-0352,WH-19,533,79,405,207,0,15.3,Safe
INV-002680,2023-01-01,PRD-0069,WH-11,857,323,281,899,0,96.0,Safe
INV-002681,2023-08-21,PRD-0078,WH-02,570,369,455,484,0,31.9,Safe
INV-002682,2023-04-01,PRD-0070,WH-12,558,74,365,267,0,21.9,Safe
INV-002683,2024-04-17,PRD-0251,WH-11,1819,87,156,1750,0,336.5,Safe
INV-002684,2024-08-31,PRD-0278,WH-12,557,424,127,854,0,201.7,Safe
INV-002685,2024-07-18,PRD-0148,WH-01,945,368,478,835,0,52.4,Safe
INV-002686,2024-05-19,PRD-0263,WH-03,1390,379,111,1658,0,448.1,Safe
INV-002687,2024-08-02,PRD-0344,WH-10,1277,97,256,1118,0,131.0,Safe
INV-002688,2024-07-05,PRD-0085,WH-02,365,345,144,566,0,117.9,Safe
INV-002689,2023-05-26,PRD-0306,WH-09,1240,20,94,1166,0,372.1,Safe
INV-002690,2024-08-05,PRD-0314,WH-12,1571,387,98,1860,0,569.4,Safe
INV-002691,2024-03-24,PRD-0357,WH-02,1363,258,155,1466,0,283.7,Safe
INV-002692,2023-02-21,PRD-0492,WH-12,579,4,64,519,0,243.3,Safe
INV-002693,2024-03-21,PRD-0053,WH-10,410,210,546,74,0,4.1,Critical
INV-002694,2024-06-22,PRD-0200,WH-09,329,272,152,449,0,88.6,Safe
INV-002695,2023-12-24,PRD-0133,WH-15,678,422,516,584,0,34.0,Safe
INV-002696,2023-12-14,PRD-0301,WH-04,1395,37,92,1340,0,437.0,Safe
INV-002697,2023-02-04,PRD-0299,WH-06,1182,454,34,1602,0,999.0,Safe
INV-002698,2023-07-07,PRD-0298,WH-01,1547,415,399,1563,0,117.5,Safe
INV-002699,2023-03-29,PRD-0162,WH-03,663,428,345,746,0,64.9,Safe
INV-002700,2023-03-13,PRD-0038,WH-18,1501,107,145,1463,0,302.7,Safe
INV-002701,2024-08-12,PRD-0174,WH-04,1329,259,191,1397,0,219.4,Safe
INV-002702,2023-10-16,PRD-0290,WH-18,1380,446,10,1816,0,999.0,Safe
INV-002703,2024-05-21,PRD-0492,WH-20,1339,79,194,1224,0,189.3,Safe
INV-002704,2023-02-06,PRD-0026,WH-10,898,185,255,828,0,97.4,Safe
INV-002705,2023-02-21,PRD-0491,WH-10,1508,43,349,1202,0,103.3,Safe
INV-002706,2024-06-11,PRD-0247,WH-20,1222,385,211,1396,0,198.5,Safe
INV-002707,2024-08-05,PRD-0033,WH-10,260,235,28,467,0,500.4,Safe
INV-002708,2023-03-16,PRD-0025,WH-16,685,381,199,867,0,130.7,Safe
INV-002709,2023-02-13,PRD-0219,WH-02,1565,479,116,1928,0,498.6,Safe
INV-002710,2023-04-14,PRD-0182,WH-19,703,207,183,727,0,119.2,Safe
INV-002711,2023-10-27,PRD-0257,WH-05,869,378,83,1164,0,420.7,Safe
INV-002712,2024-03-27,PRD-0330,WH-14,98,11,54,55,0,30.6,Safe
INV-002713,2024-07-29,PRD-0174,WH-16,1776,133,252,1657,0,197.3,Safe
INV-002714,2023-01-15,PRD-0273,WH-20,435,292,322,405,0,37.7,Safe
INV-002715,2024-03-01,PRD-0327,WH-17,775,425,416,784,0,56.5,Safe
INV-002716,2024-07-31,PRD-0395,WH-20,1472,337,389,1420,0,109.5,Safe
INV-002717,2024-07-28,PRD-0113,WH-09,647,320,256,711,0,83.3,Safe
INV-002718,2023-09-12,PRD-0357,WH-02,943,311,207,1047,0,151.7,Safe
INV-002719,2024-02-29,PRD-0074,WH-12,261,23,160,124,0,23.2,Safe
INV-002720,2023-07-24,PRD-0260,WH-05,1243,393,238,1398,0,176.2,Safe
INV-002721,2023-03-02,PRD-0465,WH-15,1997,203,414,1786,0,129.4,Safe
INV-002722,2023-08-11,PRD-0239,WH-07,1994,314,258,2050,0,238.4,Safe
INV-002723,2024-09-05,PRD-0490,WH-13,998,229,82,1145,0,418.9,Safe
INV-002724,2024-03-02,PRD-0125,WH-17,1276,1,240,1037,0,129.6,Safe
INV-002725,2024-02-08,PRD-0489,WH-12,1369,344,546,1167,0,64.1,Safe
INV-002726,2024-03-08,PRD-0073,WH-19,567,364,224,707,0,94.7,Safe
INV-002727,2023-09-30,PRD-0068,WH-18,1021,277,538,760,0,42.4,Safe
INV-002728,2023-08-20,PRD-0457,WH-11,1057,219,270,1006,0,111.8,Safe
INV-002729,2023-06-16,PRD-0096,WH-01,519,119,414,224,0,16.2,Safe
INV-002730,2024-03-25,PRD-0220,WH-05,568,324,336,556,0,49.6,Safe
INV-002731,2023-12-07,PRD-0282,WH-06,1729,362,449,1642,0,109.7,Safe
INV-002732,2023-03-26,PRD-0075,WH-17,89,253,294,48,0,4.9,Critical
INV-002733,2024-08-09,PRD-0153,WH-04,231,393,246,378,0,46.1,Safe
INV-002734,2023-11-11,PRD-0492,WH-19,1049,421,161,1309,0,243.9,Safe
INV-002735,2023-07-27,PRD-0073,WH-02,1125,57,164,1018,0,186.2,Safe
INV-002736,2023-10-01,PRD-0400,WH-06,1121,200,43,1278,0,891.6,Safe
INV-002737,2024-01-06,PRD-0011,WH-15,1317,428,448,1297,0,86.9,Safe
INV-002738,2023-07-08,PRD-0438,WH-15,281,326,385,222,0,17.3,Safe
INV-002739,2023-07-02,PRD-0355,WH-14,1915,389,537,1767,0,98.7,Safe
INV-002740,2024-09-06,PRD-0383,WH-11,614,297,442,469,0,31.8,Safe
INV-002741,2023-05-02,PRD-0028,WH-16,1444,270,100,1614,0,484.2,Safe
INV-002742,2023-04-29,PRD-0244,WH-08,152,384,97,439,0,135.8,Safe
INV-002743,2024-03-13,PRD-0200,WH-16,321,55,110,266,0,72.5,Safe
INV-002744,2023-02-13,PRD-0175,WH-10,782,296,260,818,0,94.4,Safe
INV-002745,2023-05-17,PRD-0209,WH-16,137,412,397,152,0,11.5,Warning
INV-002746,2024-08-25,PRD-0413,WH-10,1250,263,106,1407,0,398.2,Safe
INV-002747,2024-02-01,PRD-0334,WH-19,735,314,177,872,0,147.8,Safe
INV-002748,2023-05-29,PRD-0447,WH-15,283,310,231,362,0,47.0,Safe
INV-002749,2024-03-23,PRD-0101,WH-08,1661,315,415,1561,0,112.8,Safe
INV-002750,2023-12-29,PRD-0340,WH-18,116,194,77,233,0,90.8,Safe
INV-002751,2024-03-24,PRD-0143,WH-19,1009,479,405,1083,0,80.2,Safe
INV-002752,2024-06-25,PRD-0348,WH-07,174,350,12,512,0,999.0,Safe
INV-002753,2023-10-01,PRD-0338,WH-19,232,253,99,386,0,117.0,Safe
INV-002754,2023-01-06,PRD-0383,WH-04,1462,364,28,1798,0,999.0,Safe
INV-002755,2024-05-10,PRD-0137,WH-12,98,59,101,56,0,16.6,Safe
INV-002756,2024-03-14,PRD-0231,WH-15,1162,281,123,1320,0,322.0,Safe
INV-002757,2023-01-05,PRD-0217,WH-19,40,75,19,96,0,151.6,Safe
INV-002758,2023-07-31,PRD-0199,WH-16,659,143,219,583,0,79.9,Safe
INV-002759,2023-11-23,PRD-0165,WH-03,1845,144,211,1778,0,252.8,Safe
INV-002760,2023-10-07,PRD-0491,WH-15,1528,301,164,1665,0,304.6,Safe
INV-002761,2024-08-15,PRD-0430,WH-05,147,71,114,104,0,27.4,Safe
INV-002762,2024-03-13,PRD-0368,WH-15,1648,495,158,1985,0,376.9,Safe
INV-002763,2023-11-02,PRD-0294,WH-14,1509,100,112,1497,0,401.0,Safe
INV-002764,2024-05-08,PRD-0038,WH-15,1724,195,90,1829,0,609.7,Safe
INV-002765,2023-10-15,PRD-0041,WH-04,671,91,414,348,0,25.2,Safe
INV-002766,2024-03-01,PRD-0114,WH-02,38,337,251,124,0,14.8,Safe
INV-002767,2023-02-01,PRD-0010,WH-15,968,122,68,1022,0,450.9,Safe
INV-002768,2023-08-01,PRD-0348,WH-11,428,412,15,825,0,999.0,Safe
INV-002769,2024-07-21,PRD-0156,WH-17,209,327,41,495,0,362.2,Safe
INV-002770,2023-04-15,PRD-0276,WH-02,96,467,109,454,0,125.0,Safe
INV-002771,2024-02-14,PRD-0450,WH-15,1249,100,105,1244,0,355.4,Safe
INV-002772,2023-01-31,PRD-0434,WH-02,410,387,520,277,0,16.0,Safe
INV-002773,2023-01-31,PRD-0047,WH-11,636,365,422,579,0,41.2,Safe
INV-002774,2023-10-03,PRD-0223,WH-02,1713,177,133,1757,0,396.3,Safe
INV-002775,2024-05-20,PRD-0403,WH-20,1610,491,335,1766,0,158.1,Safe
INV-002776,2023-03-15,PRD-0233,WH-13,1783,271,10,2044,0,999.0,Safe
INV-002777,2024-06-07,PRD-0336,WH-08,789,177,135,831,0,184.7,Safe
INV-002778,2023-12-28,PRD-0140,WH-10,1437,291,537,1191,0,66.5,Safe
INV-002779,2024-01-10,PRD-0421,WH-18,1751,387,167,1971,0,354.1,Safe
INV-002780,2024-09-03,PRD-0025,WH-17,451,285,195,541,0,83.2,Safe
INV-002781,2024-04-27,PRD-0402,WH-02,1407,118,392,1133,0,86.7,Safe
INV-002782,2024-04-04,PRD-0030,WH-17,454,97,435,116,0,8.0,Warning
INV-002783,2024-01-17,PRD-0446,WH-01,1352,395,443,1304,0,88.3,Safe
INV-002784,2023-06-28,PRD-0323,WH-19,1025,421,294,1152,0,117.6,Safe
INV-002785,2024-08-26,PRD-0434,WH-13,1816,185,532,1469,0,82.8,Safe
INV-002786,2024-08-04,PRD-0339,WH-11,1725,496,566,1655,0,87.7,Safe
INV-002787,2024-08-10,PRD-0314,WH-18,181,315,263,233,0,26.6,Safe
INV-002788,2023-06-15,PRD-0490,WH-01,62,15,46,31,0,20.2,Safe
INV-002789,2023-12-13,PRD-0329,WH-09,1138,7,496,649,0,39.3,Safe
INV-002790,2024-09-01,PRD-0083,WH-18,1534,251,236,1549,0,196.9,Safe
INV-002791,2023-06-26,PRD-0422,WH-16,1950,326,206,2070,0,301.5,Safe
INV-002792,2023-05-29,PRD-0284,WH-20,1217,420,250,1387,0,166.4,Safe
INV-002793,2023-12-01,PRD-0031,WH-19,1527,248,311,1464,0,141.2,Safe
INV-002794,2023-01-10,PRD-0222,WH-01,411,154,8,557,0,999.0,Safe
INV-002795,2024-01-07,PRD-0083,WH-06,1434,352,429,1357,0,94.9,Safe
INV-002796,2024-05-15,PRD-0081,WH-09,157,338,277,218,0,23.6,Safe
INV-002797,2023-04-11,PRD-0208,WH-20,162,73,32,203,0,190.3,Safe
INV-002798,2023-10-30,PRD-0338,WH-08,93,349,81,361,0,133.7,Safe
INV-002799,2023-09-11,PRD-0387,WH-16,355,365,459,261,0,17.1,Safe
INV-002800,2023-09-11,PRD-0404,WH-05,587,385,181,791,0,131.1,Safe
INV-002801,2023-05-31,PRD-0272,WH-04,1224,371,255,1340,0,157.6,Safe
INV-002802,2023-08-30,PRD-0223,WH-12,1518,296,445,1369,0,92.3,Safe
INV-002803,2024-06-03,PRD-0209,WH-05,962,130,51,1041,0,612.4,Safe
INV-002804,2023-06-07,PRD-0240,WH-07,1757,62,55,1764,0,962.2,Safe
INV-002805,2024-06-23,PRD-0249,WH-19,1994,5,231,1768,0,229.6,Safe
INV-002806,2023-01-30,PRD-0142,WH-11,1903,88,357,1634,0,137.3,Safe
INV-002807,2023-07-26,PRD-0146,WH-19,645,97,126,616,0,146.7,Safe
INV-002808,2023-09-13,PRD-0359,WH-08,1085,372,136,1321,0,291.4,Safe
INV-002809,2024-03-20,PRD-0340,WH-01,259,452,427,284,0,20.0,Safe
INV-002810,2023-05-26,PRD-0387,WH-03,1365,19,554,830,0,44.9,Safe
INV-002811,2024-08-26,PRD-0200,WH-15,1777,253,47,1983,0,999.0,Safe
INV-002812,2024-09-07,PRD-0392,WH-14,1626,345,192,1779,0,278.0,Safe
INV-002813,2023-10-08,PRD-0418,WH-16,733,326,259,800,0,92.7,Safe
INV-002814,2023-03-22,PRD-0462,WH-03,746,156,359,543,0,45.4,Safe
INV-002815,2024-09-21,PRD-0495,WH-14,1488,176,287,1377,0,143.9,Safe
INV-002816,2024-01-08,PRD-0477,WH-09,1178,303,36,1445,0,999.0,Safe
INV-002817,2024-04-14,PRD-0368,WH-07,534,444,17,961,0,999.0,Safe
INV-002818,2023-04-22,PRD-0283,WH-20,650,143,38,755,0,596.1,Safe
INV-002819,2023-10-26,PRD-0275,WH-13,1953,442,588,1807,0,92.2,Safe
INV-002820,2023-06-20,PRD-0382,WH-15,244,225,243,226,0,27.9,Safe
INV-002821,2023-01-07,PRD-0458,WH-05,41,283,242,82,0,10.2,Warning
INV-002822,2023-06-28,PRD-0365,WH-02,1683,163,76,1770,0,698.7,Safe
INV-002823,2023-09-05,PRD-0285,WH-08,102,264,261,105,0,12.1,Warning
INV-002824,2023-05-13,PRD-0435,WH-07,613,438,379,672,0,53.2,Safe
INV-002825,2024-01-25,PRD-0241,WH-03,827,434,471,790,0,50.3,Safe
INV-002826,2023-12-04,PRD-0454,WH-11,250,406,90,566,0,188.7,Safe
INV-002827,2024-02-09,PRD-0403,WH-11,72,346,192,226,0,35.3,Safe
INV-002828,2024-06-01,PRD-0192,WH-06,1577,242,584,1235,0,63.4,Safe
INV-002829,2024-03-25,PRD-0381,WH-10,1260,437,325,1372,0,126.6,Safe
INV-002830,2023-02-04,PRD-0175,WH-11,828,335,233,930,0,119.7,Safe
INV-002831,2024-02-17,PRD-0108,WH-13,1305,59,530,834,0,47.2,Safe
INV-002832,2024-07-08,PRD-0280,WH-17,1541,279,15,1805,0,999.0,Safe
INV-002833,2023-02-25,PRD-0270,WH-11,1281,234,495,1020,0,61.8,Safe
INV-002834,2024-08-11,PRD-0166,WH-15,1641,65,390,1316,0,101.2,Safe
INV-002835,2024-02-07,PRD-0411,WH-17,1042,479,282,1239,0,131.8,Safe
INV-002836,2024-07-01,PRD-0119,WH-13,1555,458,227,1786,0,236.0,Safe
INV-002837,2024-06-07,PRD-0060,WH-05,580,456,81,955,0,353.7,Safe
INV-002838,2024-05-04,PRD-0026,WH-09,1122,295,267,1150,0,129.2,Safe
INV-002839,2024-01-02,PRD-0386,WH-16,1185,439,433,1191,0,82.5,Safe
INV-002840,2023-10-24,PRD-0130,WH-09,1174,395,576,993,0,51.7,Safe
INV-002841,2023-03-14,PRD-0066,WH-18,117,128,207,38,0,5.5,Critical
INV-002842,2024-08-24,PRD-0457,WH-10,1878,21,249,1650,0,198.8,Safe
INV-002843,2023-06-22,PRD-0280,WH-05,791,218,288,721,0,75.1,Safe
INV-002844,2023-10-24,PRD-0272,WH-08,510,441,90,861,0,287.0,Safe
INV-002845,2023-10-13,PRD-0167,WH-15,292,447,207,532,0,77.1,Safe
INV-002846,2024-02-06,PRD-0481,WH-11,277,208,105,380,0,108.6,Safe
INV-002847,2023-01-06,PRD-0107,WH-14,402,296,540,158,0,8.8,Warning
INV-002848,2024-04-14,PRD-0131,WH-17,433,291,118,606,0,154.1,Safe
INV-002849,2024-07-18,PRD-0424,WH-16,384,345,214,515,0,72.2,Safe
INV-002850,2024-05-31,PRD-0170,WH-18,1117,22,455,684,0,45.1,Safe
INV-002851,2023-02-20,PRD-0099,WH-06,439,301,133,607,0,136.9,Safe
INV-002852,2024-04-21,PRD-0470,WH-05,129,244,110,263,0,71.7,Safe
INV-002853,2023-09-29,PRD-0125,WH-08,377,367,442,302,0,20.5,Safe
INV-002854,2024-05-02,PRD-0390,WH-14,1570,498,158,1910,0,362.7,Safe
INV-002855,2024-01-01,PRD-0428,WH-03,1071,276,388,959,0,74.1,Safe
INV-002856,2023-09-12,PRD-0173,WH-01,736,62,207,591,0,85.7,Safe
INV-002857,2023-04-28,PRD-0409,WH-07,690,319,385,624,0,48.6,Safe
INV-002858,2023-09-22,PRD-0195,WH-18,1003,132,430,705,0,49.2,Safe
INV-002859,2023-12-13,PRD-0224,WH-20,195,371,253,313,0,37.1,Safe
INV-002860,2023-04-14,PRD-0317,WH-09,1564,218,64,1718,0,805.3,Safe
INV-002861,2023-08-01,PRD-0499,WH-08,752,499,302,949,0,94.3,Safe
INV-002862,2024-02-09,PRD-0198,WH-15,1574,310,251,1633,0,195.2,Safe
INV-002863,2023-05-03,PRD-0014,WH-11,1454,144,100,1498,0,449.4,Safe
INV-002864,2024-06-16,PRD-0237,WH-08,902,315,253,964,0,114.3,Safe
INV-002865,2023-09-07,PRD-0293,WH-14,89,10,37,62,0,50.3,Safe
INV-002866,2023-05-25,PRD-0029,WH-02,1961,117,62,2016,0,975.5,Safe
INV-002867,2024-05-31,PRD-0304,WH-16,1434,476,90,1820,0,606.7,Safe
INV-002868,2023-02-03,PRD-0265,WH-13,299,71,52,318,0,183.5,Safe
INV-002869,2024-09-09,PRD-0079,WH-18,1411,289,543,1157,0,63.9,Safe
INV-002870,2024-07-06,PRD-0022,WH-15,1841,161,303,1699,0,168.2,Safe
INV-002871,2023-04-12,PRD-0435,WH-08,1392,368,257,1503,0,175.4,Safe
INV-002872,2023-05-30,PRD-0354,WH-07,1974,266,430,1810,0,126.3,Safe
INV-002873,2023-01-11,PRD-0289,WH-01,1151,217,478,890,0,55.9,Safe
INV-002874,2023-05-06,PRD-0106,WH-11,1525,128,131,1522,0,348.5,Safe
INV-002875,2023-01-15,PRD-0094,WH-18,14,426,343,97,0,8.5,Warning
INV-002876,2023-09-15,PRD-0261,WH-12,180,130,128,182,0,42.7,Safe
INV-002877,2024-02-11,PRD-0055,WH-13,1889,309,500,1698,0,101.9,Safe
INV-002878,2024-01-25,PRD-0461,WH-05,693,298,450,541,0,36.1,Safe
INV-002879,2023-02-02,PRD-0148,WH-01,1544,120,403,1261,0,93.9,Safe
INV-002880,2023-07-10,PRD-0389,WH-02,542,79,458,163,0,10.7,Warning
INV-002881,2024-01-24,PRD-0260,WH-19,1446,327,170,1603,0,282.9,Safe
INV-002882,2023-08-14,PRD-0058,WH-08,168,495,545,118,0,6.5,Critical
INV-002883,2023-06-16,PRD-0415,WH-14,1301,62,123,1240,0,302.4,Safe
INV-002884,2024-06-09,PRD-0453,WH-12,1526,405,591,1340,0,68.0,Safe
INV-002885,2023-07-28,PRD-0039,WH-17,436,158,352,242,0,20.6,Safe
INV-002886,2023-10-07,PRD-0078,WH-02,1890,332,432,1790,0,124.3,Safe
INV-002887,2023-09-05,PRD-0266,WH-01,1999,463,371,2091,0,169.1,Safe
INV-002888,2023-02-01,PRD-0338,WH-03,1524,482,438,1568,0,107.4,Safe
INV-002889,2023-11-12,PRD-0305,WH-03,877,207,397,687,0,51.9,Safe
INV-002890,2024-02-19,PRD-0115,WH-07,668,281,77,872,0,339.7,Safe
INV-002891,2023-12-26,PRD-0291,WH-07,1445,208,41,1612,0,999.0,Safe
INV-002892,2023-05-19,PRD-0381,WH-04,1416,311,287,1440,0,150.5,Safe
INV-002893,2024-02-26,PRD-0404,WH-08,1394,73,421,1046,0,74.5,Safe
INV-002894,2024-04-23,PRD-0391,WH-19,1684,411,12,2083,0,999.0,Safe
INV-002895,2024-09-18,PRD-0429,WH-03,973,132,124,981,0,237.3,Safe
INV-002896,2023-04-16,PRD-0017,WH-13,289,147,52,384,0,221.5,Safe
INV-002897,2023-08-01,PRD-0336,WH-13,1927,138,482,1583,0,98.5,Safe
INV-002898,2023-08-29,PRD-0337,WH-19,721,107,149,679,0,136.7,Safe
INV-002899,2023-09-22,PRD-0452,WH-10,1910,64,5,1969,0,999.0,Safe
INV-002900,2023-08-10,PRD-0249,WH-16,942,263,176,1029,0,175.4,Safe
INV-002901,2024-07-20,PRD-0394,WH-04,1641,196,177,1660,0,281.4,Safe
INV-002902,2024-08-18,PRD-0291,WH-19,71,126,133,64,0,14.4,Safe
INV-002903,2024-05-16,PRD-0309,WH-16,1639,15,98,1556,0,476.3,Safe
INV-002904,2023-11-18,PRD-0331,WH-20,384,339,596,127,0,6.4,Critical
INV-002905,2023-05-17,PRD-0027,WH-08,1576,331,185,1722,0,279.2,Safe
INV-002906,2024-05-18,PRD-0187,WH-09,1872,406,104,2174,0,627.1,Safe
INV-002907,2023-07-12,PRD-0387,WH-10,1925,67,318,1674,0,157.9,Safe
INV-002908,2024-06-06,PRD-0208,WH-03,1268,107,72,1303,0,542.9,Safe
INV-002909,2024-07-06,PRD-0081,WH-13,984,392,449,927,0,61.9,Safe
INV-002910,2023-10-23,PRD-0171,WH-18,540,111,214,437,0,61.3,Safe
INV-002911,2024-08-19,PRD-0424,WH-01,1139,437,586,990,0,50.7,Safe
INV-002912,2023-12-08,PRD-0146,WH-18,1694,303,368,1629,0,132.8,Safe
INV-002913,2024-02-14,PRD-0338,WH-01,329,283,363,249,0,20.6,Safe
INV-002914,2024-02-03,PRD-0167,WH-09,1063,381,78,1366,0,525.4,Safe
INV-002915,2023-11-08,PRD-0199,WH-19,637,134,67,704,0,315.2,Safe
INV-002916,2023-04-04,PRD-0237,WH-13,692,397,227,862,0,113.9,Safe
INV-002917,2024-03-30,PRD-0170,WH-13,1362,282,47,1597,0,999.0,Safe
INV-002918,2024-06-03,PRD-0080,WH-14,90,426,365,151,0,12.4,Warning
INV-002919,2023-08-14,PRD-0097,WH-03,1776,6,327,1455,0,133.5,Safe
INV-002920,2023-10-23,PRD-0252,WH-16,1634,205,551,1288,0,70.1,Safe
INV-002921,2024-05-23,PRD-0245,WH-02,212,147,21,338,0,482.9,Safe
INV-002922,2023-08-26,PRD-0063,WH-10,735,133,473,395,0,25.1,Safe
INV-002923,2023-11-25,PRD-0051,WH-16,383,363,203,543,0,80.2,Safe
INV-002924,2024-01-05,PRD-0425,WH-10,603,96,560,139,0,7.4,Warning
INV-002925,2024-05-04,PRD-0367,WH-01,593,263,314,542,0,51.8,Safe
INV-002926,2023-10-02,PRD-0176,WH-01,413,4,174,243,0,41.9,Safe
INV-002927,2024-03-17,PRD-0326,WH-08,1150,359,288,1221,0,127.2,Safe
INV-002928,2023-02-21,PRD-0433,WH-17,511,424,433,502,0,34.8,Safe
INV-002929,2024-03-30,PRD-0027,WH-16,1480,302,244,1538,0,189.1,Safe
INV-002930,2024-01-08,PRD-0135,WH-02,14,203,126,91,0,21.7,Safe
INV-002931,2024-02-24,PRD-0048,WH-10,571,233,254,550,0,65.0,Safe
INV-002932,2023-06-09,PRD-0155,WH-06,1926,197,297,1826,0,184.4,Safe
INV-002933,2024-06-16,PRD-0070,WH-08,1617,290,261,1646,0,189.2,Safe
INV-002934,2023-08-31,PRD-0023,WH-03,577,437,465,549,0,35.4,Safe
INV-002935,2023-07-22,PRD-0194,WH-12,285,150,243,192,0,23.7,Safe
INV-002936,2024-07-31,PRD-0077,WH-01,591,447,322,716,0,66.7,Safe
INV-002937,2023-05-22,PRD-0040,WH-01,849,94,284,659,0,69.6,Safe
INV-002938,2023-08-06,PRD-0429,WH-19,1177,255,167,1265,0,227.2,Safe
INV-002939,2023-07-22,PRD-0045,WH-03,1765,129,195,1699,0,261.4,Safe
INV-002940,2024-06-21,PRD-0430,WH-14,1836,37,158,1715,0,325.6,Safe
INV-002941,2024-09-01,PRD-0267,WH-17,915,49,173,791,0,137.2,Safe
INV-002942,2024-06-12,PRD-0416,WH-03,1942,321,133,2130,0,480.5,Safe
INV-002943,2023-06-28,PRD-0393,WH-18,1937,302,307,1932,0,188.8,Safe
INV-002944,2024-04-02,PRD-0426,WH-04,731,347,26,1052,0,999.0,Safe
INV-002945,2024-02-18,PRD-0479,WH-18,637,495,593,539,0,27.3,Safe
INV-002946,2024-07-28,PRD-0104,WH-08,855,440,371,924,0,74.7,Safe
INV-002947,2023-10-29,PRD-0176,WH-04,1215,351,508,1058,0,62.5,Safe
INV-002948,2023-03-10,PRD-0495,WH-07,1143,445,133,1455,0,328.2,Safe
INV-002949,2023-05-25,PRD-0283,WH-15,1858,23,73,1808,0,743.0,Safe
INV-002950,2024-09-22,PRD-0271,WH-01,519,447,251,715,0,85.5,Safe
INV-002951,2023-03-29,PRD-0071,WH-20,1117,370,141,1346,0,286.4,Safe
INV-002952,2023-04-29,PRD-0038,WH-09,1898,227,354,1771,0,150.1,Safe
INV-002953,2024-04-25,PRD-0343,WH-03,562,77,551,88,0,4.8,Critical
INV-002954,2023-01-12,PRD-0140,WH-18,1102,166,106,1162,0,328.9,Safe
INV-002955,2023-02-16,PRD-0347,WH-19,879,449,143,1185,0,248.6,Safe
INV-002956,2024-08-16,PRD-0327,WH-13,1083,303,45,1341,0,894.0,Safe
INV-002957,2024-06-28,PRD-0354,WH-13,410,214,6,618,0,999.0,Safe
INV-002958,2023-06-02,PRD-0140,WH-19,788,260,191,857,0,134.6,Safe
INV-002959,2024-06-24,PRD-0179,WH-05,622,130,319,433,0,40.7,Safe
INV-002960,2024-05-03,PRD-0350,WH-14,17,43,56,4,0,2.1,Critical
INV-002961,2023-04-26,PRD-0372,WH-07,82,2,66,18,0,8.2,Warning
INV-002962,2023-08-26,PRD-0386,WH-11,1826,102,569,1359,0,71.7,Safe
INV-002963,2024-03-20,PRD-0170,WH-01,1708,1,514,1195,0,69.7,Safe
INV-002964,2024-08-08,PRD-0160,WH-13,52,371,60,363,0,181.5,Safe
INV-002965,2023-06-13,PRD-0053,WH-10,408,196,338,266,0,23.6,Safe
INV-002966,2023-12-09,PRD-0138,WH-18,893,149,485,557,0,34.5,Safe
INV-002967,2024-05-10,PRD-0143,WH-15,426,460,66,820,0,372.7,Safe
INV-002968,2024-06-11,PRD-0294,WH-12,645,393,33,1005,0,913.6,Safe
INV-002969,2024-05-21,PRD-0319,WH-17,1863,94,11,1946,0,999.0,Safe
INV-002970,2023-04-17,PRD-0330,WH-11,727,268,589,406,0,20.7,Safe
INV-002971,2023-04-07,PRD-0032,WH-14,1302,173,541,934,0,51.8,Safe
INV-002972,2024-01-31,PRD-0393,WH-02,1879,43,445,1477,0,99.6,Safe
INV-002973,2024-05-28,PRD-0200,WH-04,1769,410,228,1951,0,256.7,Safe
INV-002974,2023-11-09,PRD-0130,WH-18,1605,1,64,1542,0,722.8,Safe
INV-002975,2024-09-25,PRD-0270,WH-15,61,418,172,307,0,53.5,Safe
INV-002976,2023-03-06,PRD-0358,WH-04,584,445,486,543,0,33.5,Safe
INV-002977,2024-08-12,PRD-0336,WH-12,1099,273,512,860,0,50.4,Safe
INV-002978,2023-03-22,PRD-0282,WH-20,897,486,561,822,0,44.0,Safe
INV-002979,2023-08-05,PRD-0112,WH-08,72,172,32,212,0,198.8,Safe
INV-002980,2024-09-29,PRD-0313,WH-17,591,391,213,769,0,108.3,Safe
INV-002981,2024-04-01,PRD-0032,WH-13,444,25,26,443,0,511.2,Safe
INV-002982,2023-02-05,PRD-0048,WH-02,1069,266,327,1008,0,92.5,Safe
INV-002983,2023-01-20,PRD-0301,WH-17,1979,348,264,2063,0,234.4,Safe
INV-002984,2023-07-03,PRD-0325,WH-17,533,113,576,70,0,3.6,Critical
INV-002985,2024-04-23,PRD-0460,WH-13,1057,199,66,1190,0,540.9,Safe
INV-002986,2023-07-22,PRD-0048,WH-02,1236,141,211,1166,0,165.8,Safe
INV-002987,2023-11-22,PRD-0021,WH-01,604,52,290,366,0,37.9,Safe
INV-002988,2024-04-28,PRD-0479,WH-16,490,232,172,550,0,95.9,Safe
INV-002989,2024-08-09,PRD-0155,WH-06,1397,122,502,1017,0,60.8,Safe
INV-002990,2023-10-19,PRD-0405,WH-03,675,281,78,878,0,337.7,Safe
INV-002991,2024-07-28,PRD-0046,WH-19,1371,419,158,1632,0,309.9,Safe
INV-002992,2024-03-13,PRD-0218,WH-02,617,31,193,455,0,70.7,Safe
INV-002993,2023-10-07,PRD-0175,WH-12,737,329,517,549,0,31.9,Safe
INV-002994,2023-11-13,PRD-0218,WH-20,870,10,351,529,0,45.2,Safe
INV-002995,2023-08-09,PRD-0265,WH-05,116,247,246,117,0,14.3,Safe
INV-002996,2024-05-06,PRD-0007,WH-04,1300,391,478,1213,0,76.1,Safe
INV-002997,2024-05-14,PRD-0207,WH-15,834,50,204,680,0,100.0,Safe
INV-002998,2024-08-16,PRD-0175,WH-11,1184,148,439,893,0,61.0,Safe
INV-002999,2023-12-13,PRD-0094,WH-07,1355,441,596,1200,0,60.4,Safe
INV-003000,2023-01-23,PRD-0243,WH-10,545,190,329,406,0,37.0,Safe
INV-003001,2024-01-11,PRD-0130,WH-02,1275,473,294,1454,0,148.4,Safe
INV-003002,2023-03-16,PRD-0147,WH-04,559,367,358,568,0,47.6,Safe
INV-003003,2023-04-06,PRD-0130,WH-17,1373,490,374,1489,0,119.4,Safe
INV-003004,2024-04-17,PRD-0010,WH-13,1059,223,286,996,0,104.5,Safe
INV-003005,2023-04-06,PRD-0403,WH-05,1659,304,180,1783,0,297.2,Safe
INV-003006,2024-06-18,PRD-0044,WH-07,1540,316,187,1669,0,267.8,Safe
INV-003007,2024-03-28,PRD-0479,WH-08,1522,56,275,1303,0,142.1,Safe
INV-003008,2023-08-09,PRD-0117,WH-15,167,499,326,340,0,31.3,Safe
INV-003009,2024-07-25,PRD-0225,WH-05,222,224,202,244,0,36.2,Safe
INV-003010,2024-09-13,PRD-0192,WH-08,297,412,118,591,0,150.3,Safe
INV-003011,2024-08-29,PRD-0158,WH-17,1313,352,15,1650,0,999.0,Safe
INV-003012,2023-05-21,PRD-0392,WH-09,545,422,534,433,0,24.3,Safe
INV-003013,2023-07-06,PRD-0401,WH-18,967,454,40,1381,0,999.0,Safe
INV-003014,2023-06-14,PRD-0338,WH-20,158,328,33,453,0,411.8,Safe
INV-003015,2024-09-07,PRD-0238,WH-06,1014,388,189,1213,0,192.5,Safe
INV-003016,2023-03-16,PRD-0243,WH-13,711,404,311,804,0,77.6,Safe
INV-003017,2023-01-08,PRD-0238,WH-12,605,20,540,85,0,4.7,Critical
INV-003018,2024-06-27,PRD-0073,WH-16,1925,351,472,1804,0,114.7,Safe
INV-003019,2023-11-05,PRD-0200,WH-03,13,272,66,219,0,99.5,Safe
INV-003020,2023-10-27,PRD-0219,WH-18,1543,225,241,1527,0,190.1,Safe
INV-003021,2023-10-12,PRD-0124,WH-18,738,41,62,717,0,346.9,Safe
INV-003022,2023-02-25,PRD-0229,WH-14,1281,434,540,1175,0,65.3,Safe
INV-003023,2023-10-03,PRD-0103,WH-06,762,26,97,691,0,213.7,Safe
INV-003024,2023-09-03,PRD-0116,WH-14,424,47,333,138,0,12.4,Warning
INV-003025,2023-11-14,PRD-0193,WH-14,1538,235,91,1682,0,554.5,Safe
INV-003026,2024-09-14,PRD-0246,WH-13,1048,330,415,963,0,69.6,Safe
INV-003027,2024-08-23,PRD-0465,WH-08,330,257,304,283,0,27.9,Safe
INV-003028,2024-04-08,PRD-0196,WH-20,409,64,3,470,0,999.0,Safe
INV-003029,2023-01-07,PRD-0323,WH-05,542,132,359,315,0,26.3,Safe
INV-003030,2023-06-26,PRD-0456,WH-11,1550,484,543,1491,0,82.4,Safe
INV-003031,2023-05-14,PRD-0411,WH-06,298,96,372,22,0,1.8,Critical
INV-003032,2023-09-11,PRD-0088,WH-20,1387,253,151,1489,0,295.8,Safe
INV-003033,2023-12-08,PRD-0351,WH-03,1706,166,553,1319,0,71.6,Safe
INV-003034,2024-05-14,PRD-0338,WH-15,1651,42,421,1272,0,90.6,Safe
INV-003035,2024-01-10,PRD-0041,WH-17,368,391,49,710,0,434.7,Safe
INV-003036,2023-06-14,PRD-0246,WH-04,1005,320,239,1086,0,136.3,Safe
INV-003037,2023-08-14,PRD-0056,WH-15,273,266,491,48,0,2.9,Critical
INV-003038,2023-07-28,PRD-0452,WH-15,1624,67,475,1216,0,76.8,Safe
INV-003039,2024-06-28,PRD-0111,WH-16,1349,431,307,1473,0,143.9,Safe
INV-003040,2023-10-24,PRD-0096,WH-05,945,218,536,627,0,35.1,Safe
INV-003041,2024-01-31,PRD-0023,WH-07,1544,146,583,1107,0,57.0,Safe
INV-003042,2023-02-18,PRD-0095,WH-14,430,183,365,248,0,20.4,Safe
INV-003043,2023-02-12,PRD-0100,WH-02,1236,428,157,1507,0,288.0,Safe
INV-003044,2024-08-26,PRD-0140,WH-16,297,258,192,363,0,56.7,Safe
INV-003045,2024-06-15,PRD-0064,WH-18,705,71,389,387,0,29.8,Safe
INV-003046,2023-11-06,PRD-0362,WH-10,268,455,535,188,0,10.5,Warning
INV-003047,2023-01-23,PRD-0058,WH-02,1200,216,112,1304,0,349.3,Safe
INV-003048,2023-12-17,PRD-0080,WH-13,1203,209,298,1114,0,112.1,Safe
INV-003049,2024-09-16,PRD-0225,WH-14,1544,349,548,1345,0,73.6,Safe
INV-003050,2023-11-27,PRD-0027,WH-07,793,131,286,638,0,66.9,Safe
INV-003051,2023-04-07,PRD-0132,WH-12,112,108,163,57,0,10.5,Warning
INV-003052,2023-05-06,PRD-0177,WH-20,1685,217,307,1595,0,155.9,Safe
INV-003053,2023-11-27,PRD-0385,WH-04,1838,150,96,1892,0,591.2,Safe
INV-003054,2024-04-11,PRD-0099,WH-16,557,144,517,184,0,10.7,Warning
INV-003055,2024-05-30,PRD-0445,WH-03,1910,15,597,1328,0,66.7,Safe
INV-003056,2024-08-15,PRD-0395,WH-19,1824,142,445,1521,0,102.5,Safe
INV-003057,2023-12-03,PRD-0284,WH-20,755,29,341,443,0,39.0,Safe
INV-003058,2023-11-27,PRD-0051,WH-02,1291,3,306,988,0,96.9,Safe
INV-003059,2023-03-18,PRD-0421,WH-11,413,118,243,288,0,35.6,Safe
INV-003060,2024-08-19,PRD-0226,WH-06,1672,288,85,1875,0,661.8,Safe
INV-003061,2023-06-20,PRD-0063,WH-06,1113,103,473,743,0,47.1,Safe
INV-003062,2024-07-05,PRD-0135,WH-16,1503,361,547,1317,0,72.2,Safe
INV-003063,2024-06-17,PRD-0122,WH-18,356,238,589,5,0,0.3,Critical
INV-003064,2023-02-06,PRD-0496,WH-04,1912,369,437,1844,0,126.6,Safe
INV-003065,2023-11-17,PRD-0376,WH-20,1035,485,6,1514,0,999.0,Safe
INV-003066,2023-05-09,PRD-0310,WH-18,649,403,456,596,0,39.2,Safe
INV-003067,2023-11-06,PRD-0323,WH-20,1239,234,119,1354,0,341.3,Safe
INV-003068,2023-08-12,PRD-0116,WH-16,944,66,76,934,0,368.7,Safe
INV-003069,2023-05-13,PRD-0179,WH-18,1654,271,321,1604,0,149.9,Safe
INV-003070,2024-08-30,PRD-0342,WH-13,1132,481,328,1285,0,117.5,Safe
INV-003071,2023-03-18,PRD-0487,WH-12,1462,259,69,1652,0,718.3,Safe
INV-003072,2023-03-28,PRD-0497,WH-16,74,10,15,69,0,138.0,Safe
INV-003073,2023-09-23,PRD-0302,WH-04,961,37,185,813,0,131.8,Safe
INV-003074,2024-06-25,PRD-0359,WH-01,1779,260,448,1591,0,106.5,Safe
INV-003075,2023-12-13,PRD-0084,WH-01,1305,223,156,1372,0,263.8,Safe
INV-003076,2024-01-19,PRD-0006,WH-18,515,275,111,679,0,183.5,Safe
INV-003077,2023-05-03,PRD-0047,WH-12,1981,132,300,1813,0,181.3,Safe
INV-003078,2023-05-22,PRD-0471,WH-13,1770,370,18,2122,0,999.0,Safe
INV-003079,2023-06-10,PRD-0138,WH-02,461,96,66,491,0,223.2,Safe
INV-003080,2024-09-29,PRD-0399,WH-02,1000,263,152,1111,0,219.3,Safe
INV-003081,2023-02-28,PRD-0155,WH-07,1050,1,518,533,0,30.9,Safe
INV-003082,2023-05-13,PRD-0082,WH-01,307,169,74,402,0,163.0,Safe
INV-003083,2023-11-02,PRD-0467,WH-01,679,201,85,795,0,280.6,Safe
INV-003084,2023-12-22,PRD-0388,WH-12,1532,434,555,1411,0,76.3,Safe
INV-003085,2023-07-29,PRD-0234,WH-11,1904,404,9,2299,0,999.0,Safe
INV-003086,2023-08-11,PRD-0305,WH-02,1125,211,334,1002,0,90.0,Safe
INV-003087,2024-06-13,PRD-0093,WH-01,1801,309,365,1745,0,143.4,Safe
INV-003088,2024-04-22,PRD-0065,WH-08,621,412,329,704,0,64.2,Safe
INV-003089,2023-08-06,PRD-0307,WH-18,921,267,104,1084,0,312.7,Safe
INV-003090,2024-07-26,PRD-0152,WH-10,777,402,381,798,0,62.8,Safe
INV-003091,2024-03-29,PRD-0485,WH-12,537,286,491,332,0,20.3,Safe
INV-003092,2023-11-01,PRD-0428,WH-11,1542,385,53,1874,0,999.0,Safe
INV-003093,2023-12-01,PRD-0495,WH-01,1579,384,76,1887,0,744.9,Safe
INV-003094,2024-06-12,PRD-0385,WH-18,1718,263,75,1906,0,762.4,Safe
INV-003095,2023-10-01,PRD-0118,WH-20,1279,368,170,1477,0,260.6,Safe
INV-003096,2023-10-06,PRD-0156,WH-13,855,451,60,1246,0,623.0,Safe
INV-003097,2024-04-08,PRD-0463,WH-10,104,448,141,411,0,87.4,Safe
INV-003098,2024-05-02,PRD-0376,WH-04,936,293,344,885,0,77.2,Safe
INV-003099,2023-02-02,PRD-0253,WH-05,1093,382,23,1452,0,999.0,Safe
INV-003100,2023-08-23,PRD-0455,WH-07,1658,128,94,1692,0,540.0,Safe
INV-003101,2024-08-12,PRD-0279,WH-07,1958,348,96,2210,0,690.6,Safe
INV-003102,2023-08-25,PRD-0189,WH-07,1453,467,217,1703,0,235.4,Safe
INV-003103,2023-09-19,PRD-0447,WH-03,1715,119,235,1599,0,204.1,Safe
INV-003104,2023-08-13,PRD-0104,WH-05,141,277,408,10,0,0.7,Critical
INV-003105,2024-07-29,PRD-0410,WH-02,1235,115,303,1047,0,103.7,Safe
INV-003106,2023-10-13,PRD-0364,WH-12,1424,397,588,1233,0,62.9,Safe
INV-003107,2024-07-14,PRD-0442,WH-01,1927,326,30,2223,0,999.0,Safe
INV-003108,2024-01-12,PRD-0035,WH-10,1828,242,554,1516,0,82.1,Safe
INV-003109,2023-07-01,PRD-0455,WH-18,99,37,77,59,0,23.0,Safe
INV-003110,2023-02-25,PRD-0094,WH-07,784,318,505,597,0,35.5,Safe
INV-003111,2024-09-09,PRD-0244,WH-04,134,316,306,144,0,14.1,Safe
INV-003112,2023-05-24,PRD-0353,WH-06,1320,51,341,1030,0,90.6,Safe
INV-003113,2024-05-29,PRD-0042,WH-13,679,258,468,469,0,30.1,Safe
INV-003114,2024-03-02,PRD-0105,WH-18,390,82,456,16,0,1.1,Critical
INV-003115,2023-07-12,PRD-0151,WH-09,1965,22,528,1459,0,82.9,Safe
INV-003116,2023-03-21,PRD-0353,WH-07,380,163,410,133,0,9.7,Warning
INV-003117,2024-08-16,PRD-0398,WH-13,833,444,448,829,0,55.5,Safe
INV-003118,2024-09-02,PRD-0427,WH-06,1519,28,41,1506,0,999.0,Safe
INV-003119,2023-06-02,PRD-0019,WH-04,1054,305,404,955,0,70.9,Safe
INV-003120,2024-08-09,PRD-0339,WH-20,1058,272,274,1056,0,115.6,Safe
INV-003121,2023-03-03,PRD-0035,WH-05,1438,13,212,1239,0,175.3,Safe
INV-003122,2023-06-03,PRD-0044,WH-16,1997,28,184,1841,0,300.2,Safe
INV-003123,2023-11-11,PRD-0266,WH-15,422,187,208,401,0,57.8,Safe
INV-003124,2023-05-01,PRD-0141,WH-15,1976,371,399,1948,0,146.5,Safe
INV-003125,2024-02-08,PRD-0015,WH-03,1287,206,358,1135,0,95.1,Safe
INV-003126,2024-03-12,PRD-0079,WH-10,336,400,497,239,0,14.4,Safe
INV-003127,2023-09-07,PRD-0143,WH-12,1788,182,389,1581,0,121.9,Safe
INV-003128,2023-01-12,PRD-0424,WH-04,264,120,224,160,0,21.4,Safe
INV-003129,2023-01-27,PRD-0106,WH-19,1987,243,418,1812,0,130.0,Safe
INV-003130,2023-02-04,PRD-0482,WH-07,925,430,120,1235,0,308.8,Safe
INV-003131,2023-03-09,PRD-0342,WH-08,204,490,471,223,0,14.2,Safe
INV-003132,2023-04-23,PRD-0296,WH-07,480,85,506,59,0,3.5,Critical
INV-003133,2023-05-05,PRD-0031,WH-15,878,286,474,690,0,43.7,Safe
INV-003134,2024-03-28,PRD-0098,WH-06,1769,67,248,1588,0,192.1,Safe
INV-003135,2024-01-22,PRD-0108,WH-01,490,254,92,652,0,212.6,Safe
INV-003136,2023-09-14,PRD-0319,WH-04,801,494,591,704,0,35.7,Safe
INV-003137,2023-05-10,PRD-0210,WH-18,1959,252,116,2095,0,541.8,Safe
INV-003138,2024-02-04,PRD-0037,WH-05,1640,79,1,1718,0,999.0,Safe
INV-003139,2023-12-28,PRD-0164,WH-12,1850,403,477,1776,0,111.7,Safe
INV-003140,2023-03-09,PRD-0082,WH-10,944,316,321,939,0,87.8,Safe
INV-003141,2023-07-03,PRD-0120,WH-13,1555,222,15,1762,0,999.0,Safe
INV-003142,2024-01-02,PRD-0119,WH-15,1385,400,305,1480,0,145.6,Safe
INV-003143,2023-02-23,PRD-0245,WH-15,1206,450,337,1319,0,117.4,Safe
INV-003144,2023-09-04,PRD-0261,WH-09,1225,370,484,1111,0,68.9,Safe
INV-003145,2024-02-23,PRD-0438,WH-13,347,380,206,521,0,75.9,Safe
INV-003146,2024-04-06,PRD-0086,WH-03,899,491,479,911,0,57.1,Safe
INV-003147,2023-07-20,PRD-0113,WH-19,769,190,360,599,0,49.9,Safe
INV-003148,2023-12-20,PRD-0413,WH-11,1299,430,244,1485,0,182.6,Safe
INV-003149,2023-07-14,PRD-0419,WH-20,845,55,72,828,0,345.0,Safe
INV-003150,2023-08-31,PRD-0229,WH-11,1070,13,290,793,0,82.0,Safe
INV-003151,2023-08-25,PRD-0092,WH-11,1903,257,390,1770,0,136.2,Safe
INV-003152,2023-03-05,PRD-0033,WH-10,1226,140,24,1342,0,999.0,Safe
INV-003153,2024-03-15,PRD-0098,WH-14,1556,356,148,1764,0,357.6,Safe
INV-003154,2024-01-25,PRD-0377,WH-01,1161,154,447,868,0,58.3,Safe
INV-003155,2024-06-26,PRD-0462,WH-08,1074,343,402,1015,0,75.7,Safe
INV-003156,2024-06-09,PRD-0336,WH-03,1337,1,425,913,0,64.4,Safe
INV-003157,2023-05-29,PRD-0432,WH-18,1584,139,483,1240,0,77.0,Safe
INV-003158,2024-08-14,PRD-0479,WH-13,38,139,2,175,0,999.0,Safe
INV-003159,2023-10-14,PRD-0231,WH-20,1316,436,133,1619,0,365.2,Safe
INV-003160,2024-03-26,PRD-0357,WH-02,338,187,442,83,0,5.6,Critical
INV-003161,2023-01-27,PRD-0500,WH-11,1058,0,0,1058,0,999.0,Safe
INV-003162,2024-04-29,PRD-0172,WH-13,1295,336,273,1358,0,149.2,Safe
INV-003163,2023-03-12,PRD-0111,WH-07,1193,266,109,1350,0,371.6,Safe
INV-003164,2023-10-19,PRD-0029,WH-08,1278,187,578,887,0,46.0,Safe
INV-003165,2023-07-01,PRD-0103,WH-06,568,40,277,331,0,35.8,Safe
INV-003166,2023-05-30,PRD-0435,WH-10,592,448,550,490,0,26.7,Safe
INV-003167,2023-10-18,PRD-0088,WH-03,1926,277,170,2033,0,358.8,Safe
INV-003168,2023-10-01,PRD-0321,WH-04,1262,345,185,1422,0,230.6,Safe
INV-003169,2024-05-28,PRD-0356,WH-05,1841,187,218,1810,0,249.1,Safe
INV-003170,2024-06-21,PRD-0329,WH-15,180,290,197,273,0,41.6,Safe
INV-003171,2023-03-09,PRD-0408,WH-06,1125,204,443,886,0,60.0,Safe
INV-003172,2023-12-04,PRD-0144,WH-09,696,210,108,798,0,221.7,Safe
INV-003173,2024-01-19,PRD-0473,WH-17,386,55,106,335,0,94.8,Safe
INV-003174,2023-07-03,PRD-0464,WH-08,1150,401,411,1140,0,83.2,Safe
INV-003175,2023-08-20,PRD-0415,WH-11,1094,362,20,1436,0,999.0,Safe
INV-003176,2024-06-28,PRD-0389,WH-12,464,335,457,342,0,22.5,Safe
INV-003177,2024-09-26,PRD-0224,WH-18,319,190,175,334,0,57.3,Safe
INV-003178,2023-07-03,PRD-0013,WH-12,1070,160,276,954,0,103.7,Safe
INV-003179,2023-09-12,PRD-0153,WH-12,651,241,435,457,0,31.5,Safe
INV-003180,2024-02-18,PRD-0348,WH-13,1594,318,301,1611,0,160.6,Safe
INV-003181,2023-09-12,PRD-0479,WH-02,1975,423,539,1859,0,103.5,Safe
INV-003182,2024-09-01,PRD-0471,WH-10,1710,55,271,1494,0,165.4,Safe
INV-003183,2024-04-16,PRD-0369,WH-03,1421,453,448,1426,0,95.5,Safe
INV-003184,2023-05-27,PRD-0188,WH-16,1587,143,94,1636,0,522.1,Safe
INV-003185,2023-08-11,PRD-0220,WH-12,1016,26,387,655,0,50.8,Safe
INV-003186,2023-07-29,PRD-0438,WH-16,1618,361,539,1440,0,80.1,Safe
INV-003187,2024-04-13,PRD-0085,WH-16,737,82,24,795,0,993.8,Safe
INV-003188,2024-02-28,PRD-0411,WH-10,72,2,28,46,0,49.3,Safe
INV-003189,2023-02-04,PRD-0500,WH-12,1883,451,414,1920,0,139.1,Safe
INV-003190,2023-01-23,PRD-0368,WH-16,1606,106,214,1498,0,210.0,Safe
INV-003191,2024-01-17,PRD-0014,WH-10,268,397,509,156,0,9.2,Warning
INV-003192,2023-06-24,PRD-0200,WH-02,1339,175,117,1397,0,358.2,Safe
INV-003193,2023-10-25,PRD-0453,WH-19,107,173,241,39,0,4.9,Critical
INV-003194,2024-06-22,PRD-0140,WH-16,1352,75,537,890,0,49.7,Safe
INV-003195,2024-07-31,PRD-0304,WH-11,1569,149,327,1391,0,127.6,Safe
INV-003196,2024-02-08,PRD-0299,WH-02,326,331,68,589,0,259.9,Safe
INV-003197,2023-07-17,PRD-0023,WH-08,1839,474,335,1978,0,177.1,Safe
INV-003198,2024-04-07,PRD-0011,WH-11,1685,138,505,1318,0,78.3,Safe
INV-003199,2024-06-13,PRD-0496,WH-02,509,387,462,434,0,28.2,Safe
INV-003200,2024-06-15,PRD-0230,WH-05,869,15,170,714,0,126.0,Safe
INV-003201,2024-09-11,PRD-0477,WH-11,440,8,241,207,0,25.8,Safe
INV-003202,2024-07-17,PRD-0135,WH-12,345,23,49,319,0,195.3,Safe
INV-003203,2023-02-28,PRD-0071,WH-07,1268,312,566,1014,0,53.7,Safe
INV-003204,2023-04-18,PRD-0276,WH-02,282,314,448,148,0,9.9,Warning
INV-003205,2023-09-03,PRD-0440,WH-05,947,90,465,572,0,36.9,Safe
INV-003206,2024-06-21,PRD-0229,WH-04,1742,100,108,1734,0,481.7,Safe
INV-003207,2023-05-17,PRD-0313,WH-16,1799,251,324,1726,0,159.8,Safe
INV-003208,2023-04-23,PRD-0017,WH-14,1069,315,131,1253,0,286.9,Safe
INV-003209,2024-03-15,PRD-0078,WH-12,875,2,277,600,0,65.0,Safe
INV-003210,2024-04-13,PRD-0080,WH-20,985,264,271,978,0,108.3,Safe
INV-003211,2024-06-05,PRD-0286,WH-13,692,357,26,1023,0,999.0,Safe
INV-003212,2023-05-01,PRD-0043,WH-16,423,256,106,573,0,162.2,Safe
INV-003213,2024-09-20,PRD-0371,WH-02,240,437,319,358,0,33.7,Safe
INV-003214,2023-11-11,PRD-0014,WH-17,1186,375,547,1014,0,55.6,Safe
INV-003215,2024-05-09,PRD-0374,WH-17,1174,394,135,1433,0,318.4,Safe
INV-003216,2024-06-10,PRD-0048,WH-07,1460,62,369,1153,0,93.7,Safe
INV-003217,2023-01-06,PRD-0420,WH-03,1856,149,381,1624,0,127.9,Safe
INV-003218,2023-10-14,PRD-0267,WH-17,1195,131,9,1317,0,999.0,Safe
INV-003219,2023-12-23,PRD-0320,WH-06,1105,34,440,699,0,47.7,Safe
INV-003220,2024-03-18,PRD-0134,WH-20,24,242,118,148,0,37.6,Safe
INV-003221,2024-06-25,PRD-0496,WH-15,1982,193,131,2044,0,468.1,Safe
INV-003222,2023-03-12,PRD-0194,WH-13,130,240,146,224,0,46.0,Safe
INV-003223,2023-10-08,PRD-0447,WH-20,1176,302,82,1396,0,510.7,Safe
INV-003224,2023-02-16,PRD-0454,WH-16,1748,281,453,1576,0,104.4,Safe
INV-003225,2024-08-25,PRD-0283,WH-02,478,281,82,677,0,247.7,Safe
INV-003226,2023-12-17,PRD-0315,WH-03,1053,235,70,1218,0,522.0,Safe
INV-003227,2023-06-19,PRD-0413,WH-17,1074,96,53,1117,0,632.3,Safe
INV-003228,2023-03-14,PRD-0384,WH-07,1471,137,285,1323,0,139.3,Safe
INV-003229,2023-12-29,PRD-0287,WH-19,1716,411,69,2058,0,894.8,Safe
INV-003230,2024-05-27,PRD-0127,WH-17,145,179,53,271,0,153.4,Safe
INV-003231,2023-12-21,PRD-0393,WH-02,1527,76,318,1285,0,121.2,Safe
INV-003232,2024-01-14,PRD-0068,WH-02,582,446,264,764,0,86.8,Safe
INV-003233,2024-06-28,PRD-0449,WH-13,1516,57,22,1551,0,999.0,Safe
INV-003234,2023-04-04,PRD-0204,WH-16,908,312,184,1036,0,168.9,Safe
INV-003235,2024-09-09,PRD-0016,WH-11,1753,235,531,1457,0,82.3,Safe
INV-003236,2023-05-16,PRD-0011,WH-16,667,112,509,270,0,15.9,Safe
INV-003237,2023-01-05,PRD-0432,WH-03,1587,314,295,1606,0,163.3,Safe
INV-003238,2023-09-06,PRD-0432,WH-12,1517,336,278,1575,0,170.0,Safe
INV-003239,2024-04-03,PRD-0057,WH-15,472,101,498,75,0,4.5,Critical
INV-003240,2023-06-20,PRD-0107,WH-11,453,486,165,774,0,140.7,Safe
INV-003241,2024-01-05,PRD-0179,WH-01,562,261,457,366,0,24.0,Safe
INV-003242,2024-04-14,PRD-0010,WH-14,482,256,48,690,0,431.2,Safe
INV-003243,2023-01-20,PRD-0337,WH-07,704,370,343,731,0,63.9,Safe
INV-003244,2023-03-17,PRD-0458,WH-17,598,463,533,528,0,29.7,Safe
INV-003245,2024-03-19,PRD-0478,WH-18,1540,472,311,1701,0,164.1,Safe
INV-003246,2024-05-10,PRD-0021,WH-16,724,477,71,1130,0,477.5,Safe
INV-003247,2023-06-13,PRD-0305,WH-16,1961,378,338,2001,0,177.6,Safe
INV-003248,2023-01-06,PRD-0291,WH-05,987,177,318,846,0,79.8,Safe
INV-003249,2023-05-02,PRD-0335,WH-06,963,37,50,950,0,570.0,Safe
INV-003250,2024-04-15,PRD-0248,WH-05,1744,255,250,1749,0,209.9,Safe
INV-003251,2023-01-28,PRD-0182,WH-17,719,481,465,735,0,47.4,Safe
INV-003252,2024-04-25,PRD-0281,WH-11,848,400,411,837,0,61.1,Safe
INV-003253,2023-03-05,PRD-0121,WH-15,1079,253,125,1207,0,289.7,Safe
INV-003254,2023-08-10,PRD-0172,WH-15,706,439,560,585,0,31.3,Safe
INV-003255,2024-03-17,PRD-0400,WH-18,1106,21,186,941,0,151.8,Safe
INV-003256,2024-03-03,PRD-0091,WH-12,852,484,52,1284,0,740.8,Safe
INV-003257,2023-10-12,PRD-0293,WH-11,314,342,19,637,0,999.0,Safe
INV-003258,2023-02-28,PRD-0226,WH-09,1376,31,110,1297,0,353.7,Safe
INV-003259,2024-07-24,PRD-0397,WH-01,166,28,179,15,0,2.5,Critical
INV-003260,2024-01-06,PRD-0456,WH-11,102,243,44,301,0,205.2,Safe
INV-003261,2023-02-14,PRD-0359,WH-17,815,323,60,1078,0,539.0,Safe
INV-003262,2023-10-09,PRD-0342,WH-10,1007,221,378,850,0,67.5,Safe
INV-003263,2023-08-15,PRD-0304,WH-07,1320,415,339,1396,0,123.5,Safe
INV-003264,2024-04-09,PRD-0119,WH-16,606,406,319,693,0,65.2,Safe
INV-003265,2024-08-23,PRD-0352,WH-19,1450,424,124,1750,0,423.4,Safe
INV-003266,2024-04-16,PRD-0309,WH-01,872,254,75,1051,0,420.4,Safe
INV-003267,2023-09-26,PRD-0100,WH-01,1046,497,418,1125,0,80.7,Safe
INV-003268,2023-05-22,PRD-0143,WH-19,1456,356,266,1546,0,174.4,Safe
INV-003269,2023-04-06,PRD-0344,WH-20,1895,122,27,1990,0,999.0,Safe
INV-003270,2023-02-11,PRD-0003,WH-13,941,490,179,1252,0,209.8,Safe
INV-003271,2024-03-25,PRD-0010,WH-06,523,24,237,310,0,39.2,Safe
INV-003272,2024-02-08,PRD-0124,WH-14,451,411,356,506,0,42.6,Safe
INV-003273,2024-06-12,PRD-0462,WH-07,1087,173,466,794,0,51.1,Safe
INV-003274,2023-02-23,PRD-0233,WH-14,1184,297,339,1142,0,101.1,Safe
INV-003275,2023-11-11,PRD-0088,WH-12,1115,318,318,1115,0,105.2,Safe
INV-003276,2024-04-27,PRD-0216,WH-15,412,384,373,423,0,34.0,Safe
INV-003277,2023-12-05,PRD-0469,WH-20,1548,477,449,1576,0,105.3,Safe
INV-003278,2024-03-25,PRD-0224,WH-07,708,301,446,563,0,37.9,Safe
INV-003279,2024-08-31,PRD-0473,WH-04,269,131,374,26,0,2.1,Critical
INV-003280,2023-02-26,PRD-0326,WH-08,189,434,207,416,0,60.3,Safe
INV-003281,2023-03-28,PRD-0374,WH-01,551,68,393,226,0,17.3,Safe
INV-003282,2024-06-21,PRD-0373,WH-18,242,321,50,513,0,307.8,Safe
INV-003283,2024-08-27,PRD-0325,WH-14,876,346,110,1112,0,303.3,Safe
INV-003284,2024-07-13,PRD-0166,WH-15,1787,455,502,1740,0,104.0,Safe
INV-003285,2023-06-10,PRD-0110,WH-07,1102,127,142,1087,0,229.6,Safe
INV-003286,2023-06-20,PRD-0237,WH-13,1072,227,260,1039,0,119.9,Safe
INV-003287,2024-09-21,PRD-0302,WH-07,1847,44,227,1664,0,219.9,Safe
INV-003288,2024-06-02,PRD-0227,WH-03,1983,74,562,1495,0,79.8,Safe
INV-003289,2024-01-10,PRD-0177,WH-03,1819,171,153,1837,0,360.2,Safe
INV-003290,2024-06-23,PRD-0005,WH-13,92,175,212,55,0,7.8,Warning
INV-003291,2024-04-10,PRD-0381,WH-20,977,392,265,1104,0,125.0,Safe
INV-003292,2024-09-28,PRD-0341,WH-06,21,442,11,452,0,999.0,Safe
INV-003293,2023-05-31,PRD-0332,WH-07,842,27,153,716,0,140.4,Safe
INV-003294,2024-07-03,PRD-0288,WH-10,1601,204,56,1749,0,937.0,Safe
INV-003295,2023-05-23,PRD-0152,WH-14,424,155,359,220,0,18.4,Safe
INV-003296,2023-12-04,PRD-0280,WH-03,452,140,514,78,0,4.6,Critical
INV-003297,2024-07-03,PRD-0030,WH-07,1255,211,564,902,0,48.0,Safe
INV-003298,2023-01-30,PRD-0273,WH-08,50,11,55,6,0,3.3,Critical
INV-003299,2024-02-23,PRD-0206,WH-06,1485,138,368,1255,0,102.3,Safe
INV-003300,2024-05-20,PRD-0480,WH-13,1311,37,234,1114,0,142.8,Safe
INV-003301,2024-06-02,PRD-0119,WH-04,1007,22,227,802,0,106.0,Safe
INV-003302,2024-02-29,PRD-0132,WH-09,429,435,489,375,0,23.0,Safe
INV-003303,2023-01-11,PRD-0222,WH-12,219,342,203,358,0,52.9,Safe
INV-003304,2023-06-09,PRD-0260,WH-14,354,290,50,594,0,356.4,Safe
INV-003305,2024-08-18,PRD-0089,WH-18,1217,451,336,1332,0,118.9,Safe
INV-003306,2023-10-18,PRD-0188,WH-19,1876,366,200,2042,0,306.3,Safe
INV-003307,2024-04-01,PRD-0186,WH-04,843,128,233,738,0,95.0,Safe
INV-003308,2023-10-24,PRD-0121,WH-05,536,63,576,23,0,1.2,Critical
INV-003309,2023-12-31,PRD-0449,WH-14,913,39,118,834,0,212.0,Safe
INV-003310,2024-02-24,PRD-0130,WH-09,1536,196,312,1420,0,136.5,Safe
INV-003311,2023-10-20,PRD-0215,WH-01,658,299,77,880,0,342.9,Safe
INV-003312,2023-07-15,PRD-0472,WH-17,1056,65,584,537,0,27.6,Safe
INV-003313,2024-05-28,PRD-0431,WH-17,1282,411,395,1298,0,98.6,Safe
INV-003314,2023-07-27,PRD-0020,WH-07,411,300,458,253,0,16.6,Safe
INV-003315,2023-05-26,PRD-0027,WH-06,627,449,406,670,0,49.5,Safe
INV-003316,2024-03-04,PRD-0307,WH-10,161,39,98,102,0,31.2,Safe
INV-003317,2023-04-27,PRD-0440,WH-16,1101,82,137,1046,0,229.1,Safe
INV-003318,2024-04-09,PRD-0047,WH-06,1275,231,245,1261,0,154.4,Safe
INV-003319,2023-04-30,PRD-0114,WH-10,432,347,126,653,0,155.5,Safe
INV-003320,2024-03-21,PRD-0024,WH-20,1587,46,12,1621,0,999.0,Safe
INV-003321,2023-01-02,PRD-0451,WH-09,1262,238,200,1300,0,195.0,Safe
INV-003322,2023-11-14,PRD-0421,WH-10,1691,0,476,1215,0,76.6,Safe
INV-003323,2023-10-26,PRD-0272,WH-01,1494,339,121,1712,0,424.5,Safe
INV-003324,2023-12-03,PRD-0414,WH-12,1499,127,154,1472,0,286.8,Safe
INV-003325,2024-06-04,PRD-0262,WH-04,1471,274,573,1172,0,61.4,Safe
INV-003326,2024-01-20,PRD-0015,WH-07,1018,371,322,1067,0,99.4,Safe
INV-003327,2023-03-20,PRD-0007,WH-10,1172,126,25,1273,0,999.0,Safe
INV-003328,2024-09-18,PRD-0432,WH-20,741,127,475,393,0,24.8,Safe
INV-003329,2023-11-07,PRD-0371,WH-12,899,42,212,729,0,103.2,Safe
INV-003330,2024-04-08,PRD-0167,WH-02,232,30,77,185,0,72.1,Safe
INV-003331,2024-08-28,PRD-0068,WH-03,176,394,413,157,0,11.4,Warning
INV-003332,2023-10-01,PRD-0298,WH-01,1523,86,531,1078,0,60.9,Safe
INV-003333,2023-05-14,PRD-0479,WH-02,1078,84,550,612,0,33.4,Safe
INV-003334,2024-02-14,PRD-0210,WH-16,334,470,56,748,0,400.7,Safe
INV-003335,2024-01-19,PRD-0076,WH-11,1054,421,271,1204,0,133.3,Safe
INV-003336,2024-05-09,PRD-0131,WH-09,6,224,14,216,0,462.9,Safe
INV-003337,2023-11-05,PRD-0118,WH-16,864,1,94,771,0,246.1,Safe
INV-003338,2023-06-15,PRD-0183,WH-09,653,326,412,567,0,41.3,Safe
INV-003339,2024-05-08,PRD-0183,WH-11,416,249,476,189,0,11.9,Warning
INV-003340,2023-04-19,PRD-0031,WH-15,251,201,234,218,0,27.9,Safe
INV-003341,2023-08-14,PRD-0114,WH-06,944,433,27,1350,0,999.0,Safe
INV-003342,2023-05-13,PRD-0196,WH-19,1852,490,547,1795,0,98.4,Safe
INV-003343,2023-07-14,PRD-0285,WH-05,97,445,160,382,0,71.6,Safe
INV-003344,2024-07-24,PRD-0141,WH-07,1876,328,304,1900,0,187.5,Safe
INV-003345,2024-02-01,PRD-0157,WH-20,107,299,307,99,0,9.7,Warning
INV-003346,2023-06-03,PRD-0001,WH-02,1332,173,134,1371,0,306.9,Safe
INV-003347,2023-05-14,PRD-0025,WH-07,1803,455,152,2106,0,415.7,Safe
INV-003348,2023-07-17,PRD-0319,WH-09,1324,156,238,1242,0,156.6,Safe
INV-003349,2023-08-15,PRD-0496,WH-17,1945,309,71,2183,0,922.4,Safe
INV-003350,2024-04-17,PRD-0020,WH-17,1271,197,85,1383,0,488.1,Safe
INV-003351,2024-02-23,PRD-0053,WH-04,1899,313,306,1906,0,186.9,Safe
INV-003352,2024-01-31,PRD-0031,WH-08,314,126,3,437,0,999.0,Safe
INV-003353,2023-11-02,PRD-0487,WH-16,177,163,187,153,0,24.5,Safe
INV-003354,2023-09-26,PRD-0302,WH-18,1375,142,9,1508,0,999.0,Safe
INV-003355,2023-07-17,PRD-0240,WH-09,1448,282,428,1302,0,91.3,Safe
INV-003356,2024-02-16,PRD-0131,WH-05,1399,79,397,1081,0,81.7,Safe
INV-003357,2023-06-06,PRD-0037,WH-02,151,152,203,100,0,14.8,Safe
INV-003358,2024-07-09,PRD-0137,WH-15,168,115,79,204,0,77.5,Safe
INV-003359,2024-01-31,PRD-0274,WH-01,1826,459,382,1903,0,149.5,Safe
INV-003360,2023-02-01,PRD-0314,WH-02,1842,164,396,1610,0,122.0,Safe
INV-003361,2023-10-13,PRD-0106,WH-02,1791,323,489,1625,0,99.7,Safe
INV-003362,2024-07-20,PRD-0078,WH-07,1712,331,274,1769,0,193.7,Safe
INV-003363,2024-08-28,PRD-0170,WH-11,320,303,505,118,0,7.0,Warning
INV-003364,2024-09-13,PRD-0469,WH-07,1290,246,187,1349,0,216.4,Safe
INV-003365,2023-01-27,PRD-0335,WH-04,1627,263,536,1354,0,75.8,Safe
INV-003366,2023-11-17,PRD-0137,WH-01,361,95,322,134,0,12.5,Warning
INV-003367,2023-06-03,PRD-0155,WH-01,1492,187,178,1501,0,253.0,Safe
INV-003368,2023-02-09,PRD-0391,WH-11,464,472,196,740,0,113.3,Safe
INV-003369,2023-11-06,PRD-0457,WH-07,12,114,90,36,0,12.0,Warning
INV-003370,2023-02-19,PRD-0154,WH-18,867,409,33,1243,0,999.0,Safe
INV-003371,2024-08-02,PRD-0089,WH-08,1865,278,358,1785,0,149.6,Safe
INV-003372,2024-10-01,PRD-0195,WH-07,1665,469,140,1994,0,427.3,Safe
INV-003373,2024-02-13,PRD-0117,WH-06,1064,164,352,876,0,74.7,Safe
INV-003374,2023-02-11,PRD-0157,WH-03,664,148,300,512,0,51.2,Safe
INV-003375,2024-06-02,PRD-0234,WH-12,930,112,303,739,0,73.2,Safe
INV-003376,2023-01-28,PRD-0035,WH-18,345,326,180,491,0,81.8,Safe
INV-003377,2024-07-03,PRD-0227,WH-07,49,484,170,363,0,64.1,Safe
INV-003378,2023-04-27,PRD-0263,WH-18,1707,89,99,1697,0,514.2,Safe
INV-003379,2023-11-06,PRD-0139,WH-15,1576,429,547,1458,0,80.0,Safe
INV-003380,2024-04-20,PRD-0419,WH-20,1265,268,463,1070,0,69.3,Safe
INV-003381,2023-11-22,PRD-0016,WH-12,223,42,89,176,0,59.3,Safe
INV-003382,2023-01-02,PRD-0431,WH-04,947,111,268,790,0,88.4,Safe
INV-003383,2023-01-07,PRD-0155,WH-08,1548,336,397,1487,0,112.4,Safe
INV-003384,2023-09-04,PRD-0474,WH-02,1959,323,393,1889,0,144.2,Safe
INV-003385,2023-11-25,PRD-0136,WH-08,1659,245,272,1632,0,180.0,Safe
INV-003386,2023-03-19,PRD-0302,WH-14,346,166,181,331,0,54.9,Safe
INV-003387,2023-08-31,PRD-0367,WH-20,935,359,495,799,0,48.4,Safe
INV-003388,2024-05-24,PRD-0111,WH-03,1885,479,137,2227,0,487.7,Safe
INV-003389,2023-10-01,PRD-0052,WH-01,542,460,153,849,0,166.5,Safe
INV-003390,2024-05-16,PRD-0321,WH-19,375,261,102,534,0,157.1,Safe
INV-003391,2023-10-06,PRD-0200,WH-11,889,173,190,872,0,137.7,Safe
INV-003392,2024-09-05,PRD-0208,WH-05,446,297,396,347,0,26.3,Safe
INV-003393,2024-08-03,PRD-0468,WH-02,130,76,101,105,0,31.2,Safe
INV-003394,2023-07-24,PRD-0133,WH-20,1073,98,180,991,0,165.2,Safe
INV-003395,2024-05-12,PRD-0466,WH-11,130,279,55,354,0,193.1,Safe
INV-003396,2024-06-10,PRD-0347,WH-15,532,498,69,961,0,417.8,Safe
INV-003397,2023-03-03,PRD-0248,WH-12,1609,233,84,1758,0,627.9,Safe
INV-003398,2024-02-20,PRD-0121,WH-10,921,499,142,1278,0,270.0,Safe
INV-003399,2024-04-20,PRD-0128,WH-13,191,10,106,95,0,26.9,Safe
INV-003400,2024-05-16,PRD-0158,WH-19,1575,119,142,1552,0,327.9,Safe
INV-003401,2023-03-18,PRD-0110,WH-20,1846,390,228,2008,0,264.2,Safe
INV-003402,2024-09-24,PRD-0050,WH-10,1385,442,412,1415,0,103.0,Safe
INV-003403,2023-01-23,PRD-0281,WH-19,1771,12,434,1349,0,93.2,Safe
INV-003404,2023-11-29,PRD-0137,WH-16,1727,476,391,1812,0,139.0,Safe
INV-003405,2024-03-27,PRD-0375,WH-01,369,299,175,493,0,84.5,Safe
INV-003406,2023-04-22,PRD-0151,WH-20,686,124,54,756,0,420.0,Safe
INV-003407,2024-08-15,PRD-0240,WH-16,262,171,3,430,0,999.0,Safe
INV-003408,2024-03-01,PRD-0363,WH-12,680,56,305,431,0,42.4,Safe
INV-003409,2023-07-27,PRD-0099,WH-02,1746,372,174,1944,0,335.2,Safe
INV-003410,2024-07-14,PRD-0436,WH-10,492,137,125,504,0,121.0,Safe
INV-003411,2024-04-14,PRD-0186,WH-06,661,339,134,866,0,193.9,Safe
INV-003412,2023-06-08,PRD-0433,WH-14,1992,196,461,1727,0,112.4,Safe
INV-003413,2023-11-24,PRD-0386,WH-01,865,106,185,786,0,127.5,Safe
INV-003414,2023-12-27,PRD-0217,WH-15,391,198,225,364,0,48.5,Safe
INV-003415,2024-01-05,PRD-0466,WH-18,977,463,457,983,0,64.5,Safe
INV-003416,2023-07-25,PRD-0058,WH-18,1015,294,16,1293,0,999.0,Safe
INV-003417,2024-06-26,PRD-0116,WH-02,1566,386,213,1739,0,244.9,Safe
INV-003418,2024-07-07,PRD-0069,WH-04,1615,289,340,1564,0,138.0,Safe
INV-003419,2023-05-20,PRD-0476,WH-11,1008,79,142,945,0,199.6,Safe
INV-003420,2023-04-04,PRD-0411,WH-18,722,203,187,738,0,118.4,Safe
INV-003421,2024-04-25,PRD-0126,WH-10,1681,258,434,1505,0,104.0,Safe
INV-003422,2023-05-25,PRD-0080,WH-14,1738,376,384,1730,0,135.2,Safe
INV-003423,2023-01-03,PRD-0337,WH-18,1147,408,191,1364,0,214.2,Safe
INV-003424,2023-05-20,PRD-0410,WH-18,158,159,209,108,0,15.5,Safe
INV-003425,2023-11-09,PRD-0235,WH-19,809,187,342,654,0,57.4,Safe
INV-003426,2024-09-01,PRD-0383,WH-04,35,127,126,36,0,8.6,Warning
INV-003427,2024-09-26,PRD-0459,WH-15,237,226,434,29,0,2.0,Critical
INV-003428,2023-10-08,PRD-0063,WH-19,1283,60,124,1219,0,294.9,Safe
INV-003429,2023-09-04,PRD-0224,WH-20,787,483,42,1228,0,877.1,Safe
INV-003430,2023-10-16,PRD-0448,WH-16,1307,102,266,1143,0,128.9,Safe
INV-003431,2024-08-15,PRD-0199,WH-13,1775,288,493,1570,0,95.5,Safe
INV-003432,2023-11-14,PRD-0369,WH-07,1777,489,129,2137,0,497.0,Safe
INV-003433,2024-07-28,PRD-0348,WH-10,1681,421,555,1547,0,83.6,Safe
INV-003434,2023-07-01,PRD-0384,WH-14,316,232,277,271,0,29.4,Safe
INV-003435,2024-07-05,PRD-0279,WH-18,1778,138,60,1856,0,928.0,Safe
INV-003436,2023-05-14,PRD-0434,WH-03,1147,61,148,1060,0,214.9,Safe
INV-003437,2024-07-19,PRD-0446,WH-02,888,183,237,834,0,105.6,Safe
INV-003438,2024-09-10,PRD-0167,WH-02,1303,89,52,1340,0,773.1,Safe
INV-003439,2024-02-27,PRD-0054,WH-01,953,481,531,903,0,51.0,Safe
INV-003440,2024-08-30,PRD-0046,WH-04,905,447,508,844,0,49.8,Safe
INV-003441,2024-07-05,PRD-0034,WH-12,190,162,77,275,0,107.1,Safe
INV-003442,2024-01-21,PRD-0243,WH-18,1625,8,259,1374,0,159.2,Safe
INV-003443,2023-09-27,PRD-0078,WH-12,1680,256,587,1349,0,68.9,Safe
INV-003444,2024-03-19,PRD-0427,WH-14,689,86,186,589,0,95.0,Safe
INV-003445,2023-03-24,PRD-0080,WH-05,18,321,263,76,0,8.7,Warning
INV-003446,2024-08-11,PRD-0434,WH-04,682,233,219,696,0,95.3,Safe
INV-003447,2023-08-17,PRD-0406,WH-06,1974,335,29,2280,0,999.0,Safe
INV-003448,2023-05-24,PRD-0181,WH-04,1112,439,294,1257,0,128.3,Safe
INV-003449,2023-06-10,PRD-0500,WH-19,1196,175,235,1136,0,145.0,Safe
INV-003450,2024-01-21,PRD-0445,WH-13,881,213,210,884,0,126.3,Safe
INV-003451,2023-08-23,PRD-0025,WH-04,727,173,83,817,0,295.3,Safe
INV-003452,2023-06-09,PRD-0277,WH-03,185,375,177,383,0,64.9,Safe
INV-003453,2024-04-24,PRD-0186,WH-17,1771,454,368,1857,0,151.4,Safe
INV-003454,2023-09-04,PRD-0225,WH-20,1083,216,243,1056,0,130.4,Safe
INV-003455,2024-09-01,PRD-0071,WH-17,11,332,238,105,0,13.2,Warning
INV-003456,2023-10-29,PRD-0233,WH-13,404,15,277,142,0,15.4,Safe
INV-003457,2023-12-13,PRD-0452,WH-11,4,126,70,60,0,25.7,Safe
INV-003458,2023-04-10,PRD-0184,WH-20,287,280,75,492,0,196.8,Safe
INV-003459,2023-02-15,PRD-0413,WH-20,1311,189,444,1056,0,71.4,Safe
INV-003460,2023-08-23,PRD-0194,WH-10,1520,161,181,1500,0,248.6,Safe
INV-003461,2024-03-13,PRD-0069,WH-15,599,345,387,557,0,43.2,Safe
INV-003462,2024-02-17,PRD-0058,WH-04,1580,280,510,1350,0,79.4,Safe
INV-003463,2023-03-16,PRD-0303,WH-19,1927,138,61,2004,0,985.6,Safe
INV-003464,2024-07-14,PRD-0403,WH-05,5,248,224,29,0,3.9,Critical
INV-003465,2023-05-29,PRD-0190,WH-06,671,222,466,427,0,27.5,Safe
INV-003466,2023-04-22,PRD-0022,WH-08,1849,258,266,1841,0,207.6,Safe
INV-003467,2024-05-24,PRD-0447,WH-02,1202,414,80,1536,0,576.0,Safe
INV-003468,2023-12-10,PRD-0112,WH-16,433,225,411,247,0,18.0,Safe
INV-003469,2023-01-11,PRD-0091,WH-14,1645,347,600,1392,0,69.6,Safe
INV-003470,2023-08-27,PRD-0183,WH-20,1347,487,179,1655,0,277.4,Safe
INV-003471,2024-08-22,PRD-0196,WH-12,541,71,495,117,0,7.1,Warning
INV-003472,2023-01-21,PRD-0387,WH-07,1949,187,214,1922,0,269.4,Safe
INV-003473,2023-08-12,PRD-0389,WH-08,1621,398,181,1838,0,304.6,Safe
INV-003474,2023-12-15,PRD-0297,WH-11,297,256,409,144,0,10.6,Warning
INV-003475,2023-07-31,PRD-0185,WH-05,1445,342,373,1414,0,113.7,Safe
INV-003476,2023-01-01,PRD-0167,WH-15,1051,156,97,1110,0,343.3,Safe
INV-003477,2023-07-28,PRD-0391,WH-17,1658,440,411,1687,0,123.1,Safe
INV-003478,2023-11-08,PRD-0028,WH-04,302,135,196,241,0,36.9,Safe
INV-003479,2024-07-22,PRD-0117,WH-03,1084,214,138,1160,0,252.2,Safe
INV-003480,2024-06-10,PRD-0241,WH-10,1184,387,56,1515,0,811.6,Safe
INV-003481,2024-06-18,PRD-0011,WH-18,1600,52,77,1575,0,613.6,Safe
INV-003482,2023-03-21,PRD-0419,WH-11,311,346,396,261,0,19.8,Safe
INV-003483,2023-10-20,PRD-0084,WH-10,488,450,429,509,0,35.6,Safe
INV-003484,2023-10-05,PRD-0004,WH-03,150,74,5,219,0,999.0,Safe
INV-003485,2023-10-02,PRD-0332,WH-05,656,8,549,115,0,6.3,Critical
INV-003486,2024-05-08,PRD-0069,WH-12,1976,378,183,2171,0,355.9,Safe
INV-003487,2024-09-23,PRD-0073,WH-07,299,429,136,592,0,130.6,Safe
INV-003488,2023-09-27,PRD-0356,WH-19,1804,135,264,1675,0,190.3,Safe
INV-003489,2023-09-16,PRD-0226,WH-10,1492,180,565,1107,0,58.8,Safe
INV-003490,2023-04-10,PRD-0279,WH-18,670,489,247,912,0,110.8,Safe
INV-003491,2024-09-23,PRD-0156,WH-08,779,186,327,638,0,58.5,Safe
INV-003492,2024-06-07,PRD-0266,WH-04,19,321,306,34,0,3.3,Critical
INV-003493,2024-04-06,PRD-0425,WH-01,1345,456,10,1791,0,999.0,Safe
INV-003494,2023-06-22,PRD-0027,WH-03,1286,359,125,1520,0,364.8,Safe
INV-003495,2023-02-16,PRD-0457,WH-09,992,282,90,1184,0,394.7,Safe
INV-003496,2024-01-29,PRD-0002,WH-20,868,150,283,735,0,77.9,Safe
INV-003497,2023-06-12,PRD-0352,WH-08,1335,70,0,1405,0,999.0,Safe
INV-003498,2024-02-04,PRD-0248,WH-16,6,450,412,44,0,3.2,Critical
INV-003499,2023-07-13,PRD-0167,WH-04,1464,169,377,1256,0,99.9,Safe
INV-003500,2023-11-22,PRD-0108,WH-05,1622,195,414,1403,0,101.7,Safe
INV-003501,2023-04-21,PRD-0261,WH-05,1542,341,446,1437,0,96.7,Safe
INV-003502,2024-03-02,PRD-0070,WH-19,621,8,153,476,0,93.3,Safe
INV-003503,2023-09-02,PRD-0180,WH-05,571,486,420,637,0,45.5,Safe
INV-003504,2024-02-23,PRD-0415,WH-02,360,287,197,450,0,68.5,Safe
INV-003505,2023-07-31,PRD-0248,WH-20,511,153,55,609,0,332.2,Safe
INV-003506,2024-03-17,PRD-0057,WH-06,885,134,384,635,0,49.6,Safe
INV-003507,2024-03-15,PRD-0312,WH-15,1238,105,277,1066,0,115.5,Safe
INV-003508,2023-04-23,PRD-0464,WH-14,876,186,546,516,0,28.4,Safe
INV-003509,2023-11-15,PRD-0355,WH-06,321,349,386,284,0,22.1,Safe
INV-003510,2024-07-07,PRD-0447,WH-18,1486,500,402,1584,0,118.2,Safe
INV-003511,2023-11-11,PRD-0313,WH-08,691,427,349,769,0,66.1,Safe
INV-003512,2023-07-29,PRD-0344,WH-12,1015,404,420,999,0,71.4,Safe
INV-003513,2023-11-29,PRD-0350,WH-10,1417,131,480,1068,0,66.8,Safe
INV-003514,2023-09-04,PRD-0228,WH-05,1160,341,295,1206,0,122.6,Safe
INV-003515,2024-05-06,PRD-0325,WH-12,1689,0,246,1443,0,176.0,Safe
INV-003516,2023-10-31,PRD-0330,WH-14,1857,353,136,2074,0,457.5,Safe
INV-003517,2024-03-25,PRD-0377,WH-08,480,463,257,686,0,80.1,Safe
INV-003518,2024-01-17,PRD-0240,WH-03,1039,50,482,607,0,37.8,Safe
INV-003519,2023-09-04,PRD-0129,WH-19,844,354,534,664,0,37.3,Safe
INV-003520,2024-01-29,PRD-0121,WH-09,713,422,494,641,0,38.9,Safe
INV-003521,2024-04-29,PRD-0239,WH-04,1134,16,472,678,0,43.1,Safe
INV-003522,2024-04-11,PRD-0064,WH-19,922,160,112,970,0,259.8,Safe
INV-003523,2024-05-06,PRD-0415,WH-05,386,304,554,136,0,7.4,Warning
INV-003524,2023-01-27,PRD-0184,WH-13,1495,199,202,1492,0,221.6,Safe
INV-003525,2023-11-22,PRD-0257,WH-06,1781,101,73,1809,0,743.4,Safe
INV-003526,2024-02-16,PRD-0332,WH-18,884,83,174,793,0,136.7,Safe
INV-003527,2024-09-18,PRD-0334,WH-09,818,368,166,1020,0,184.3,Safe
INV-003528,2024-01-11,PRD-0181,WH-05,1352,6,463,895,0,58.0,Safe
INV-003529,2024-05-27,PRD-0213,WH-15,1703,197,535,1365,0,76.5,Safe
INV-003530,2024-09-03,PRD-0500,WH-16,1402,491,570,1323,0,69.6,Safe
INV-003531,2024-03-04,PRD-0211,WH-06,1112,192,250,1054,0,126.5,Safe
INV-003532,2023-08-23,PRD-0146,WH-05,1510,296,471,1335,0,85.0,Safe
INV-003533,2023-12-20,PRD-0194,WH-04,540,256,332,464,0,41.9,Safe
INV-003534,2024-06-17,PRD-0025,WH-04,1476,488,69,1895,0,823.9,Safe
INV-003535,2024-08-19,PRD-0320,WH-18,919,234,130,1023,0,236.1,Safe
INV-003536,2024-06-03,PRD-0268,WH-10,1113,1,598,516,0,25.9,Safe
INV-003537,2023-07-11,PRD-0194,WH-09,859,21,431,449,0,31.3,Safe
INV-003538,2024-09-15,PRD-0469,WH-15,1105,398,263,1240,0,141.4,Safe
INV-003539,2023-02-11,PRD-0423,WH-08,1405,319,357,1367,0,114.9,Safe
INV-003540,2023-03-25,PRD-0494,WH-02,1156,300,413,1043,0,75.8,Safe
INV-003541,2023-11-27,PRD-0299,WH-12,1172,435,8,1599,0,999.0,Safe
INV-003542,2023-11-15,PRD-0409,WH-03,1181,153,139,1195,0,257.9,Safe
INV-003543,2023-06-19,PRD-0347,WH-17,570,371,592,349,0,17.7,Safe
INV-003544,2023-08-06,PRD-0233,WH-10,167,307,266,208,0,23.5,Safe
INV-003545,2024-03-08,PRD-0210,WH-20,1082,433,494,1021,0,62.0,Safe
INV-003546,2023-03-20,PRD-0056,WH-08,1237,263,325,1175,0,108.5,Safe
INV-003547,2024-03-31,PRD-0025,WH-02,1233,380,580,1033,0,53.4,Safe
INV-003548,2024-01-28,PRD-0119,WH-07,481,77,520,38,0,2.2,Critical
INV-003549,2023-02-11,PRD-0148,WH-10,1947,156,528,1575,0,89.5,Safe
INV-003550,2024-02-04,PRD-0041,WH-17,250,398,94,554,0,176.8,Safe
INV-003551,2023-03-14,PRD-0405,WH-04,673,240,417,496,0,35.7,Safe
INV-003552,2023-09-03,PRD-0085,WH-13,1535,127,18,1644,0,999.0,Safe
INV-003553,2024-08-01,PRD-0320,WH-11,911,340,593,658,0,33.3,Safe
INV-003554,2023-06-30,PRD-0338,WH-16,159,29,67,121,0,54.2,Safe
INV-003555,2024-01-17,PRD-0439,WH-15,1378,320,397,1301,0,98.3,Safe
INV-003556,2024-03-03,PRD-0161,WH-13,1483,90,397,1176,0,88.9,Safe
INV-003557,2023-11-20,PRD-0093,WH-18,1558,460,79,1939,0,736.3,Safe
INV-003558,2024-08-28,PRD-0329,WH-06,1518,111,39,1590,0,999.0,Safe
INV-003559,2023-05-30,PRD-0409,WH-12,1952,188,309,1831,0,177.8,Safe
INV-003560,2023-08-05,PRD-0300,WH-11,392,256,298,350,0,35.2,Safe
INV-003561,2023-10-22,PRD-0351,WH-18,1735,295,380,1650,0,130.3,Safe
INV-003562,2023-10-24,PRD-0296,WH-02,1741,339,589,1491,0,75.9,Safe
INV-003563,2023-07-10,PRD-0001,WH-08,1782,292,368,1706,0,139.1,Safe
INV-003564,2024-09-07,PRD-0291,WH-16,1800,237,98,1939,0,593.6,Safe
INV-003565,2024-01-19,PRD-0248,WH-09,175,4,126,53,0,12.6,Warning
INV-003566,2023-10-13,PRD-0052,WH-20,1749,147,414,1482,0,107.4,Safe
INV-003567,2024-08-02,PRD-0423,WH-05,1201,10,81,1130,0,418.5,Safe
INV-003568,2023-07-11,PRD-0387,WH-10,687,196,498,385,0,23.2,Safe
INV-003569,2024-08-16,PRD-0070,WH-11,1875,253,473,1655,0,105.0,Safe
INV-003570,2023-06-13,PRD-0191,WH-05,1846,68,233,1681,0,216.4,Safe
INV-003571,2024-01-09,PRD-0057,WH-18,986,173,2,1157,0,999.0,Safe
INV-003572,2023-08-19,PRD-0264,WH-09,1006,397,262,1141,0,130.6,Safe
INV-003573,2023-08-10,PRD-0078,WH-12,1594,69,246,1417,0,172.8,Safe
INV-003574,2023-01-02,PRD-0048,WH-12,1694,438,305,1827,0,179.7,Safe
INV-003575,2023-03-27,PRD-0310,WH-08,451,401,467,385,0,24.7,Safe
INV-003576,2023-11-20,PRD-0445,WH-15,1771,454,286,1939,0,203.4,Safe
INV-003577,2024-09-20,PRD-0456,WH-01,388,86,283,191,0,20.2,Safe
INV-003578,2024-03-01,PRD-0338,WH-13,1820,299,39,2080,0,999.0,Safe
INV-003579,2024-05-02,PRD-0446,WH-13,70,296,231,135,0,17.5,Safe
INV-003580,2024-08-05,PRD-0370,WH-18,1680,104,258,1526,0,177.4,Safe
INV-003581,2023-04-05,PRD-0139,WH-05,1679,484,307,1856,0,181.4,Safe
INV-003582,2023-02-14,PRD-0465,WH-12,92,167,258,1,0,0.1,Critical
INV-003583,2023-07-28,PRD-0237,WH-14,1593,2,55,1540,0,840.0,Safe
INV-003584,2023-07-14,PRD-0170,WH-16,1351,435,108,1678,0,466.1,Safe
INV-003585,2023-07-07,PRD-0087,WH-03,1237,333,403,1167,0,86.9,Safe
INV-003586,2023-11-07,PRD-0439,WH-16,601,250,233,618,0,79.6,Safe
INV-003587,2024-09-25,PRD-0345,WH-07,687,189,44,832,0,567.3,Safe
INV-003588,2024-06-07,PRD-0432,WH-09,1216,473,335,1354,0,121.3,Safe
INV-003589,2024-08-30,PRD-0007,WH-15,511,126,141,496,0,105.5,Safe
INV-003590,2024-08-14,PRD-0316,WH-17,703,260,501,462,0,27.7,Safe
INV-003591,2023-06-23,PRD-0071,WH-09,1833,295,326,1802,0,165.8,Safe
INV-003592,2023-03-21,PRD-0245,WH-14,1362,218,67,1513,0,677.5,Safe
INV-003593,2024-07-17,PRD-0199,WH-03,1960,116,102,1974,0,580.6,Safe
INV-003594,2023-02-20,PRD-0195,WH-08,868,46,181,733,0,121.5,Safe
INV-003595,2023-05-20,PRD-0312,WH-12,1797,33,20,1810,0,999.0,Safe
INV-003596,2023-05-14,PRD-0442,WH-03,688,84,221,551,0,74.8,Safe
INV-003597,2023-05-28,PRD-0362,WH-02,171,324,73,422,0,173.4,Safe
INV-003598,2024-09-12,PRD-0101,WH-11,750,336,442,644,0,43.7,Safe
INV-003599,2024-05-01,PRD-0095,WH-12,914,104,228,790,0,103.9,Safe
INV-003600,2024-07-20,PRD-0380,WH-09,1844,125,212,1757,0,248.6,Safe
INV-003601,2023-06-19,PRD-0393,WH-20,1920,261,549,1632,0,89.2,Safe
INV-003602,2024-04-11,PRD-0163,WH-17,1185,83,555,713,0,38.5,Safe
INV-003603,2023-12-16,PRD-0475,WH-14,1374,128,318,1184,0,111.7,Safe
INV-003604,2023-04-30,PRD-0415,WH-06,1252,496,379,1369,0,108.4,Safe
INV-003605,2024-04-09,PRD-0124,WH-14,110,180,289,1,0,0.1,Critical
INV-003606,2023-02-13,PRD-0020,WH-03,1030,315,274,1071,0,117.3,Safe
INV-003607,2023-03-04,PRD-0046,WH-10,97,318,167,248,0,44.6,Safe
INV-003608,2023-12-28,PRD-0218,WH-08,860,442,322,980,0,91.3,Safe
INV-003609,2024-01-24,PRD-0148,WH-01,1991,394,290,2095,0,216.7,Safe
INV-003610,2023-12-20,PRD-0370,WH-09,1294,365,93,1566,0,505.2,Safe
INV-003611,2024-09-10,PRD-0090,WH-16,1333,174,581,926,0,47.8,Safe
INV-003612,2023-03-18,PRD-0126,WH-02,870,387,304,953,0,94.0,Safe
INV-003613,2024-03-22,PRD-0318,WH-06,1138,220,144,1214,0,252.9,Safe
INV-003614,2024-01-06,PRD-0261,WH-10,1611,324,261,1674,0,192.4,Safe
INV-003615,2023-09-11,PRD-0407,WH-07,1266,253,500,1019,0,61.1,Safe
INV-003616,2024-02-29,PRD-0256,WH-02,1209,261,156,1314,0,252.7,Safe
INV-003617,2023-09-16,PRD-0120,WH-01,627,88,26,689,0,795.0,Safe
INV-003618,2023-09-23,PRD-0139,WH-20,788,152,599,341,0,17.1,Safe
INV-003619,2023-10-03,PRD-0088,WH-03,1972,20,157,1835,0,350.6,Safe
INV-003620,2023-03-23,PRD-0010,WH-18,199,461,432,228,0,15.8,Safe
INV-003621,2024-02-01,PRD-0217,WH-06,547,405,44,908,0,619.1,Safe
INV-003622,2023-11-28,PRD-0028,WH-17,1263,400,556,1107,0,59.7,Safe
INV-003623,2024-07-17,PRD-0009,WH-08,1491,409,284,1616,0,170.7,Safe
INV-003624,2023-11-22,PRD-0198,WH-18,547,356,391,512,0,39.3,Safe
INV-003625,2024-09-29,PRD-0381,WH-01,694,353,372,675,0,54.4,Safe
INV-003626,2023-10-12,PRD-0082,WH-13,947,312,369,890,0,72.4,Safe
INV-003627,2023-07-26,PRD-0118,WH-19,382,241,432,191,0,13.3,Warning
INV-003628,2024-04-09,PRD-0294,WH-03,1039,388,102,1325,0,389.7,Safe
INV-003629,2023-12-30,PRD-0194,WH-13,1562,22,38,1546,0,999.0,Safe
INV-003630,2023-07-11,PRD-0348,WH-05,77,392,75,394,0,157.6,Safe
INV-003631,2024-09-13,PRD-0204,WH-07,482,468,315,635,0,60.5,Safe
INV-003632,2023-01-31,PRD-0157,WH-12,592,453,535,510,0,28.6,Safe
INV-003633,2024-02-29,PRD-0044,WH-01,1848,18,45,1821,0,999.0,Safe
INV-003634,2023-08-05,PRD-0305,WH-03,778,350,177,951,0,161.2,Safe
INV-003635,2023-12-09,PRD-0287,WH-05,1529,443,580,1392,0,72.0,Safe
INV-003636,2023-06-11,PRD-0223,WH-12,1969,134,312,1791,0,172.2,Safe
INV-003637,2024-05-13,PRD-0312,WH-04,1125,91,158,1058,0,200.9,Safe
INV-003638,2023-11-19,PRD-0191,WH-18,1255,78,333,1000,0,90.1,Safe
INV-003639,2023-11-18,PRD-0127,WH-15,1573,373,386,1560,0,121.2,Safe
INV-003640,2023-07-03,PRD-0430,WH-19,723,127,28,822,0,880.7,Safe
INV-003641,2024-08-06,PRD-0271,WH-12,1509,136,137,1508,0,330.2,Safe
INV-003642,2024-09-16,PRD-0010,WH-15,1768,490,119,2139,0,539.2,Safe
INV-003643,2024-04-15,PRD-0008,WH-04,833,148,187,794,0,127.4,Safe
INV-003644,2024-02-21,PRD-0495,WH-01,1509,427,267,1669,0,187.5,Safe
INV-003645,2024-06-09,PRD-0472,WH-01,1078,378,35,1421,0,999.0,Safe
INV-003646,2024-09-18,PRD-0348,WH-02,1501,237,367,1371,0,112.1,Safe
INV-003647,2023-11-01,PRD-0097,WH-10,653,434,529,558,0,31.6,Safe
INV-003648,2023-02-03,PRD-0057,WH-16,972,469,486,955,0,59.0,Safe
INV-003649,2023-04-24,PRD-0398,WH-05,550,195,73,672,0,276.2,Safe
INV-003650,2023-12-10,PRD-0461,WH-02,623,214,125,712,0,170.9,Safe
INV-003651,2024-02-02,PRD-0009,WH-14,1838,77,255,1660,0,195.3,Safe
INV-003652,2023-03-31,PRD-0293,WH-20,253,362,279,336,0,36.1,Safe
INV-003653,2024-05-31,PRD-0388,WH-20,1837,300,526,1611,0,91.9,Safe
INV-003654,2024-02-08,PRD-0208,WH-03,1244,191,406,1029,0,76.0,Safe
INV-003655,2023-07-05,PRD-0490,WH-12,1580,388,296,1672,0,169.5,Safe
INV-003656,2023-07-06,PRD-0319,WH-07,601,220,65,756,0,348.9,Safe
INV-003657,2024-06-08,PRD-0394,WH-12,161,172,291,42,0,4.3,Critical
INV-003658,2023-02-16,PRD-0279,WH-03,1378,197,294,1281,0,130.7,Safe
INV-003659,2023-03-17,PRD-0375,WH-03,1369,278,579,1068,0,55.3,Safe
INV-003660,2024-04-08,PRD-0002,WH-20,124,352,387,89,0,6.9,Critical
INV-003661,2024-08-23,PRD-0001,WH-04,1918,111,581,1448,0,74.8,Safe
INV-003662,2024-07-27,PRD-0297,WH-20,90,422,238,274,0,34.5,Safe
INV-003663,2023-10-05,PRD-0233,WH-20,1622,387,223,1786,0,240.3,Safe
INV-003664,2024-02-19,PRD-0438,WH-19,115,161,51,225,0,132.4,Safe
INV-003665,2024-08-04,PRD-0191,WH-07,1833,43,119,1757,0,442.9,Safe
INV-003666,2024-08-17,PRD-0377,WH-18,193,370,319,244,0,22.9,Safe
INV-003667,2024-07-19,PRD-0434,WH-08,1015,103,316,802,0,76.1,Safe
INV-003668,2024-01-19,PRD-0419,WH-16,858,154,285,727,0,76.5,Safe
INV-003669,2023-09-19,PRD-0326,WH-13,502,343,343,502,0,43.9,Safe
INV-003670,2023-01-01,PRD-0162,WH-14,1373,101,435,1039,0,71.7,Safe
INV-003671,2023-12-16,PRD-0354,WH-11,783,367,17,1133,0,999.0,Safe
INV-003672,2024-04-19,PRD-0149,WH-01,1314,386,600,1100,0,55.0,Safe
INV-003673,2023-06-02,PRD-0311,WH-06,98,38,35,101,0,86.6,Safe
INV-003674,2024-03-04,PRD-0057,WH-03,664,391,165,890,0,161.8,Safe
INV-003675,2023-09-24,PRD-0443,WH-07,1063,44,422,685,0,48.7,Safe
INV-003676,2023-02-20,PRD-0004,WH-04,432,330,43,719,0,501.6,Safe
INV-003677,2024-04-05,PRD-0185,WH-09,790,38,7,821,0,999.0,Safe
INV-003678,2024-08-25,PRD-0445,WH-17,1695,212,393,1514,0,115.6,Safe
INV-003679,2023-12-22,PRD-0258,WH-02,1984,199,68,2115,0,933.1,Safe
INV-003680,2024-02-25,PRD-0496,WH-05,378,292,28,642,0,687.9,Safe
INV-003681,2023-02-19,PRD-0268,WH-20,972,39,438,573,0,39.2,Safe
INV-003682,2023-01-16,PRD-0390,WH-13,531,62,574,19,0,1.0,Critical
INV-003683,2023-03-24,PRD-0003,WH-02,643,282,31,894,0,865.2,Safe
INV-003684,2023-08-07,PRD-0117,WH-12,1359,445,83,1721,0,622.0,Safe
INV-003685,2024-04-20,PRD-0161,WH-06,1474,146,594,1026,0,51.8,Safe
INV-003686,2024-04-28,PRD-0287,WH-13,494,316,498,312,0,18.8,Safe
INV-003687,2024-06-03,PRD-0132,WH-18,277,218,395,100,0,7.6,Warning
INV-003688,2024-08-05,PRD-0228,WH-07,1207,376,164,1419,0,259.6,Safe
INV-003689,2023-12-04,PRD-0287,WH-07,1553,210,118,1645,0,418.2,Safe
INV-003690,2024-05-29,PRD-0041,WH-10,357,60,202,215,0,31.9,Safe
INV-003691,2023-11-19,PRD-0284,WH-08,1020,391,101,1310,0,389.1,Safe
INV-003692,2023-08-14,PRD-0273,WH-04,989,350,415,924,0,66.8,Safe
INV-003693,2024-07-15,PRD-0357,WH-11,516,152,220,448,0,61.1,Safe
INV-003694,2024-01-11,PRD-0109,WH-05,1747,216,369,1594,0,129.6,Safe
INV-003695,2023-10-22,PRD-0135,WH-03,1626,499,374,1751,0,140.5,Safe
INV-003696,2023-12-31,PRD-0263,WH-08,1735,43,523,1255,0,72.0,Safe
INV-003697,2024-04-23,PRD-0466,WH-10,1291,121,363,1049,0,86.7,Safe
INV-003698,2023-02-14,PRD-0400,WH-18,821,147,205,763,0,111.7,Safe
INV-003699,2024-08-08,PRD-0414,WH-20,1743,93,315,1521,0,144.9,Safe
INV-003700,2023-10-27,PRD-0462,WH-05,278,380,258,400,0,46.5,Safe
INV-003701,2023-01-05,PRD-0202,WH-20,1138,206,237,1107,0,140.1,Safe
INV-003702,2023-05-08,PRD-0348,WH-12,1902,275,356,1821,0,153.5,Safe
INV-003703,2023-08-20,PRD-0339,WH-01,483,112,383,212,0,16.6,Safe
INV-003704,2023-12-26,PRD-0258,WH-12,134,179,276,37,0,4.0,Critical
INV-003705,2023-04-08,PRD-0138,WH-01,444,82,354,172,0,14.6,Safe
INV-003706,2023-06-03,PRD-0035,WH-20,140,130,139,131,0,28.3,Safe
INV-003707,2024-02-27,PRD-0115,WH-17,1799,403,151,2051,0,407.5,Safe
INV-003708,2024-02-05,PRD-0279,WH-11,734,300,62,972,0,470.3,Safe
INV-003709,2024-05-12,PRD-0340,WH-19,1128,163,219,1072,0,146.8,Safe
INV-003710,2024-05-08,PRD-0131,WH-10,361,355,484,232,0,14.4,Safe
INV-003711,2024-03-30,PRD-0446,WH-18,449,404,495,358,0,21.7,Safe
INV-003712,2023-08-15,PRD-0254,WH-20,1286,216,248,1254,0,151.7,Safe
INV-003713,2023-06-16,PRD-0483,WH-16,1906,372,430,1848,0,128.9,Safe
INV-003714,2023-12-15,PRD-0097,WH-01,777,216,517,476,0,27.6,Safe
INV-003715,2024-05-09,PRD-0240,WH-03,63,486,94,455,0,145.2,Safe
INV-003716,2024-05-30,PRD-0383,WH-02,96,371,211,256,0,36.4,Safe
INV-003717,2023-04-19,PRD-0073,WH-18,1191,197,387,1001,0,77.6,Safe
INV-003718,2023-11-20,PRD-0127,WH-04,1785,213,454,1544,0,102.0,Safe
INV-003719,2023-06-11,PRD-0110,WH-04,615,314,159,770,0,145.3,Safe
INV-003720,2024-05-03,PRD-0242,WH-07,1441,3,466,978,0,63.0,Safe
INV-003721,2023-05-29,PRD-0388,WH-04,1975,271,105,2141,0,611.7,Safe
INV-003722,2024-08-05,PRD-0214,WH-03,21,369,53,337,0,190.8,Safe
INV-003723,2024-07-25,PRD-0273,WH-15,652,168,535,285,0,16.0,Safe
INV-003724,2024-09-11,PRD-0203,WH-05,498,49,18,529,0,881.7,Safe
INV-003725,2023-09-11,PRD-0264,WH-19,180,237,96,321,0,100.3,Safe
INV-003726,2023-12-16,PRD-0141,WH-17,294,486,306,474,0,46.5,Safe
INV-003727,2023-05-03,PRD-0481,WH-18,1589,149,428,1310,0,91.8,Safe
INV-003728,2023-10-18,PRD-0123,WH-04,1784,50,248,1586,0,191.9,Safe
INV-003729,2023-03-01,PRD-0011,WH-03,1354,127,575,906,0,47.3,Safe
INV-003730,2024-04-05,PRD-0337,WH-19,969,179,195,953,0,146.6,Safe
INV-003731,2023-08-11,PRD-0381,WH-07,93,55,31,117,0,113.2,Safe
INV-003732,2024-04-08,PRD-0135,WH-18,1115,176,495,796,0,48.2,Safe
INV-003733,2023-01-11,PRD-0056,WH-08,152,454,406,200,0,14.8,Safe
INV-003734,2024-08-19,PRD-0182,WH-18,1849,93,218,1724,0,237.2,Safe
INV-003735,2023-10-14,PRD-0195,WH-08,636,499,360,775,0,64.6,Safe
INV-003736,2023-07-01,PRD-0001,WH-04,1566,436,262,1740,0,199.2,Safe
INV-003737,2023-08-30,PRD-0284,WH-10,1399,218,255,1362,0,160.2,Safe
INV-003738,2024-07-12,PRD-0245,WH-18,1785,145,18,1912,0,999.0,Safe
INV-003739,2024-03-16,PRD-0039,WH-01,1345,383,191,1537,0,241.4,Safe
INV-003740,2024-01-26,PRD-0263,WH-17,1338,437,353,1422,0,120.8,Safe
INV-003741,2023-04-18,PRD-0040,WH-03,7,142,5,144,0,864.0,Safe
INV-003742,2023-11-21,PRD-0255,WH-06,6,63,8,61,0,228.8,Safe
INV-003743,2024-07-29,PRD-0068,WH-11,781,356,268,869,0,97.3,Safe
INV-003744,2024-04-19,PRD-0361,WH-01,224,475,198,501,0,75.9,Safe
INV-003745,2024-05-20,PRD-0020,WH-05,704,363,27,1040,0,999.0,Safe
INV-003746,2023-02-18,PRD-0405,WH-01,99,194,192,101,0,15.8,Safe
INV-003747,2024-02-27,PRD-0289,WH-17,933,412,122,1223,0,300.7,Safe
INV-003748,2023-01-08,PRD-0222,WH-11,1828,29,40,1817,0,999.0,Safe
INV-003749,2023-08-07,PRD-0381,WH-01,1457,270,248,1479,0,178.9,Safe
INV-003750,2023-06-12,PRD-0067,WH-02,1681,260,9,1932,0,999.0,Safe
INV-003751,2024-09-05,PRD-0155,WH-07,1590,166,507,1249,0,73.9,Safe
INV-003752,2024-04-24,PRD-0351,WH-06,409,441,535,315,0,17.7,Safe
INV-003753,2024-04-05,PRD-0374,WH-18,259,346,105,500,0,142.9,Safe
INV-003754,2023-06-10,PRD-0496,WH-18,208,112,263,57,0,6.5,Critical
INV-003755,2024-03-01,PRD-0275,WH-19,1813,334,136,2011,0,443.6,Safe
INV-003756,2024-01-08,PRD-0088,WH-12,594,471,347,718,0,62.1,Safe
INV-003757,2024-02-12,PRD-0025,WH-09,925,315,435,805,0,55.5,Safe
INV-003758,2023-04-04,PRD-0370,WH-12,649,169,458,360,0,23.6,Safe
INV-003759,2024-09-03,PRD-0410,WH-15,605,10,211,404,0,57.4,Safe
INV-003760,2023-05-29,PRD-0254,WH-04,1370,316,544,1142,0,63.0,Safe
INV-003761,2024-01-26,PRD-0064,WH-18,979,181,99,1061,0,321.5,Safe
INV-003762,2023-03-03,PRD-0171,WH-20,839,441,208,1072,0,154.6,Safe
INV-003763,2024-06-11,PRD-0175,WH-03,583,451,513,521,0,30.5,Safe
INV-003764,2024-07-02,PRD-0091,WH-11,525,56,494,87,0,5.3,Critical
INV-003765,2023-12-12,PRD-0435,WH-11,1885,62,254,1693,0,200.0,Safe
INV-003766,2023-12-07,PRD-0127,WH-19,1591,102,555,1138,0,61.5,Safe
INV-003767,2024-01-07,PRD-0096,WH-14,320,21,86,255,0,89.0,Safe
INV-003768,2024-03-23,PRD-0318,WH-12,743,406,343,806,0,70.5,Safe
INV-003769,2024-08-10,PRD-0109,WH-16,1969,90,201,1858,0,277.3,Safe
INV-003770,2024-06-25,PRD-0370,WH-17,300,100,4,396,0,999.0,Safe
INV-003771,2024-04-13,PRD-0256,WH-10,1982,433,533,1882,0,105.9,Safe
INV-003772,2023-03-26,PRD-0111,WH-04,1595,474,0,2069,0,999.0,Safe
INV-003773,2024-07-28,PRD-0191,WH-18,1463,152,459,1156,0,75.6,Safe
INV-003774,2024-08-21,PRD-0406,WH-18,130,473,440,163,0,11.1,Warning
INV-003775,2023-08-24,PRD-0395,WH-19,822,236,101,957,0,284.3,Safe
INV-003776,2023-08-19,PRD-0061,WH-09,449,279,526,202,0,11.5,Warning
INV-003777,2024-08-09,PRD-0434,WH-10,1655,237,446,1446,0,97.3,Safe
INV-003778,2023-03-20,PRD-0278,WH-16,785,383,511,657,0,38.6,Safe
INV-003779,2023-03-17,PRD-0116,WH-13,762,23,339,446,0,39.5,Safe
INV-003780,2023-05-20,PRD-0300,WH-05,1296,384,161,1519,0,283.0,Safe
INV-003781,2023-11-26,PRD-0209,WH-19,892,234,480,646,0,40.4,Safe
INV-003782,2023-06-16,PRD-0325,WH-09,1758,301,229,1830,0,239.7,Safe
INV-003783,2024-03-03,PRD-0394,WH-12,1570,359,120,1809,0,452.2,Safe
INV-003784,2024-08-10,PRD-0126,WH-09,1057,212,207,1062,0,153.9,Safe
INV-003785,2024-03-23,PRD-0401,WH-19,1584,389,406,1567,0,115.8,Safe
INV-003786,2024-06-13,PRD-0356,WH-07,66,227,244,49,0,6.0,Critical
INV-003787,2023-03-16,PRD-0329,WH-17,277,227,403,101,0,7.5,Warning
INV-003788,2024-09-07,PRD-0196,WH-01,74,313,274,113,0,12.4,Warning
INV-003789,2024-05-29,PRD-0053,WH-06,1191,145,121,1215,0,301.2,Safe
INV-003790,2024-01-04,PRD-0017,WH-17,15,428,308,135,0,13.1,Warning
INV-003791,2024-07-25,PRD-0131,WH-12,200,452,177,475,0,80.5,Safe
INV-003792,2024-08-15,PRD-0364,WH-05,724,157,570,311,0,16.4,Safe
INV-003793,2023-11-03,PRD-0352,WH-07,403,282,99,586,0,177.6,Safe
INV-003794,2024-03-05,PRD-0137,WH-15,1356,86,298,1144,0,115.2,Safe
INV-003795,2023-04-05,PRD-0466,WH-14,513,32,372,173,0,14.0,Warning
INV-003796,2024-05-09,PRD-0207,WH-03,970,468,391,1047,0,80.3,Safe
INV-003797,2024-09-21,PRD-0450,WH-19,1090,462,211,1341,0,190.7,Safe
INV-003798,2023-11-15,PRD-0245,WH-16,533,481,509,505,0,29.8,Safe
INV-003799,2024-03-17,PRD-0267,WH-04,580,235,116,699,0,180.8,Safe
INV-003800,2023-03-18,PRD-0093,WH-15,914,212,525,601,0,34.3,Safe
INV-003801,2023-07-02,PRD-0051,WH-02,1641,154,70,1725,0,739.3,Safe
INV-003802,2023-12-22,PRD-0095,WH-01,585,240,290,535,0,55.3,Safe
INV-003803,2024-08-28,PRD-0086,WH-13,1174,126,588,712,0,36.3,Safe
INV-003804,2023-02-22,PRD-0353,WH-17,89,122,181,30,0,5.0,Critical
INV-003805,2024-02-19,PRD-0433,WH-13,367,424,43,748,0,521.9,Safe
INV-003806,2024-08-31,PRD-0172,WH-19,547,282,301,528,0,52.6,Safe
INV-003807,2024-01-05,PRD-0275,WH-06,1265,470,372,1363,0,109.9,Safe
INV-003808,2023-04-01,PRD-0317,WH-04,408,268,406,270,0,20.0,Safe
INV-003809,2024-06-03,PRD-0457,WH-15,505,189,529,165,0,9.4,Warning
INV-003810,2023-11-07,PRD-0257,WH-06,110,301,171,240,0,42.1,Safe
INV-003811,2023-02-16,PRD-0485,WH-16,1424,178,550,1052,0,57.4,Safe
INV-003812,2023-08-24,PRD-0448,WH-01,513,381,493,401,0,24.4,Safe
INV-003813,2023-06-15,PRD-0056,WH-15,1758,416,99,2075,0,628.8,Safe
INV-003814,2024-04-18,PRD-0143,WH-10,1709,446,332,1823,0,164.7,Safe
INV-003815,2024-02-21,PRD-0431,WH-18,1071,4,20,1055,0,999.0,Safe
INV-003816,2023-11-19,PRD-0161,WH-12,1498,490,501,1487,0,89.0,Safe
INV-003817,2023-04-18,PRD-0244,WH-09,795,421,47,1169,0,746.2,Safe
INV-003818,2023-10-05,PRD-0261,WH-03,538,417,82,873,0,319.4,Safe
INV-003819,2024-03-15,PRD-0471,WH-18,43,33,61,15,0,7.4,Warning
INV-003820,2024-01-23,PRD-0331,WH-05,1341,356,384,1313,0,102.6,Safe
INV-003821,2023-06-04,PRD-0334,WH-05,740,442,507,675,0,39.9,Safe
INV-003822,2023-05-20,PRD-0475,WH-02,1754,373,95,2032,0,641.7,Safe
INV-003823,2023-08-27,PRD-0335,WH-16,1245,164,218,1191,0,163.9,Safe
INV-003824,2024-07-04,PRD-0407,WH-10,1268,217,361,1124,0,93.4,Safe
INV-003825,2023-05-20,PRD-0454,WH-04,1618,48,273,1393,0,153.1,Safe
INV-003826,2024-04-18,PRD-0367,WH-16,1361,299,460,1200,0,78.3,Safe
INV-003827,2023-05-26,PRD-0444,WH-18,453,108,22,539,0,735.0,Safe
INV-003828,2024-08-08,PRD-0140,WH-02,92,427,447,72,0,4.8,Critical
INV-003829,2023-01-18,PRD-0080,WH-01,823,165,198,790,0,119.7,Safe
INV-003830,2024-09-12,PRD-0441,WH-11,357,347,396,308,0,23.3,Safe
INV-003831,2023-05-06,PRD-0455,WH-06,930,120,429,621,0,43.4,Safe
INV-003832,2023-02-18,PRD-0425,WH-19,1901,445,340,2006,0,177.0,Safe
INV-003833,2023-11-19,PRD-0362,WH-06,188,311,131,368,0,84.3,Safe
INV-003834,2024-08-09,PRD-0343,WH-07,164,421,294,291,0,29.7,Safe
INV-003835,2023-02-21,PRD-0204,WH-07,1440,7,301,1146,0,114.2,Safe
INV-003836,2024-01-23,PRD-0382,WH-20,1479,241,340,1380,0,121.8,Safe
INV-003837,2024-02-01,PRD-0288,WH-11,593,230,501,322,0,19.3,Safe
INV-003838,2023-05-29,PRD-0255,WH-14,658,10,19,649,0,999.0,Safe
INV-003839,2023-08-14,PRD-0204,WH-17,1807,37,349,1495,0,128.5,Safe
INV-003840,2023-03-02,PRD-0492,WH-14,550,177,233,494,0,63.6,Safe
INV-003841,2024-08-22,PRD-0234,WH-14,35,45,10,70,0,210.0,Safe
INV-003842,2023-01-31,PRD-0463,WH-17,1606,481,511,1576,0,92.5,Safe
INV-003843,2024-09-12,PRD-0394,WH-04,1995,160,46,2109,0,999.0,Safe
INV-003844,2024-03-31,PRD-0366,WH-04,1170,18,569,619,0,32.6,Safe
INV-003845,2024-04-03,PRD-0382,WH-09,1439,276,246,1469,0,179.1,Safe
INV-003846,2024-07-01,PRD-0320,WH-14,1776,13,532,1257,0,70.9,Safe
INV-003847,2023-02-21,PRD-0081,WH-07,133,376,231,278,0,36.1,Safe
INV-003848,2023-04-30,PRD-0425,WH-17,201,56,158,99,0,18.8,Safe
INV-003849,2024-04-24,PRD-0362,WH-05,1596,148,315,1429,0,136.1,Safe
INV-003850,2024-01-14,PRD-0440,WH-18,1930,158,543,1545,0,85.4,Safe
INV-003851,2023-05-24,PRD-0136,WH-09,1729,358,534,1553,0,87.2,Safe
INV-003852,2024-08-14,PRD-0135,WH-12,963,232,151,1044,0,207.4,Safe
INV-003853,2023-12-31,PRD-0047,WH-03,1130,284,564,850,0,45.2,Safe
INV-003854,2023-06-05,PRD-0091,WH-18,1695,470,109,2056,0,565.9,Safe
INV-003855,2023-01-08,PRD-0479,WH-10,954,124,244,834,0,102.5,Safe
INV-003856,2024-02-19,PRD-0443,WH-06,937,93,342,688,0,60.4,Safe
INV-003857,2023-04-01,PRD-0031,WH-06,664,295,171,788,0,138.2,Safe
INV-003858,2023-09-17,PRD-0086,WH-15,1498,135,104,1529,0,441.1,Safe
INV-003859,2023-04-08,PRD-0270,WH-12,94,278,208,164,0,23.7,Safe
INV-003860,2023-05-30,PRD-0335,WH-04,684,231,21,894,0,999.0,Safe
INV-003861,2023-09-28,PRD-0365,WH-11,1262,377,240,1399,0,174.9,Safe
INV-003862,2024-05-09,PRD-0228,WH-17,1571,466,9,2028,0,999.0,Safe
INV-003863,2023-03-08,PRD-0480,WH-18,1519,169,540,1148,0,63.8,Safe
INV-003864,2024-05-08,PRD-0099,WH-06,648,392,561,479,0,25.6,Safe
INV-003865,2023-07-27,PRD-0159,WH-08,1174,480,273,1381,0,151.8,Safe
INV-003866,2023-03-15,PRD-0102,WH-09,44,266,58,252,0,130.3,Safe
INV-003867,2023-07-15,PRD-0041,WH-19,1702,386,46,2042,0,999.0,Safe
INV-003868,2023-12-23,PRD-0384,WH-20,1247,251,156,1342,0,258.1,Safe
INV-003869,2024-01-11,PRD-0400,WH-01,85,468,483,70,0,4.3,Critical
INV-003870,2024-05-08,PRD-0309,WH-15,166,119,179,106,0,17.8,Safe
INV-003871,2024-05-21,PRD-0143,WH-16,1550,15,214,1351,0,189.4,Safe
INV-003872,2023-05-21,PRD-0302,WH-17,1837,203,430,1610,0,112.3,Safe
INV-003873,2023-07-27,PRD-0211,WH-19,761,213,169,805,0,142.9,Safe
INV-003874,2024-08-24,PRD-0462,WH-10,1945,76,252,1769,0,210.6,Safe
INV-003875,2023-03-26,PRD-0186,WH-16,1095,388,494,989,0,60.1,Safe
INV-003876,2024-03-06,PRD-0268,WH-02,1964,272,563,1673,0,89.1,Safe
INV-003877,2024-07-06,PRD-0148,WH-12,760,486,175,1071,0,183.6,Safe
INV-003878,2023-04-10,PRD-0062,WH-05,958,245,297,906,0,91.5,Safe
INV-003879,2024-02-23,PRD-0201,WH-13,1545,431,379,1597,0,126.4,Safe
INV-003880,2023-10-05,PRD-0398,WH-11,734,301,152,883,0,174.3,Safe
INV-003881,2024-05-13,PRD-0129,WH-04,1788,384,366,1806,0,148.0,Safe
INV-003882,2024-07-02,PRD-0102,WH-10,976,193,468,701,0,44.9,Safe
INV-003883,2023-09-24,PRD-0037,WH-04,1421,143,157,1407,0,268.9,Safe
INV-003884,2023-08-29,PRD-0269,WH-02,1446,325,265,1506,0,170.5,Safe
INV-003885,2023-02-23,PRD-0055,WH-15,1484,246,81,1649,0,610.7,Safe
INV-003886,2024-03-27,PRD-0276,WH-03,441,75,420,96,0,6.9,Critical
INV-003887,2023-03-02,PRD-0233,WH-09,1030,265,582,713,0,36.8,Safe
INV-003888,2023-09-23,PRD-0372,WH-11,1595,199,481,1313,0,81.9,Safe
INV-003889,2023-11-22,PRD-0225,WH-05,1907,286,501,1692,0,101.3,Safe
INV-003890,2023-03-24,PRD-0039,WH-07,1309,179,116,1372,0,354.8,Safe
INV-003891,2023-03-04,PRD-0490,WH-01,1040,159,162,1037,0,192.0,Safe
INV-003892,2023-07-01,PRD-0051,WH-06,465,64,279,250,0,26.9,Safe
INV-003893,2024-08-22,PRD-0475,WH-10,642,141,284,499,0,52.7,Safe
INV-003894,2024-02-13,PRD-0078,WH-18,253,312,43,522,0,364.2,Safe
INV-003895,2023-08-14,PRD-0156,WH-09,921,153,185,889,0,144.2,Safe
INV-003896,2023-02-08,PRD-0324,WH-01,1805,324,14,2115,0,999.0,Safe
INV-003897,2024-08-18,PRD-0118,WH-08,1800,360,143,2017,0,423.1,Safe
INV-003898,2024-04-06,PRD-0019,WH-18,1328,34,587,775,0,39.6,Safe
INV-003899,2024-08-27,PRD-0109,WH-20,862,136,380,618,0,48.8,Safe
INV-003900,2023-09-06,PRD-0394,WH-10,430,316,358,388,0,32.5,Safe
INV-003901,2024-05-19,PRD-0310,WH-14,1949,213,592,1570,0,79.6,Safe
INV-003902,2023-02-19,PRD-0384,WH-20,1387,374,403,1358,0,101.1,Safe
INV-003903,2024-06-06,PRD-0309,WH-05,1807,425,482,1750,0,108.9,Safe
INV-003904,2024-03-13,PRD-0055,WH-15,233,38,157,114,0,21.8,Safe
INV-003905,2023-08-27,PRD-0409,WH-06,1529,252,561,1220,0,65.2,Safe
INV-003906,2024-03-13,PRD-0385,WH-07,381,198,283,296,0,31.4,Safe
INV-003907,2023-12-29,PRD-0449,WH-01,1488,330,73,1745,0,717.1,Safe
INV-003908,2023-08-28,PRD-0018,WH-13,361,82,398,45,0,3.4,Critical
INV-003909,2023-03-08,PRD-0378,WH-03,1248,293,227,1314,0,173.7,Safe
INV-003910,2024-09-12,PRD-0337,WH-07,600,462,111,951,0,257.0,Safe
INV-003911,2024-08-28,PRD-0478,WH-06,1003,326,423,906,0,64.3,Safe
INV-003912,2024-01-11,PRD-0482,WH-10,781,94,448,427,0,28.6,Safe
INV-003913,2023-12-03,PRD-0008,WH-03,1357,217,51,1523,0,895.9,Safe
INV-003914,2024-01-16,PRD-0182,WH-04,1327,411,229,1509,0,197.7,Safe
INV-003915,2024-07-27,PRD-0471,WH-04,1785,189,405,1569,0,116.2,Safe
INV-003916,2023-10-02,PRD-0258,WH-02,1970,303,453,1820,0,120.5,Safe
INV-003917,2024-09-15,PRD-0419,WH-10,486,41,523,4,0,0.2,Critical
INV-003918,2023-04-04,PRD-0314,WH-01,1447,97,119,1425,0,359.2,Safe
INV-003919,2024-05-02,PRD-0098,WH-08,1946,338,351,1933,0,165.2,Safe
INV-003920,2024-08-29,PRD-0296,WH-18,489,235,57,667,0,351.1,Safe
INV-003921,2024-05-30,PRD-0474,WH-07,1719,301,323,1697,0,157.6,Safe
INV-003922,2024-08-10,PRD-0459,WH-20,220,354,53,521,0,294.9,Safe
INV-003923,2023-06-23,PRD-0273,WH-12,962,164,215,911,0,127.1,Safe
INV-003924,2023-07-04,PRD-0324,WH-06,1719,144,418,1445,0,103.7,Safe
INV-003925,2024-07-28,PRD-0064,WH-10,440,375,594,221,0,11.2,Warning
INV-003926,2023-07-30,PRD-0214,WH-08,1789,9,367,1431,0,117.0,Safe
INV-003927,2023-06-02,PRD-0185,WH-07,1378,493,471,1400,0,89.2,Safe
INV-003928,2023-02-23,PRD-0168,WH-03,515,140,96,559,0,174.7,Safe
INV-003929,2024-08-31,PRD-0221,WH-11,1663,223,584,1302,0,66.9,Safe
INV-003930,2024-03-01,PRD-0137,WH-11,1935,184,165,1954,0,355.3,Safe
INV-003931,2024-03-04,PRD-0446,WH-06,107,130,199,38,0,5.7,Critical
INV-003932,2023-10-06,PRD-0067,WH-16,116,360,259,217,0,25.1,Safe
INV-003933,2023-04-05,PRD-0086,WH-11,900,429,406,923,0,68.2,Safe
INV-003934,2023-04-16,PRD-0095,WH-15,37,339,368,8,0,0.7,Critical
INV-003935,2023-11-23,PRD-0243,WH-02,825,164,428,561,0,39.3,Safe
INV-003936,2023-04-23,PRD-0279,WH-19,1371,100,73,1398,0,574.5,Safe
INV-003937,2024-08-07,PRD-0096,WH-19,1235,15,175,1075,0,184.3,Safe
INV-003938,2023-10-26,PRD-0184,WH-06,45,232,111,166,0,44.9,Safe
INV-003939,2024-02-06,PRD-0134,WH-18,1167,30,168,1029,0,183.8,Safe
INV-003940,2024-05-31,PRD-0103,WH-04,1995,269,389,1875,0,144.6,Safe
INV-003941,2024-03-20,PRD-0297,WH-03,1971,42,113,1900,0,504.4,Safe
INV-003942,2024-05-28,PRD-0064,WH-10,664,90,17,737,0,999.0,Safe
INV-003943,2024-07-16,PRD-0152,WH-10,1028,371,557,842,0,45.4,Safe
INV-003944,2023-09-19,PRD-0403,WH-16,1067,464,207,1324,0,191.9,Safe
INV-003945,2023-06-20,PRD-0184,WH-20,1448,155,570,1033,0,54.4,Safe
INV-003946,2023-03-18,PRD-0052,WH-02,1639,480,567,1552,0,82.1,Safe
INV-003947,2023-09-18,PRD-0485,WH-11,989,362,411,940,0,68.6,Safe
INV-003948,2023-09-02,PRD-0302,WH-14,762,57,343,476,0,41.6,Safe
INV-003949,2023-06-17,PRD-0342,WH-02,651,37,155,533,0,103.2,Safe
INV-003950,2024-04-28,PRD-0425,WH-10,1613,390,244,1759,0,216.3,Safe
INV-003951,2024-05-09,PRD-0290,WH-05,840,395,132,1103,0,250.7,Safe
INV-003952,2023-05-18,PRD-0101,WH-17,837,253,291,799,0,82.4,Safe
INV-003953,2024-09-08,PRD-0335,WH-07,716,211,261,666,0,76.6,Safe
INV-003954,2024-02-01,PRD-0473,WH-10,237,115,241,111,0,13.8,Warning
INV-003955,2023-06-25,PRD-0488,WH-10,1899,211,57,2053,0,999.0,Safe
INV-003956,2023-08-26,PRD-0112,WH-04,1808,22,303,1527,0,151.2,Safe
INV-003957,2024-05-03,PRD-0245,WH-09,1663,460,427,1696,0,119.2,Safe
INV-003958,2024-09-13,PRD-0199,WH-02,1571,254,359,1466,0,122.5,Safe
INV-003959,2023-05-02,PRD-0435,WH-14,95,385,73,407,0,167.3,Safe
INV-003960,2024-07-07,PRD-0324,WH-06,1600,37,282,1355,0,144.1,Safe
INV-003961,2024-04-28,PRD-0311,WH-06,383,96,394,85,0,6.5,Critical
INV-003962,2024-06-09,PRD-0216,WH-03,1365,126,240,1251,0,156.4,Safe
INV-003963,2023-05-22,PRD-0210,WH-07,74,228,130,172,0,39.7,Safe
INV-003964,2023-05-13,PRD-0390,WH-12,1922,316,44,2194,0,999.0,Safe
INV-003965,2024-07-21,PRD-0016,WH-20,543,31,188,386,0,61.6,Safe
INV-003966,2024-08-16,PRD-0452,WH-20,1649,56,487,1218,0,75.0,Safe
INV-003967,2024-06-01,PRD-0009,WH-14,1135,55,316,874,0,83.0,Safe
INV-003968,2024-06-02,PRD-0488,WH-02,1230,47,365,912,0,75.0,Safe
INV-003969,2024-09-01,PRD-0300,WH-17,789,258,446,601,0,40.4,Safe
INV-003970,2023-09-06,PRD-0042,WH-07,180,461,56,585,0,313.4,Safe
INV-003971,2024-05-06,PRD-0381,WH-17,773,317,335,755,0,67.6,Safe
INV-003972,2023-05-10,PRD-0068,WH-17,1956,474,518,1912,0,110.7,Safe
INV-003973,2024-06-24,PRD-0102,WH-19,1097,384,290,1191,0,123.2,Safe
INV-003974,2023-01-26,PRD-0064,WH-01,1462,264,177,1549,0,262.5,Safe
INV-003975,2023-04-08,PRD-0345,WH-16,1277,302,497,1082,0,65.3,Safe
INV-003976,2024-05-03,PRD-0040,WH-08,281,354,325,310,0,28.6,Safe
INV-003977,2024-01-30,PRD-0290,WH-14,7,284,144,147,0,30.6,Safe
INV-003978,2024-05-21,PRD-0299,WH-17,987,279,400,866,0,65.0,Safe
INV-003979,2023-03-11,PRD-0127,WH-19,592,405,403,594,0,44.2,Safe
INV-003980,2023-07-17,PRD-0171,WH-07,950,111,319,742,0,69.8,Safe
INV-003981,2023-03-09,PRD-0106,WH-04,1908,462,117,2253,0,577.7,Safe
INV-003982,2024-02-16,PRD-0155,WH-20,1297,107,567,837,0,44.3,Safe
INV-003983,2023-09-14,PRD-0183,WH-04,1797,104,341,1560,0,137.2,Safe
INV-003984,2023-09-05,PRD-0087,WH-09,1731,180,36,1875,0,999.0,Safe
INV-003985,2024-02-24,PRD-0494,WH-14,617,97,53,661,0,374.2,Safe
INV-003986,2023-11-09,PRD-0327,WH-14,1858,119,380,1597,0,126.1,Safe
INV-003987,2023-09-21,PRD-0040,WH-17,671,73,291,453,0,46.7,Safe
INV-003988,2023-01-16,PRD-0066,WH-14,21,298,277,42,0,4.5,Critical
INV-003989,2024-08-08,PRD-0472,WH-08,1076,64,473,667,0,42.3,Safe
INV-003990,2024-06-01,PRD-0385,WH-05,587,6,175,418,0,71.7,Safe
INV-003991,2023-02-01,PRD-0478,WH-15,818,351,240,929,0,116.1,Safe
INV-003992,2023-02-13,PRD-0423,WH-18,1908,425,495,1838,0,111.4,Safe
INV-003993,2023-04-10,PRD-0393,WH-13,1676,414,398,1692,0,127.5,Safe
INV-003994,2024-04-19,PRD-0105,WH-05,162,133,190,105,0,16.6,Safe
INV-003995,2023-09-02,PRD-0381,WH-04,399,335,360,374,0,31.2,Safe
INV-003996,2023-07-17,PRD-0170,WH-05,648,45,561,132,0,7.1,Warning
INV-003997,2023-06-02,PRD-0035,WH-05,1783,246,404,1625,0,120.7,Safe
INV-003998,2023-10-24,PRD-0416,WH-05,1958,156,195,1919,0,295.2,Safe
INV-003999,2024-02-12,PRD-0144,WH-03,578,105,221,462,0,62.7,Safe
INV-004000,2024-03-08,PRD-0245,WH-01,1639,422,481,1580,0,98.5,Safe
INV-004001,2023-11-21,PRD-0061,WH-02,1403,315,28,1690,0,999.0,Safe
INV-004002,2024-10-01,PRD-0090,WH-20,1106,293,335,1064,0,95.3,Safe
INV-004003,2023-10-21,PRD-0115,WH-01,1452,454,461,1445,0,94.0,Safe
INV-004004,2023-01-20,PRD-0495,WH-08,1575,212,248,1539,0,186.2,Safe
INV-004005,2023-12-16,PRD-0451,WH-06,1525,63,253,1335,0,158.3,Safe
INV-004006,2024-05-28,PRD-0356,WH-06,1056,407,424,1039,0,73.5,Safe
INV-004007,2023-07-31,PRD-0393,WH-08,1119,195,437,877,0,60.2,Safe
INV-004008,2023-08-18,PRD-0271,WH-11,1621,50,258,1413,0,164.3,Safe
INV-004009,2024-01-18,PRD-0390,WH-20,1400,417,508,1309,0,77.3,Safe
INV-004010,2023-04-04,PRD-0405,WH-10,1716,254,359,1611,0,134.6,Safe
INV-004011,2024-08-29,PRD-0122,WH-08,1526,355,315,1566,0,149.1,Safe
INV-004012,2023-11-07,PRD-0034,WH-17,868,456,555,769,0,41.6,Safe
INV-004013,2024-07-03,PRD-0226,WH-10,1919,260,393,1786,0,136.3,Safe
INV-004014,2023-12-04,PRD-0167,WH-05,1377,117,421,1073,0,76.5,Safe
INV-004015,2024-03-28,PRD-0012,WH-13,1939,381,115,2205,0,575.2,Safe
INV-004016,2024-04-13,PRD-0112,WH-09,1058,290,307,1041,0,101.7,Safe
INV-004017,2023-11-21,PRD-0393,WH-04,49,358,204,203,0,29.9,Safe
INV-004018,2023-02-26,PRD-0347,WH-17,1436,389,480,1345,0,84.1,Safe
INV-004019,2023-01-09,PRD-0106,WH-10,1905,472,163,2214,0,407.5,Safe
INV-004020,2023-06-13,PRD-0219,WH-14,1299,360,514,1145,0,66.8,Safe
INV-004021,2024-01-12,PRD-0103,WH-05,1258,235,402,1091,0,81.4,Safe
INV-004022,2023-01-17,PRD-0204,WH-15,151,232,145,238,0,49.2,Safe
INV-004023,2024-01-02,PRD-0149,WH-05,1710,190,268,1632,0,182.7,Safe
INV-004024,2024-02-18,PRD-0413,WH-08,1232,497,85,1644,0,580.2,Safe
INV-004025,2023-06-13,PRD-0026,WH-01,426,304,314,416,0,39.7,Safe
INV-004026,2024-05-26,PRD-0001,WH-17,75,210,214,71,0,10.0,Warning
INV-004027,2024-05-14,PRD-0034,WH-08,82,275,138,219,0,47.6,Safe
INV-004028,2024-09-06,PRD-0104,WH-19,623,205,374,454,0,36.4,Safe
INV-004029,2023-10-04,PRD-0305,WH-10,1601,494,565,1530,0,81.2,Safe
INV-004030,2024-02-26,PRD-0328,WH-09,1123,81,127,1077,0,254.4,Safe
INV-004031,2024-06-03,PRD-0426,WH-10,476,134,65,545,0,251.5,Safe
INV-004032,2024-04-28,PRD-0423,WH-03,1264,482,441,1305,0,88.8,Safe
INV-004033,2023-10-30,PRD-0374,WH-01,810,35,465,380,0,24.5,Safe
INV-004034,2023-01-17,PRD-0152,WH-20,1883,287,72,2098,0,874.2,Safe
INV-004035,2023-03-10,PRD-0386,WH-11,1261,336,141,1456,0,309.8,Safe
INV-004036,2024-04-22,PRD-0039,WH-16,486,220,248,458,0,55.4,Safe
INV-004037,2023-04-14,PRD-0149,WH-12,1297,173,86,1384,0,482.8,Safe
INV-004038,2023-06-11,PRD-0220,WH-15,1695,189,304,1580,0,155.9,Safe
INV-004039,2024-09-26,PRD-0142,WH-03,1885,261,293,1853,0,189.7,Safe
INV-004040,2024-09-30,PRD-0256,WH-01,787,305,541,551,0,30.6,Safe
INV-004041,2023-01-18,PRD-0176,WH-15,1721,403,282,1842,0,196.0,Safe
INV-004042,2024-06-07,PRD-0067,WH-20,1683,59,429,1313,0,91.8,Safe
INV-004043,2023-01-16,PRD-0449,WH-17,1720,59,103,1676,0,488.2,Safe
INV-004044,2023-06-21,PRD-0063,WH-11,959,348,475,832,0,52.5,Safe
INV-004045,2024-04-14,PRD-0163,WH-14,1842,486,473,1855,0,117.7,Safe
INV-004046,2023-08-11,PRD-0127,WH-16,1912,262,178,1996,0,336.4,Safe
INV-004047,2023-03-05,PRD-0085,WH-10,1200,477,232,1445,0,186.9,Safe
INV-004048,2023-10-16,PRD-0166,WH-11,1130,397,533,994,0,55.9,Safe
INV-004049,2024-08-14,PRD-0228,WH-14,710,402,207,905,0,131.2,Safe
INV-004050,2024-09-07,PRD-0491,WH-14,83,308,327,64,0,5.9,Critical
INV-004051,2023-03-12,PRD-0412,WH-11,772,298,44,1026,0,699.5,Safe
INV-004052,2023-09-12,PRD-0234,WH-08,56,218,96,178,0,55.6,Safe
INV-004053,2023-09-06,PRD-0159,WH-05,1813,257,423,1647,0,116.8,Safe
INV-004054,2023-02-17,PRD-0373,WH-08,1057,287,68,1276,0,562.9,Safe
INV-004055,2024-05-11,PRD-0278,WH-08,1411,147,208,1350,0,194.7,Safe
INV-004056,2024-07-04,PRD-0011,WH-01,1591,44,15,1620,0,999.0,Safe
INV-004057,2023-05-01,PRD-0168,WH-12,389,343,149,583,0,117.4,Safe
INV-004058,2024-05-11,PRD-0051,WH-17,1248,281,579,950,0,49.2,Safe
INV-004059,2023-07-27,PRD-0481,WH-07,1374,406,366,1414,0,115.9,Safe
INV-004060,2023-07-20,PRD-0096,WH-04,1880,357,171,2066,0,362.5,Safe
INV-004061,2023-04-04,PRD-0342,WH-11,1142,96,211,1027,0,146.0,Safe
INV-004062,2024-04-04,PRD-0088,WH-04,1084,256,325,1015,0,93.7,Safe
INV-004063,2023-08-09,PRD-0179,WH-02,114,91,38,167,0,131.8,Safe
INV-004064,2024-04-01,PRD-0030,WH-16,1209,464,315,1358,0,129.3,Safe
INV-004065,2023-10-30,PRD-0320,WH-05,1083,157,510,730,0,42.9,Safe
INV-004066,2024-04-01,PRD-0392,WH-19,1614,481,144,1951,0,406.5,Safe
INV-004067,2023-11-14,PRD-0196,WH-04,89,39,103,25,0,7.3,Warning
INV-004068,2023-10-09,PRD-0191,WH-07,295,107,38,364,0,287.4,Safe
INV-004069,2023-03-13,PRD-0383,WH-02,325,142,325,142,0,13.1,Warning
INV-004070,2024-01-25,PRD-0238,WH-07,463,46,309,200,0,19.4,Safe
INV-004071,2023-07-10,PRD-0435,WH-14,1538,419,131,1826,0,418.2,Safe
INV-004072,2024-08-15,PRD-0312,WH-02,1122,274,448,948,0,63.5,Safe
INV-004073,2023-03-02,PRD-0206,WH-17,433,428,71,790,0,333.8,Safe
INV-004074,2024-06-14,PRD-0307,WH-18,855,324,497,682,0,41.2,Safe
INV-004075,2024-01-29,PRD-0384,WH-06,850,463,498,815,0,49.1,Safe
INV-004076,2024-06-22,PRD-0095,WH-14,1463,257,34,1686,0,999.0,Safe
INV-004077,2024-06-04,PRD-0129,WH-03,1237,416,163,1490,0,274.2,Safe
INV-004078,2024-01-12,PRD-0259,WH-11,402,333,365,370,0,30.4,Safe
INV-004079,2023-03-30,PRD-0479,WH-15,1479,432,271,1640,0,181.5,Safe
INV-004080,2023-07-02,PRD-0219,WH-07,1609,333,572,1370,0,71.9,Safe
INV-004081,2024-01-02,PRD-0265,WH-06,1352,193,440,1105,0,75.3,Safe
INV-004082,2024-04-19,PRD-0183,WH-03,20,352,39,333,0,256.2,Safe
INV-004083,2023-07-31,PRD-0465,WH-18,950,69,356,663,0,55.9,Safe
INV-004084,2023-08-18,PRD-0444,WH-20,1348,339,64,1623,0,760.8,Safe
INV-004085,2023-02-04,PRD-0186,WH-05,1748,494,365,1877,0,154.3,Safe
INV-004086,2024-07-05,PRD-0241,WH-06,1323,111,28,1406,0,999.0,Safe
INV-004087,2024-07-13,PRD-0214,WH-16,864,433,528,769,0,43.7,Safe
INV-004088,2024-01-28,PRD-0463,WH-01,161,498,333,326,0,29.4,Safe
INV-004089,2023-08-17,PRD-0417,WH-09,552,193,245,500,0,61.2,Safe
INV-004090,2024-07-05,PRD-0130,WH-14,754,490,355,889,0,75.1,Safe
INV-004091,2024-04-23,PRD-0361,WH-07,1578,161,254,1485,0,175.4,Safe
INV-004092,2023-04-26,PRD-0221,WH-19,862,300,187,975,0,156.4,Safe
INV-004093,2023-02-27,PRD-0217,WH-16,771,499,94,1176,0,375.3,Safe
INV-004094,2024-03-02,PRD-0278,WH-14,1145,181,393,933,0,71.2,Safe
INV-004095,2023-08-10,PRD-0075,WH-12,1299,98,190,1207,0,190.6,Safe
INV-004096,2023-11-06,PRD-0202,WH-19,1943,144,127,1960,0,463.0,Safe
INV-004097,2024-09-22,PRD-0051,WH-09,1596,8,55,1549,0,844.9,Safe
INV-004098,2023-03-16,PRD-0265,WH-19,1199,440,597,1042,0,52.4,Safe
INV-004099,2024-03-25,PRD-0106,WH-17,68,468,315,221,0,21.0,Safe
INV-004100,2023-08-13,PRD-0156,WH-19,606,285,22,869,0,999.0,Safe
INV-004101,2024-01-25,PRD-0021,WH-12,381,372,337,416,0,37.0,Safe
INV-004102,2024-05-06,PRD-0466,WH-17,607,146,45,708,0,472.0,Safe
INV-004103,2023-07-08,PRD-0318,WH-03,1776,30,58,1748,0,904.1,Safe
INV-004104,2023-10-23,PRD-0254,WH-13,430,354,326,458,0,42.1,Safe
INV-004105,2023-05-13,PRD-0305,WH-02,202,467,34,635,0,560.3,Safe
INV-004106,2023-11-09,PRD-0171,WH-07,1273,371,103,1541,0,448.8,Safe
INV-004107,2023-07-23,PRD-0135,WH-14,563,48,78,533,0,205.0,Safe
INV-004108,2023-04-04,PRD-0083,WH-13,409,363,567,205,0,10.8,Warning
INV-004109,2023-05-21,PRD-0094,WH-02,1586,116,515,1187,0,69.1,Safe
INV-004110,2024-04-13,PRD-0024,WH-16,158,258,196,220,0,33.7,Safe
INV-004111,2024-03-15,PRD-0427,WH-16,713,105,504,314,0,18.7,Safe
INV-004112,2024-06-30,PRD-0284,WH-16,1906,450,306,2050,0,201.0,Safe
INV-004113,2023-09-05,PRD-0235,WH-13,1148,46,206,988,0,143.9,Safe
INV-004114,2023-05-05,PRD-0461,WH-17,1292,356,291,1357,0,139.9,Safe
INV-004115,2023-08-23,PRD-0277,WH-15,332,461,121,672,0,166.6,Safe
INV-004116,2023-12-28,PRD-0118,WH-07,1463,162,154,1471,0,286.6,Safe
INV-004117,2023-07-27,PRD-0375,WH-10,608,316,5,919,0,999.0,Safe
INV-004118,2024-01-29,PRD-0011,WH-20,1323,455,345,1433,0,124.6,Safe
INV-004119,2024-09-02,PRD-0345,WH-08,1608,211,68,1751,0,772.5,Safe
INV-004120,2023-05-30,PRD-0055,WH-13,431,162,269,324,0,36.1,Safe
INV-004121,2023-03-10,PRD-0254,WH-12,657,119,455,321,0,21.2,Safe
INV-004122,2023-01-06,PRD-0329,WH-04,1689,487,255,1921,0,226.0,Safe
INV-004123,2023-02-26,PRD-0362,WH-13,1725,213,70,1868,0,800.6,Safe
INV-004124,2023-05-10,PRD-0173,WH-06,1511,171,258,1424,0,165.6,Safe
INV-004125,2024-04-04,PRD-0278,WH-14,293,412,132,573,0,130.2,Safe
INV-004126,2023-02-22,PRD-0449,WH-16,679,141,410,410,0,30.0,Safe
INV-004127,2024-01-24,PRD-0492,WH-10,628,458,79,1007,0,382.4,Safe
INV-004128,2024-03-19,PRD-0363,WH-01,431,316,74,673,0,272.8,Safe
INV-004129,2023-07-07,PRD-0159,WH-12,1867,182,316,1733,0,164.5,Safe
INV-004130,2023-10-01,PRD-0021,WH-19,1265,373,214,1424,0,199.6,Safe
INV-004131,2024-01-05,PRD-0071,WH-08,493,484,402,575,0,42.9,Safe
INV-004132,2024-04-10,PRD-0234,WH-20,1476,202,496,1182,0,71.5,Safe
INV-004133,2024-05-28,PRD-0068,WH-13,681,473,145,1009,0,208.8,Safe
INV-004134,2023-11-18,PRD-0455,WH-16,456,3,259,200,0,23.2,Safe
INV-004135,2024-07-07,PRD-0055,WH-05,34,22,41,15,0,11.0,Warning
INV-004136,2024-07-27,PRD-0003,WH-08,1354,485,584,1255,0,64.5,Safe
INV-004137,2024-04-29,PRD-0412,WH-04,317,40,176,181,0,30.9,Safe
INV-004138,2024-09-29,PRD-0447,WH-12,877,113,568,422,0,22.3,Safe
INV-004139,2023-06-12,PRD-0084,WH-11,56,31,68,19,0,8.4,Warning
INV-004140,2024-01-25,PRD-0044,WH-10,1869,301,277,1893,0,205.0,Safe
INV-004141,2024-05-14,PRD-0142,WH-03,1224,401,244,1381,0,169.8,Safe
INV-004142,2024-04-27,PRD-0372,WH-14,228,468,218,478,0,65.8,Safe
INV-004143,2023-10-13,PRD-0381,WH-15,1384,369,166,1587,0,286.8,Safe
INV-004144,2024-05-28,PRD-0458,WH-04,1260,438,167,1531,0,275.0,Safe
INV-004145,2024-04-06,PRD-0148,WH-10,458,483,262,679,0,77.7,Safe
INV-004146,2023-12-17,PRD-0260,WH-06,1371,100,577,894,0,46.5,Safe
INV-004147,2023-07-10,PRD-0328,WH-10,938,280,127,1091,0,257.7,Safe
INV-004148,2023-01-30,PRD-0342,WH-18,510,362,598,274,0,13.7,Warning
INV-004149,2024-04-19,PRD-0192,WH-03,28,19,24,23,0,28.8,Safe
INV-004150,2023-05-21,PRD-0020,WH-02,449,111,183,377,0,61.8,Safe
INV-004151,2023-01-23,PRD-0170,WH-06,794,253,312,735,0,70.7,Safe
INV-004152,2024-04-02,PRD-0401,WH-05,696,281,463,514,0,33.3,Safe
INV-004153,2024-07-10,PRD-0262,WH-02,1013,296,499,810,0,48.7,Safe
INV-004154,2024-05-10,PRD-0496,WH-06,1983,499,411,2071,0,151.2,Safe
INV-004155,2024-06-05,PRD-0132,WH-09,1096,258,203,1151,0,170.1,Safe
INV-004156,2023-10-30,PRD-0204,WH-09,1500,332,40,1792,0,999.0,Safe
INV-004157,2024-02-10,PRD-0171,WH-13,118,168,89,197,0,66.4,Safe
INV-004158,2023-01-11,PRD-0030,WH-03,1130,6,73,1063,0,436.8,Safe
INV-004159,2024-04-16,PRD-0224,WH-13,975,160,296,839,0,85.0,Safe
INV-004160,2023-02-24,PRD-0469,WH-11,1929,453,470,1912,0,122.0,Safe
INV-004161,2024-09-01,PRD-0103,WH-03,310,52,220,142,0,19.4,Safe
INV-004162,2024-09-06,PRD-0125,WH-09,1791,417,153,2055,0,402.9,Safe
INV-004163,2023-09-18,PRD-0407,WH-04,1226,74,522,778,0,44.7,Safe
INV-004164,2024-08-02,PRD-0143,WH-19,1465,97,469,1093,0,69.9,Safe
INV-004165,2023-10-17,PRD-0479,WH-01,1077,127,342,862,0,75.6,Safe
INV-004166,2023-05-04,PRD-0064,WH-12,781,30,490,321,0,19.7,Safe
INV-004167,2023-12-19,PRD-0365,WH-03,1231,209,147,1293,0,263.9,Safe
INV-004168,2024-03-26,PRD-0301,WH-19,1855,394,75,2174,0,869.6,Safe
INV-004169,2023-09-30,PRD-0287,WH-11,1589,278,438,1429,0,97.9,Safe
INV-004170,2024-09-19,PRD-0217,WH-18,912,419,124,1207,0,292.0,Safe
INV-004171,2023-03-30,PRD-0443,WH-09,1058,364,325,1097,0,101.3,Safe
INV-004172,2023-09-19,PRD-0379,WH-18,1401,402,435,1368,0,94.3,Safe
INV-004173,2023-07-01,PRD-0070,WH-15,1538,135,483,1190,0,73.9,Safe
INV-004174,2024-01-14,PRD-0277,WH-18,182,302,441,43,0,2.9,Critical
INV-004175,2024-03-25,PRD-0020,WH-05,343,496,127,712,0,168.2,Safe
INV-004176,2023-05-07,PRD-0314,WH-06,1951,213,264,1900,0,215.9,Safe
INV-004177,2023-06-01,PRD-0163,WH-18,380,249,222,407,0,55.0,Safe
INV-004178,2023-05-01,PRD-0432,WH-17,449,51,463,37,0,2.4,Critical
INV-004179,2024-06-29,PRD-0397,WH-10,987,313,325,975,0,90.0,Safe
INV-004180,2024-03-29,PRD-0145,WH-15,706,41,232,515,0,66.6,Safe
INV-004181,2024-05-19,PRD-0458,WH-05,361,97,212,246,0,34.8,Safe
INV-004182,2024-08-15,PRD-0231,WH-09,1254,271,194,1331,0,205.8,Safe
INV-004183,2023-04-15,PRD-0022,WH-05,931,171,438,664,0,45.5,Safe
INV-004184,2023-12-04,PRD-0476,WH-13,1480,124,449,1155,0,77.2,Safe
INV-004185,2024-03-08,PRD-0224,WH-08,150,333,38,445,0,351.3,Safe
INV-004186,2023-04-21,PRD-0454,WH-05,1948,186,92,2042,0,665.9,Safe
INV-004187,2023-09-04,PRD-0342,WH-19,1306,42,145,1203,0,248.9,Safe
INV-004188,2024-06-02,PRD-0013,WH-05,1288,387,337,1338,0,119.1,Safe
INV-004189,2023-05-10,PRD-0258,WH-18,295,163,107,351,0,98.4,Safe
INV-004190,2024-05-10,PRD-0244,WH-18,262,224,415,71,0,5.1,Critical
INV-004191,2024-03-06,PRD-0386,WH-16,553,284,243,594,0,73.3,Safe
INV-004192,2024-08-27,PRD-0475,WH-10,1038,265,599,704,0,35.3,Safe
INV-004193,2023-06-26,PRD-0073,WH-07,462,497,103,856,0,249.3,Safe
INV-004194,2023-08-09,PRD-0067,WH-03,847,348,294,901,0,91.9,Safe
INV-004195,2023-06-29,PRD-0247,WH-12,44,259,38,265,0,209.2,Safe
INV-004196,2023-11-30,PRD-0451,WH-19,574,58,359,273,0,22.8,Safe
INV-004197,2023-07-03,PRD-0229,WH-15,678,242,503,417,0,24.9,Safe
INV-004198,2023-04-06,PRD-0286,WH-17,505,370,435,440,0,30.3,Safe
INV-004199,2024-03-15,PRD-0496,WH-01,1386,221,114,1493,0,392.9,Safe
INV-004200,2023-09-08,PRD-0151,WH-01,466,139,209,396,0,56.8,Safe
INV-004201,2023-04-15,PRD-0324,WH-15,1713,220,103,1830,0,533.0,Safe
INV-004202,2023-12-14,PRD-0201,WH-20,1836,134,382,1588,0,124.7,Safe
INV-004203,2023-10-13,PRD-0118,WH-11,1481,116,200,1397,0,209.6,Safe
INV-004204,2024-08-15,PRD-0272,WH-16,275,126,195,206,0,31.7,Safe
INV-004205,2024-08-18,PRD-0158,WH-04,1267,436,87,1616,0,557.2,Safe
INV-004206,2024-05-31,PRD-0479,WH-13,1081,343,324,1100,0,101.9,Safe
INV-004207,2023-02-24,PRD-0078,WH-17,1280,162,573,869,0,45.5,Safe
INV-004208,2023-01-16,PRD-0079,WH-03,967,178,466,679,0,43.7,Safe
INV-004209,2023-08-14,PRD-0415,WH-01,1439,427,24,1842,0,999.0,Safe
INV-004210,2024-02-06,PRD-0397,WH-03,1074,272,137,1209,0,264.7,Safe
INV-004211,2023-11-23,PRD-0388,WH-15,1147,124,130,1141,0,263.3,Safe
INV-004212,2023-09-04,PRD-0445,WH-20,1995,295,560,1730,0,92.7,Safe
INV-004213,2024-09-05,PRD-0007,WH-07,1475,30,509,996,0,58.7,Safe
INV-004214,2024-01-16,PRD-0499,WH-16,1199,80,492,787,0,48.0,Safe
INV-004215,2023-01-23,PRD-0324,WH-06,1051,362,58,1355,0,700.9,Safe
INV-004216,2024-06-10,PRD-0237,WH-06,1873,102,479,1496,0,93.7,Safe
INV-004217,2023-10-18,PRD-0354,WH-10,207,9,106,110,0,31.1,Safe
INV-004218,2023-03-31,PRD-0039,WH-12,956,100,181,875,0,145.0,Safe
INV-004219,2024-02-26,PRD-0245,WH-05,742,90,255,577,0,67.9,Safe
INV-004220,2023-05-02,PRD-0017,WH-05,156,145,64,237,0,111.1,Safe
INV-004221,2023-09-06,PRD-0353,WH-12,685,206,446,445,0,29.9,Safe
INV-004222,2024-04-18,PRD-0482,WH-08,1228,401,224,1405,0,188.2,Safe
INV-004223,2024-03-22,PRD-0491,WH-05,568,244,540,272,0,15.1,Safe
INV-004224,2023-11-24,PRD-0461,WH-03,789,408,293,904,0,92.6,Safe
INV-004225,2024-05-21,PRD-0402,WH-13,1776,42,214,1604,0,224.9,Safe
INV-004226,2024-05-28,PRD-0467,WH-09,71,346,261,156,0,17.9,Safe
INV-004227,2024-07-17,PRD-0141,WH-04,947,486,456,977,0,64.3,Safe
INV-004228,2024-03-18,PRD-0400,WH-07,382,395,13,764,0,999.0,Safe
INV-004229,2023-03-15,PRD-0012,WH-12,1172,123,441,854,0,58.1,Safe
INV-004230,2023-06-05,PRD-0068,WH-13,1060,210,552,718,0,39.0,Safe
INV-004231,2024-04-03,PRD-0141,WH-14,1834,189,165,1858,0,337.8,Safe
INV-004232,2023-12-20,PRD-0342,WH-13,1829,342,49,2122,0,999.0,Safe
INV-004233,2024-07-07,PRD-0158,WH-17,1359,36,552,843,0,45.8,Safe
INV-004234,2023-12-23,PRD-0389,WH-06,1205,286,421,1070,0,76.2,Safe
INV-004235,2024-09-22,PRD-0172,WH-01,1318,9,561,766,0,41.0,Safe
INV-004236,2023-11-27,PRD-0076,WH-06,1765,290,381,1674,0,131.8,Safe
INV-004237,2023-06-04,PRD-0489,WH-11,695,280,409,566,0,41.5,Safe
INV-004238,2024-05-08,PRD-0091,WH-11,898,387,433,852,0,59.0,Safe
INV-004239,2023-10-20,PRD-0140,WH-03,180,428,34,574,0,506.5,Safe
INV-004240,2023-07-22,PRD-0401,WH-12,1155,159,409,905,0,66.4,Safe
INV-004241,2023-08-25,PRD-0181,WH-13,1368,263,565,1066,0,56.6,Safe
INV-004242,2024-09-02,PRD-0336,WH-10,1794,368,1,2161,0,999.0,Safe
INV-004243,2024-08-10,PRD-0393,WH-05,1604,249,111,1742,0,470.8,Safe
INV-004244,2024-07-29,PRD-0216,WH-15,860,440,443,857,0,58.0,Safe
INV-004245,2023-12-06,PRD-0089,WH-10,1970,364,575,1759,0,91.8,Safe
INV-004246,2023-11-24,PRD-0090,WH-18,626,402,316,712,0,67.6,Safe
INV-004247,2023-11-14,PRD-0118,WH-02,1301,108,554,855,0,46.3,Safe
INV-004248,2023-06-29,PRD-0296,WH-08,1033,284,434,883,0,61.0,Safe
INV-004249,2024-09-23,PRD-0491,WH-09,767,49,518,298,0,17.3,Safe
INV-004250,2023-06-09,PRD-0176,WH-05,256,467,424,299,0,21.2,Safe
INV-004251,2023-08-21,PRD-0384,WH-05,543,25,93,475,0,153.2,Safe
INV-004252,2024-06-14,PRD-0204,WH-16,1565,160,385,1340,0,104.4,Safe
INV-004253,2023-06-24,PRD-0055,WH-19,819,238,506,551,0,32.7,Safe
INV-004254,2024-09-25,PRD-0074,WH-14,239,242,435,46,0,3.2,Critical
INV-004255,2024-05-04,PRD-0358,WH-07,1106,344,283,1167,0,123.7,Safe
INV-004256,2024-06-11,PRD-0065,WH-11,276,93,89,280,0,94.4,Safe
INV-004257,2023-05-15,PRD-0394,WH-15,1507,220,222,1505,0,203.4,Safe
INV-004258,2024-08-26,PRD-0341,WH-08,1912,379,442,1849,0,125.5,Safe
INV-004259,2024-04-24,PRD-0059,WH-16,768,394,311,851,0,82.1,Safe
INV-004260,2023-08-10,PRD-0460,WH-13,1468,447,469,1446,0,92.5,Safe
INV-004261,2023-01-09,PRD-0084,WH-12,328,252,534,46,0,2.6,Critical
INV-004262,2023-05-30,PRD-0014,WH-10,474,340,179,635,0,106.4,Safe
INV-004263,2023-03-20,PRD-0125,WH-06,1124,378,128,1374,0,322.0,Safe
INV-004264,2024-07-31,PRD-0347,WH-10,431,103,270,264,0,29.3,Safe
INV-004265,2023-06-06,PRD-0362,WH-01,1910,101,245,1766,0,216.2,Safe
INV-004266,2023-06-10,PRD-0491,WH-15,1468,382,2,1848,0,999.0,Safe
INV-004267,2024-02-01,PRD-0223,WH-06,1990,384,293,2081,0,213.1,Safe
INV-004268,2024-08-03,PRD-0278,WH-12,564,457,436,585,0,40.3,Safe
INV-004269,2024-05-10,PRD-0099,WH-10,1623,29,351,1301,0,111.2,Safe
INV-004270,2024-04-05,PRD-0493,WH-20,963,240,234,969,0,124.2,Safe
INV-004271,2023-07-25,PRD-0084,WH-08,958,43,521,480,0,27.6,Safe
INV-004272,2023-10-28,PRD-0093,WH-07,1112,315,98,1329,0,406.8,Safe
INV-004273,2024-01-12,PRD-0197,WH-12,1574,400,149,1825,0,367.4,Safe
INV-004274,2023-04-29,PRD-0427,WH-03,78,482,335,225,0,20.1,Safe
INV-004275,2023-05-21,PRD-0243,WH-02,693,375,333,735,0,66.2,Safe
INV-004276,2024-08-26,PRD-0453,WH-10,944,260,341,863,0,75.9,Safe
INV-004277,2023-11-18,PRD-0445,WH-19,1705,391,483,1613,0,100.2,Safe
INV-004278,2023-02-03,PRD-0364,WH-02,1267,115,215,1167,0,162.8,Safe
INV-004279,2023-01-19,PRD-0164,WH-12,338,64,103,299,0,87.1,Safe
INV-004280,2023-04-04,PRD-0449,WH-08,293,348,507,134,0,7.9,Warning
INV-004281,2023-04-03,PRD-0006,WH-16,1961,96,569,1488,0,78.5,Safe
INV-004282,2023-02-19,PRD-0482,WH-03,148,291,12,427,0,999.0,Safe
INV-004283,2023-05-31,PRD-0234,WH-09,483,359,197,645,0,98.2,Safe
INV-004284,2023-08-23,PRD-0050,WH-13,1345,204,264,1285,0,146.0,Safe
INV-004285,2024-01-25,PRD-0108,WH-04,1295,83,11,1367,0,999.0,Safe
INV-004286,2024-01-04,PRD-0138,WH-20,563,116,493,186,0,11.3,Warning
INV-004287,2024-02-29,PRD-0375,WH-20,111,36,11,136,0,370.9,Safe
INV-004288,2023-10-05,PRD-0018,WH-10,1465,386,114,1737,0,457.1,Safe
INV-004289,2023-05-15,PRD-0413,WH-17,1843,406,199,2050,0,309.0,Safe
INV-004290,2024-03-24,PRD-0251,WH-11,583,103,427,259,0,18.2,Safe
INV-004291,2024-08-10,PRD-0384,WH-10,1892,300,282,1910,0,203.2,Safe
INV-004292,2024-05-16,PRD-0319,WH-04,1545,180,456,1269,0,83.5,Safe
INV-004293,2023-08-24,PRD-0370,WH-09,171,119,151,139,0,27.6,Safe
INV-004294,2023-05-16,PRD-0300,WH-04,1115,485,255,1345,0,158.2,Safe
INV-004295,2023-03-02,PRD-0049,WH-02,1287,330,434,1183,0,81.8,Safe
INV-004296,2023-09-12,PRD-0152,WH-06,707,338,582,463,0,23.9,Safe
INV-004297,2024-06-18,PRD-0403,WH-07,1201,311,446,1066,0,71.7,Safe
INV-004298,2024-01-25,PRD-0375,WH-10,646,395,282,759,0,80.7,Safe
INV-004299,2023-05-29,PRD-0135,WH-02,1348,216,192,1372,0,214.4,Safe
INV-004300,2024-10-01,PRD-0035,WH-01,1244,119,401,962,0,72.0,Safe
INV-004301,2023-08-23,PRD-0245,WH-14,727,141,338,530,0,47.0,Safe
INV-004302,2024-02-09,PRD-0028,WH-15,1909,142,121,1930,0,478.5,Safe
INV-004303,2024-04-20,PRD-0313,WH-16,455,159,409,205,0,15.0,Safe
INV-004304,2023-12-12,PRD-0089,WH-10,1419,124,34,1509,0,999.0,Safe
INV-004305,2023-05-09,PRD-0115,WH-08,85,418,360,143,0,11.9,Warning
INV-004306,2024-03-16,PRD-0306,WH-17,1533,347,97,1783,0,551.4,Safe
INV-004307,2023-07-23,PRD-0256,WH-06,1225,104,372,957,0,77.2,Safe
INV-004308,2024-06-27,PRD-0458,WH-02,1317,409,9,1717,0,999.0,Safe
INV-004309,2024-02-29,PRD-0052,WH-20,1581,364,570,1375,0,72.4,Safe
INV-004310,2023-12-01,PRD-0055,WH-16,56,111,141,26,0,5.5,Critical
INV-004311,2024-09-08,PRD-0098,WH-12,799,22,343,478,0,41.8,Safe
INV-004312,2023-12-08,PRD-0007,WH-07,849,172,341,680,0,59.8,Safe
INV-004313,2023-04-13,PRD-0032,WH-19,1803,134,155,1782,0,344.9,Safe
INV-004314,2024-05-06,PRD-0119,WH-08,342,59,252,149,0,17.7,Safe
INV-004315,2023-03-16,PRD-0318,WH-10,1500,184,407,1277,0,94.1,Safe
INV-004316,2023-11-25,PRD-0277,WH-19,1091,470,276,1285,0,139.7,Safe
INV-004317,2024-05-03,PRD-0021,WH-06,352,436,586,202,0,10.3,Warning
INV-004318,2023-08-27,PRD-0406,WH-18,1489,426,134,1781,0,398.7,Safe
INV-004319,2023-09-04,PRD-0237,WH-07,1429,217,353,1293,0,109.9,Safe
INV-004320,2023-08-13,PRD-0283,WH-17,1653,451,205,1899,0,277.9,Safe
INV-004321,2023-10-05,PRD-0297,WH-03,720,216,339,597,0,52.8,Safe
INV-004322,2024-02-08,PRD-0420,WH-16,1711,337,248,1800,0,217.7,Safe
INV-004323,2024-03-11,PRD-0440,WH-15,205,175,113,267,0,70.9,Safe
INV-004324,2024-09-10,PRD-0498,WH-11,1978,217,562,1633,0,87.2,Safe
INV-004325,2024-09-22,PRD-0371,WH-19,676,196,311,561,0,54.1,Safe
INV-004326,2023-02-09,PRD-0034,WH-20,1421,2,476,947,0,59.7,Safe
INV-004327,2023-12-26,PRD-0448,WH-08,393,482,177,698,0,118.3,Safe
INV-004328,2023-02-20,PRD-0218,WH-07,1991,310,562,1739,0,92.8,Safe
INV-004329,2023-05-29,PRD-0242,WH-07,1203,353,424,1132,0,80.1,Safe
INV-004330,2023-03-17,PRD-0132,WH-03,492,64,500,56,0,3.4,Critical
INV-004331,2023-11-21,PRD-0469,WH-13,1913,74,49,1938,0,999.0,Safe
INV-004332,2023-03-17,PRD-0365,WH-03,1,191,17,175,0,308.8,Safe
INV-004333,2024-04-14,PRD-0200,WH-19,1362,228,243,1347,0,166.3,Safe
INV-004334,2023-06-06,PRD-0440,WH-12,1711,141,184,1668,0,272.0,Safe
INV-004335,2024-06-22,PRD-0296,WH-20,1392,361,345,1408,0,122.4,Safe
INV-004336,2024-03-06,PRD-0166,WH-14,76,37,82,31,0,11.3,Warning
INV-004337,2024-06-17,PRD-0178,WH-03,1028,51,216,863,0,119.9,Safe
INV-004338,2023-09-23,PRD-0308,WH-03,1453,426,152,1727,0,340.9,Safe
INV-004339,2023-02-13,PRD-0216,WH-13,188,137,164,161,0,29.5,Safe
INV-004340,2023-04-07,PRD-0364,WH-18,748,367,125,990,0,237.6,Safe
INV-004341,2024-09-08,PRD-0256,WH-04,91,125,74,142,0,57.6,Safe
INV-004342,2024-02-08,PRD-0032,WH-17,1074,485,134,1425,0,319.0,Safe
INV-004343,2023-05-14,PRD-0388,WH-05,587,4,18,573,0,955.0,Safe
INV-004344,2024-01-31,PRD-0427,WH-18,1271,375,238,1408,0,177.5,Safe
INV-004345,2023-04-13,PRD-0356,WH-12,1823,444,145,2122,0,439.0,Safe
INV-004346,2024-03-12,PRD-0434,WH-05,735,87,295,527,0,53.6,Safe
INV-004347,2023-10-10,PRD-0167,WH-01,1591,468,514,1545,0,90.2,Safe
INV-004348,2024-07-15,PRD-0148,WH-03,171,352,178,345,0,58.1,Safe
INV-004349,2024-01-27,PRD-0034,WH-17,696,279,466,509,0,32.8,Safe
INV-004350,2024-09-04,PRD-0155,WH-04,773,318,592,499,0,25.3,Safe
INV-004351,2023-09-24,PRD-0233,WH-18,1592,297,195,1694,0,260.6,Safe
INV-004352,2023-05-21,PRD-0240,WH-10,1509,47,179,1377,0,230.8,Safe
INV-004353,2023-02-24,PRD-0348,WH-11,550,471,231,790,0,102.6,Safe
INV-004354,2024-07-26,PRD-0260,WH-20,98,91,168,21,0,3.8,Critical
INV-004355,2024-03-29,PRD-0467,WH-08,1071,124,550,645,0,35.2,Safe
INV-004356,2023-05-07,PRD-0063,WH-12,92,48,70,70,0,30.0,Safe
INV-004357,2023-03-02,PRD-0058,WH-02,989,397,407,979,0,72.2,Safe
INV-004358,2023-07-03,PRD-0052,WH-19,549,225,443,331,0,22.4,Safe
INV-004359,2024-08-08,PRD-0112,WH-18,900,465,64,1301,0,609.8,Safe
INV-004360,2023-03-16,PRD-0292,WH-02,1834,470,273,2031,0,223.2,Safe
INV-004361,2024-08-13,PRD-0457,WH-08,187,477,39,625,0,480.8,Safe
INV-004362,2024-01-18,PRD-0254,WH-11,1082,27,351,758,0,64.8,Safe
INV-004363,2024-07-26,PRD-0038,WH-12,537,185,6,716,0,999.0,Safe
INV-004364,2023-07-14,PRD-0296,WH-16,90,64,45,109,0,72.7,Safe
INV-004365,2023-08-09,PRD-0474,WH-08,520,274,485,309,0,19.1,Safe
INV-004366,2024-07-29,PRD-0158,WH-15,519,471,104,886,0,255.6,Safe
INV-004367,2024-05-08,PRD-0167,WH-10,191,460,182,469,0,77.3,Safe
INV-004368,2023-04-15,PRD-0196,WH-20,1576,324,241,1659,0,206.5,Safe
INV-004369,2023-12-28,PRD-0140,WH-13,735,138,382,491,0,38.6,Safe
INV-004370,2024-01-28,PRD-0020,WH-07,1462,389,472,1379,0,87.6,Safe
INV-004371,2023-06-11,PRD-0495,WH-08,1797,204,20,1981,0,999.0,Safe
INV-004372,2024-05-31,PRD-0289,WH-04,1219,63,315,967,0,92.1,Safe
INV-004373,2024-06-22,PRD-0119,WH-12,734,281,81,934,0,345.9,Safe
INV-004374,2024-08-09,PRD-0272,WH-10,1266,212,459,1019,0,66.6,Safe
INV-004375,2023-02-12,PRD-0260,WH-20,1434,134,570,998,0,52.5,Safe
INV-004376,2024-09-03,PRD-0184,WH-17,1274,203,471,1006,0,64.1,Safe
INV-004377,2023-08-06,PRD-0075,WH-02,1307,57,343,1021,0,89.3,Safe
INV-004378,2023-02-12,PRD-0304,WH-07,1874,490,567,1797,0,95.1,Safe
INV-004379,2023-05-22,PRD-0118,WH-20,1608,112,169,1551,0,275.3,Safe
INV-004380,2023-04-26,PRD-0363,WH-07,782,403,254,931,0,110.0,Safe
INV-004381,2023-10-24,PRD-0401,WH-12,1610,1,109,1502,0,413.4,Safe
INV-004382,2023-04-28,PRD-0339,WH-19,1061,332,47,1346,0,859.1,Safe
INV-004383,2024-07-12,PRD-0108,WH-05,1146,96,36,1206,0,999.0,Safe
INV-004384,2023-06-27,PRD-0201,WH-03,1648,471,453,1666,0,110.3,Safe
INV-004385,2024-08-06,PRD-0106,WH-10,839,477,139,1177,0,254.0,Safe
INV-004386,2023-06-02,PRD-0159,WH-02,1038,250,512,776,0,45.5,Safe
INV-004387,2024-06-26,PRD-0477,WH-01,465,323,30,758,0,758.0,Safe
INV-004388,2024-02-13,PRD-0389,WH-13,1056,392,198,1250,0,189.4,Safe
INV-004389,2023-04-18,PRD-0357,WH-11,186,199,267,118,0,13.3,Warning
INV-004390,2023-10-17,PRD-0241,WH-12,641,437,181,897,0,148.7,Safe
INV-004391,2023-09-08,PRD-0234,WH-18,716,269,282,703,0,74.8,Safe
INV-004392,2024-09-29,PRD-0118,WH-16,979,355,127,1207,0,285.1,Safe
INV-004393,2024-03-12,PRD-0397,WH-19,124,163,43,244,0,170.2,Safe
INV-004394,2024-02-06,PRD-0203,WH-02,688,67,581,174,0,9.0,Warning
INV-004395,2024-01-21,PRD-0282,WH-18,1546,440,118,1868,0,474.9,Safe
INV-004396,2023-08-21,PRD-0475,WH-19,440,136,386,190,0,14.8,Safe
INV-004397,2023-04-25,PRD-0149,WH-02,249,68,134,183,0,41.0,Safe
INV-004398,2024-05-09,PRD-0114,WH-01,199,432,204,427,0,62.8,Safe
INV-004399,2023-08-20,PRD-0445,WH-03,1217,171,402,986,0,73.6,Safe
INV-004400,2024-01-15,PRD-0471,WH-05,298,219,164,353,0,64.6,Safe
INV-004401,2024-02-17,PRD-0140,WH-04,1697,352,535,1514,0,84.9,Safe
INV-004402,2023-01-23,PRD-0183,WH-19,174,268,62,380,0,183.9,Safe
INV-004403,2023-02-20,PRD-0358,WH-20,559,486,272,773,0,85.3,Safe
INV-004404,2023-11-30,PRD-0043,WH-07,1823,232,182,1873,0,308.7,Safe
INV-004405,2024-02-22,PRD-0475,WH-09,1328,218,114,1432,0,376.8,Safe
INV-004406,2023-09-22,PRD-0345,WH-04,354,344,268,430,0,48.1,Safe
INV-004407,2024-07-09,PRD-0184,WH-17,697,144,377,464,0,36.9,Safe
INV-004408,2023-04-23,PRD-0147,WH-08,1906,195,0,2101,0,999.0,Safe
INV-004409,2023-06-20,PRD-0003,WH-02,1850,197,398,1649,0,124.3,Safe
INV-004410,2024-04-13,PRD-0033,WH-11,178,404,220,362,0,49.4,Safe
INV-004411,2024-03-01,PRD-0403,WH-07,1812,289,361,1740,0,144.6,Safe
INV-004412,2023-03-26,PRD-0118,WH-13,823,57,159,721,0,136.0,Safe
INV-004413,2023-12-21,PRD-0363,WH-14,205,87,60,232,0,116.0,Safe
INV-004414,2023-07-24,PRD-0309,WH-12,938,141,482,597,0,37.2,Safe
INV-004415,2024-05-02,PRD-0137,WH-08,1307,144,197,1254,0,191.0,Safe
INV-004416,2023-05-26,PRD-0058,WH-04,1107,373,401,1079,0,80.7,Safe
INV-004417,2023-12-29,PRD-0480,WH-20,995,249,351,893,0,76.3,Safe
INV-004418,2023-10-07,PRD-0118,WH-10,456,45,389,112,0,8.6,Warning
INV-004419,2023-07-15,PRD-0315,WH-20,1941,369,386,1924,0,149.5,Safe
INV-004420,2023-02-28,PRD-0400,WH-07,628,391,250,769,0,92.3,Safe
INV-004421,2023-12-26,PRD-0336,WH-14,1936,188,214,1910,0,267.8,Safe
INV-004422,2024-06-03,PRD-0248,WH-09,1179,374,372,1181,0,95.2,Safe
INV-004423,2023-03-28,PRD-0380,WH-20,1111,446,538,1019,0,56.8,Safe
INV-004424,2023-01-30,PRD-0014,WH-14,233,445,252,426,0,50.7,Safe
INV-004425,2023-11-14,PRD-0453,WH-08,823,230,361,692,0,57.5,Safe
INV-004426,2024-03-03,PRD-0468,WH-19,1991,259,32,2218,0,999.0,Safe
INV-004427,2023-06-11,PRD-0316,WH-19,670,340,151,859,0,170.7,Safe
INV-004428,2023-06-11,PRD-0193,WH-06,1506,70,506,1070,0,63.4,Safe
INV-004429,2024-07-02,PRD-0295,WH-11,1365,268,171,1462,0,256.5,Safe
INV-004430,2023-07-17,PRD-0254,WH-01,1983,202,469,1716,0,109.8,Safe
INV-004431,2024-01-09,PRD-0047,WH-11,457,178,40,595,0,446.2,Safe
INV-004432,2023-08-20,PRD-0355,WH-10,708,456,104,1060,0,305.8,Safe
INV-004433,2023-10-19,PRD-0379,WH-06,1419,142,484,1077,0,66.8,Safe
INV-004434,2024-09-08,PRD-0130,WH-09,521,361,261,621,0,71.4,Safe
INV-004435,2024-02-05,PRD-0499,WH-12,1983,302,23,2262,0,999.0,Safe
INV-004436,2023-11-28,PRD-0422,WH-13,916,309,560,665,0,35.6,Safe
INV-004437,2023-07-10,PRD-0104,WH-03,248,334,572,10,0,0.5,Critical
INV-004438,2024-03-30,PRD-0265,WH-03,1539,161,433,1267,0,87.8,Safe
INV-004439,2024-08-10,PRD-0463,WH-14,819,375,244,950,0,116.8,Safe
INV-004440,2023-07-10,PRD-0445,WH-13,703,329,50,982,0,589.2,Safe
INV-004441,2023-03-22,PRD-0021,WH-19,1032,344,476,900,0,56.7,Safe
INV-004442,2024-07-21,PRD-0057,WH-17,257,286,188,355,0,56.6,Safe
INV-004443,2024-08-19,PRD-0267,WH-06,105,136,65,176,0,81.2,Safe
INV-004444,2023-12-16,PRD-0353,WH-13,1319,273,37,1555,0,999.0,Safe
INV-004445,2023-04-25,PRD-0414,WH-09,285,139,324,100,0,9.3,Warning
INV-004446,2023-09-28,PRD-0007,WH-03,0,225,145,80,0,16.6,Safe
INV-004447,2023-01-24,PRD-0360,WH-08,1667,499,240,1926,0,240.8,Safe
INV-004448,2024-07-21,PRD-0360,WH-04,1956,486,2,2440,0,999.0,Safe
INV-004449,2024-04-13,PRD-0361,WH-08,1746,347,236,1857,0,236.1,Safe
INV-004450,2024-05-29,PRD-0477,WH-16,315,361,160,516,0,96.8,Safe
INV-004451,2023-09-15,PRD-0445,WH-09,745,492,358,879,0,73.7,Safe
INV-004452,2023-03-25,PRD-0045,WH-13,1719,468,481,1706,0,106.4,Safe
INV-004453,2024-07-15,PRD-0088,WH-08,776,45,55,766,0,417.8,Safe
INV-004454,2024-04-10,PRD-0402,WH-08,881,255,373,763,0,61.4,Safe
INV-004455,2024-07-18,PRD-0213,WH-19,994,319,494,819,0,49.7,Safe
INV-004456,2024-07-16,PRD-0319,WH-01,1955,230,221,1964,0,266.6,Safe
INV-004457,2023-11-14,PRD-0404,WH-17,1090,257,352,995,0,84.8,Safe
INV-004458,2023-04-05,PRD-0302,WH-10,50,491,486,55,0,3.4,Critical
INV-004459,2023-02-26,PRD-0108,WH-20,1171,405,164,1412,0,258.3,Safe
INV-004460,2023-09-20,PRD-0136,WH-10,1113,349,303,1159,0,114.8,Safe
INV-004461,2023-10-29,PRD-0257,WH-08,377,25,304,98,0,9.7,Warning
INV-004462,2023-09-27,PRD-0339,WH-13,1633,216,438,1411,0,96.6,Safe
INV-004463,2024-02-24,PRD-0389,WH-14,1784,419,405,1798,0,133.2,Safe
INV-004464,2023-08-14,PRD-0250,WH-12,1641,116,379,1378,0,109.1,Safe
INV-004465,2024-05-21,PRD-0421,WH-20,536,43,238,341,0,43.0,Safe
INV-004466,2023-12-19,PRD-0318,WH-06,1549,421,252,1718,0,204.5,Safe
INV-004467,2023-09-02,PRD-0186,WH-01,1229,467,557,1139,0,61.3,Safe
INV-004468,2024-01-04,PRD-0043,WH-19,683,476,297,862,0,87.1,Safe
INV-004469,2024-07-15,PRD-0420,WH-11,1183,398,560,1021,0,54.7,Safe
INV-004470,2023-05-09,PRD-0045,WH-06,1002,113,504,611,0,36.4,Safe
INV-004471,2023-12-03,PRD-0018,WH-16,1136,163,560,739,0,39.6,Safe
INV-004472,2024-06-14,PRD-0267,WH-12,1742,209,271,1680,0,186.0,Safe
INV-004473,2023-05-23,PRD-0002,WH-17,237,496,218,515,0,70.9,Safe
INV-004474,2024-02-04,PRD-0464,WH-20,6,148,88,66,0,22.5,Safe
INV-004475,2024-05-14,PRD-0023,WH-13,614,244,178,680,0,114.6,Safe
INV-004476,2024-06-21,PRD-0306,WH-11,1082,52,559,575,0,30.9,Safe
INV-004477,2024-09-23,PRD-0314,WH-12,736,415,277,874,0,94.7,Safe
INV-004478,2023-12-29,PRD-0163,WH-10,928,396,183,1141,0,187.0,Safe
INV-004479,2023-08-22,PRD-0433,WH-14,1696,438,528,1606,0,91.2,Safe
INV-004480,2023-12-27,PRD-0362,WH-18,80,315,220,175,0,23.9,Safe
INV-004481,2024-04-30,PRD-0482,WH-08,1477,487,474,1490,0,94.3,Safe
INV-004482,2024-04-24,PRD-0137,WH-11,115,386,181,320,0,53.0,Safe
INV-004483,2024-07-12,PRD-0323,WH-15,1466,105,320,1251,0,117.3,Safe
INV-004484,2023-08-14,PRD-0067,WH-01,233,1,81,153,0,56.7,Safe
INV-004485,2023-01-12,PRD-0065,WH-10,1873,98,276,1695,0,184.2,Safe
INV-004486,2023-10-17,PRD-0461,WH-12,651,424,100,975,0,292.5,Safe
INV-004487,2024-08-16,PRD-0089,WH-02,1803,229,555,1477,0,79.8,Safe
INV-004488,2024-05-20,PRD-0330,WH-06,1044,115,278,881,0,95.1,Safe
INV-004489,2024-06-21,PRD-0105,WH-06,416,214,127,503,0,118.8,Safe
INV-004490,2023-06-06,PRD-0495,WH-18,1251,265,279,1237,0,133.0,Safe
INV-004491,2024-02-18,PRD-0269,WH-07,382,151,250,283,0,34.0,Safe
INV-004492,2023-11-22,PRD-0308,WH-07,847,277,272,852,0,94.0,Safe
INV-004493,2023-12-02,PRD-0219,WH-09,1442,345,388,1399,0,108.2,Safe
INV-004494,2024-05-17,PRD-0222,WH-02,1921,228,593,1556,0,78.7,Safe
INV-004495,2024-09-27,PRD-0475,WH-05,629,318,419,528,0,37.8,Safe
INV-004496,2024-06-29,PRD-0444,WH-12,935,41,137,839,0,183.7,Safe
INV-004497,2023-12-09,PRD-0240,WH-16,536,116,155,497,0,96.2,Safe
INV-004498,2024-01-06,PRD-0380,WH-12,1392,58,390,1060,0,81.5,Safe
INV-004499,2024-09-29,PRD-0023,WH-15,944,217,240,921,0,115.1,Safe
INV-004500,2023-05-27,PRD-0463,WH-15,242,103,93,252,0,81.3,Safe
INV-004501,2023-05-09,PRD-0405,WH-17,675,155,62,768,0,371.6,Safe
INV-004502,2023-08-31,PRD-0102,WH-20,772,43,36,779,0,649.2,Safe
INV-004503,2024-04-15,PRD-0203,WH-15,237,301,39,499,0,383.8,Safe
INV-004504,2023-06-17,PRD-0103,WH-11,1860,164,462,1562,0,101.4,Safe
INV-004505,2024-01-21,PRD-0368,WH-07,1844,304,599,1549,0,77.6,Safe
INV-004506,2023-06-06,PRD-0395,WH-07,1597,430,89,1938,0,653.3,Safe
INV-004507,2024-08-29,PRD-0400,WH-11,868,366,477,757,0,47.6,Safe
INV-004508,2023-07-12,PRD-0330,WH-13,1548,51,72,1527,0,636.2,Safe
INV-004509,2023-11-27,PRD-0288,WH-15,341,244,420,165,0,11.8,Warning
INV-004510,2023-09-01,PRD-0115,WH-11,540,300,582,258,0,13.3,Warning
INV-004511,2024-05-05,PRD-0283,WH-13,1498,474,332,1640,0,148.2,Safe
INV-004512,2023-10-24,PRD-0296,WH-06,1337,372,175,1534,0,263.0,Safe
INV-004513,2023-01-29,PRD-0152,WH-20,1416,214,592,1038,0,52.6,Safe
INV-004514,2024-01-07,PRD-0130,WH-19,383,277,68,592,0,261.2,Safe
INV-004515,2024-05-10,PRD-0200,WH-13,1997,197,511,1683,0,98.8,Safe
INV-004516,2023-01-01,PRD-0440,WH-09,777,243,13,1007,0,999.0,Safe
INV-004517,2024-09-04,PRD-0120,WH-01,873,232,342,763,0,66.9,Safe
INV-004518,2023-01-12,PRD-0344,WH-05,1350,78,450,978,0,65.2,Safe
INV-004519,2024-07-08,PRD-0379,WH-09,422,116,395,143,0,10.9,Warning
INV-004520,2023-08-09,PRD-0215,WH-14,501,380,255,626,0,73.6,Safe
INV-004521,2024-07-19,PRD-0019,WH-20,1066,336,175,1227,0,210.3,Safe
INV-004522,2023-09-06,PRD-0382,WH-10,1402,290,58,1634,0,845.2,Safe
INV-004523,2024-05-22,PRD-0169,WH-13,1059,497,37,1519,0,999.0,Safe
INV-004524,2023-12-09,PRD-0111,WH-12,1561,86,343,1304,0,114.1,Safe
INV-004525,2023-03-25,PRD-0169,WH-19,1284,52,466,870,0,56.0,Safe
INV-004526,2024-08-15,PRD-0105,WH-01,1526,7,408,1125,0,82.7,Safe
INV-004527,2023-08-08,PRD-0362,WH-03,132,302,14,420,0,900.0,Safe
INV-004528,2024-03-05,PRD-0124,WH-11,1768,226,317,1677,0,158.7,Safe
INV-004529,2023-12-12,PRD-0212,WH-08,1088,131,269,950,0,105.9,Safe
INV-004530,2023-05-28,PRD-0407,WH-04,1676,39,411,1304,0,95.2,Safe
INV-004531,2023-06-01,PRD-0136,WH-09,1464,463,286,1641,0,172.1,Safe
INV-004532,2024-05-22,PRD-0086,WH-12,1384,53,104,1333,0,384.5,Safe
INV-004533,2024-05-05,PRD-0320,WH-04,1700,322,91,1931,0,636.6,Safe
INV-004534,2024-07-30,PRD-0320,WH-05,470,150,13,607,0,999.0,Safe
INV-004535,2023-04-08,PRD-0466,WH-03,855,444,154,1145,0,223.1,Safe
INV-004536,2024-09-24,PRD-0087,WH-01,1340,491,546,1285,0,70.6,Safe
INV-004537,2023-05-23,PRD-0416,WH-11,1835,138,406,1567,0,115.8,Safe
INV-004538,2024-07-26,PRD-0332,WH-15,1990,71,531,1530,0,86.4,Safe
INV-004539,2024-02-14,PRD-0077,WH-02,1027,174,302,899,0,89.3,Safe
INV-004540,2023-12-04,PRD-0177,WH-17,1963,200,546,1617,0,88.8,Safe
INV-004541,2024-08-26,PRD-0363,WH-08,663,188,398,453,0,34.1,Safe
INV-004542,2023-07-21,PRD-0416,WH-02,0,460,421,39,0,2.8,Critical
INV-004543,2024-04-30,PRD-0373,WH-03,1405,39,145,1299,0,268.8,Safe
INV-004544,2023-02-13,PRD-0115,WH-13,1962,117,420,1659,0,118.5,Safe
INV-004545,2024-03-11,PRD-0233,WH-07,1237,181,258,1160,0,134.9,Safe
INV-004546,2023-07-09,PRD-0425,WH-11,43,349,346,46,0,4.0,Critical
INV-004547,2024-06-19,PRD-0198,WH-18,1072,26,1,1097,0,999.0,Safe
INV-004548,2023-08-18,PRD-0491,WH-17,201,95,233,63,0,8.1,Warning
INV-004549,2023-06-12,PRD-0359,WH-18,708,335,357,686,0,57.6,Safe
INV-004550,2023-03-16,PRD-0467,WH-16,1061,495,258,1298,0,150.9,Safe
INV-004551,2024-09-21,PRD-0321,WH-17,212,328,489,51,0,3.1,Critical
INV-004552,2023-02-28,PRD-0228,WH-07,1335,237,316,1256,0,119.2,Safe
INV-004553,2024-05-22,PRD-0328,WH-12,805,266,479,592,0,37.1,Safe
INV-004554,2024-01-22,PRD-0032,WH-07,91,282,327,46,0,4.2,Critical
INV-004555,2024-07-18,PRD-0312,WH-03,970,65,261,774,0,89.0,Safe
INV-004556,2024-05-15,PRD-0380,WH-17,1906,87,185,1808,0,293.2,Safe
INV-004557,2023-08-09,PRD-0254,WH-13,548,306,598,256,0,12.8,Warning
INV-004558,2023-06-27,PRD-0083,WH-01,311,101,258,154,0,17.9,Safe
INV-004559,2024-02-21,PRD-0424,WH-06,1897,221,457,1661,0,109.0,Safe
INV-004560,2024-01-31,PRD-0162,WH-03,1772,5,107,1670,0,468.2,Safe
INV-004561,2023-10-09,PRD-0103,WH-09,139,74,49,164,0,100.4,Safe
INV-004562,2024-03-01,PRD-0422,WH-08,1238,230,304,1164,0,114.9,Safe
INV-004563,2023-07-26,PRD-0054,WH-13,1409,357,571,1195,0,62.8,Safe
INV-004564,2024-06-02,PRD-0361,WH-04,1376,447,67,1756,0,786.3,Safe
INV-004565,2023-04-13,PRD-0402,WH-13,517,92,287,322,0,33.7,Safe
INV-004566,2023-01-27,PRD-0410,WH-12,1746,43,484,1305,0,80.9,Safe
INV-004567,2023-04-11,PRD-0091,WH-09,897,315,597,615,0,30.9,Safe
INV-004568,2023-10-15,PRD-0273,WH-13,1635,118,184,1569,0,255.8,Safe
INV-004569,2024-01-29,PRD-0398,WH-09,1911,495,296,2110,0,213.9,Safe
INV-004570,2023-09-23,PRD-0323,WH-12,382,322,251,453,0,54.1,Safe
INV-004571,2024-04-12,PRD-0376,WH-20,615,365,27,953,0,999.0,Safe
INV-004572,2024-06-24,PRD-0173,WH-08,1001,2,112,891,0,238.7,Safe
INV-004573,2023-08-23,PRD-0413,WH-12,132,452,325,259,0,23.9,Safe
INV-004574,2024-06-06,PRD-0496,WH-18,272,376,284,364,0,38.5,Safe
INV-004575,2024-03-06,PRD-0223,WH-14,536,314,72,778,0,324.2,Safe
INV-004576,2024-06-20,PRD-0256,WH-18,1249,295,464,1080,0,69.8,Safe
INV-004577,2023-02-05,PRD-0468,WH-03,1710,334,448,1596,0,106.9,Safe
INV-004578,2023-12-21,PRD-0266,WH-07,1650,203,27,1826,0,999.0,Safe
INV-004579,2024-06-16,PRD-0208,WH-03,912,180,336,756,0,67.5,Safe
INV-004580,2024-08-22,PRD-0399,WH-17,336,222,517,41,0,2.4,Critical
INV-004581,2023-03-05,PRD-0248,WH-20,362,162,392,132,0,10.1,Warning
INV-004582,2024-09-17,PRD-0119,WH-10,864,216,446,634,0,42.6,Safe
INV-004583,2024-05-06,PRD-0212,WH-04,1978,243,309,1912,0,185.6,Safe
INV-004584,2024-02-25,PRD-0285,WH-07,726,460,243,943,0,116.4,Safe
INV-004585,2023-03-15,PRD-0233,WH-15,1632,192,443,1381,0,93.5,Safe
INV-004586,2023-08-27,PRD-0091,WH-18,1374,499,152,1721,0,339.7,Safe
INV-004587,2023-07-26,PRD-0222,WH-05,1639,475,50,2064,0,999.0,Safe
INV-004588,2023-11-16,PRD-0275,WH-08,871,279,565,585,0,31.1,Safe
INV-004589,2024-01-13,PRD-0212,WH-15,244,147,306,85,0,8.3,Warning
INV-004590,2023-02-03,PRD-0148,WH-07,1388,344,516,1216,0,70.7,Safe
INV-004591,2023-04-26,PRD-0467,WH-10,229,313,416,126,0,9.1,Warning
INV-004592,2023-05-10,PRD-0042,WH-08,170,448,110,508,0,138.5,Safe
INV-004593,2023-02-10,PRD-0434,WH-13,1553,156,21,1688,0,999.0,Safe
INV-004594,2024-06-15,PRD-0400,WH-17,1344,471,434,1381,0,95.5,Safe
INV-004595,2023-09-27,PRD-0228,WH-06,1009,79,410,678,0,49.6,Safe
INV-004596,2024-02-26,PRD-0249,WH-03,1269,1,398,872,0,65.7,Safe
INV-004597,2024-06-28,PRD-0459,WH-17,1902,294,74,2122,0,860.3,Safe
INV-004598,2023-01-31,PRD-0050,WH-20,1768,239,370,1637,0,132.7,Safe
INV-004599,2024-08-23,PRD-0328,WH-09,896,346,280,962,0,103.1,Safe
INV-004600,2023-12-25,PRD-0263,WH-19,340,126,44,422,0,287.7,Safe
INV-004601,2023-05-09,PRD-0406,WH-20,164,48,87,125,0,43.1,Safe
INV-004602,2024-07-18,PRD-0002,WH-02,1221,491,322,1390,0,129.5,Safe
INV-004603,2023-01-04,PRD-0319,WH-05,1286,87,577,796,0,41.4,Safe
INV-004604,2023-06-30,PRD-0095,WH-19,1804,102,490,1416,0,86.7,Safe
INV-004605,2023-01-08,PRD-0159,WH-07,285,497,312,470,0,45.2,Safe
INV-004606,2023-01-30,PRD-0414,WH-11,1218,478,92,1604,0,523.0,Safe
INV-004607,2024-04-22,PRD-0422,WH-07,427,112,243,296,0,36.5,Safe
INV-004608,2023-02-25,PRD-0408,WH-09,1557,134,426,1265,0,89.1,Safe
INV-004609,2024-04-14,PRD-0448,WH-19,411,79,68,422,0,186.2,Safe
INV-004610,2023-11-26,PRD-0227,WH-08,1540,321,232,1629,0,210.6,Safe
INV-004611,2023-11-11,PRD-0016,WH-07,1780,356,45,2091,0,999.0,Safe
INV-004612,2024-05-11,PRD-0144,WH-16,409,49,261,197,0,22.6,Safe
INV-004613,2023-02-27,PRD-0063,WH-06,158,38,39,157,0,120.8,Safe
INV-004614,2024-01-29,PRD-0247,WH-12,996,266,25,1237,0,999.0,Safe
INV-004615,2023-01-03,PRD-0467,WH-09,964,275,227,1012,0,133.7,Safe
INV-004616,2024-03-25,PRD-0101,WH-01,1560,20,263,1317,0,150.2,Safe
INV-004617,2023-08-16,PRD-0463,WH-05,1128,266,368,1026,0,83.6,Safe
INV-004618,2024-05-27,PRD-0476,WH-17,547,348,324,571,0,52.9,Safe
INV-004619,2023-08-28,PRD-0020,WH-01,798,360,5,1153,0,999.0,Safe
INV-004620,2024-07-04,PRD-0300,WH-04,88,49,10,127,0,381.0,Safe
INV-004621,2024-02-23,PRD-0231,WH-18,1567,334,511,1390,0,81.6,Safe
INV-004622,2023-04-20,PRD-0383,WH-14,1979,258,129,2108,0,490.2,Safe
INV-004623,2023-05-26,PRD-0222,WH-13,348,476,304,520,0,51.3,Safe
INV-004624,2023-01-07,PRD-0481,WH-13,1021,135,366,790,0,64.8,Safe
INV-004625,2023-07-30,PRD-0136,WH-07,902,68,333,637,0,57.4,Safe
INV-004626,2023-12-22,PRD-0148,WH-15,164,420,307,277,0,27.1,Safe
INV-004627,2024-03-05,PRD-0180,WH-10,762,62,319,505,0,47.5,Safe
INV-004628,2023-03-22,PRD-0238,WH-05,633,134,132,635,0,144.3,Safe
INV-004629,2024-01-11,PRD-0391,WH-11,1864,334,431,1767,0,123.0,Safe
INV-004630,2024-09-25,PRD-0178,WH-02,885,362,554,693,0,37.5,Safe
INV-004631,2023-03-17,PRD-0046,WH-10,471,86,67,490,0,219.4,Safe
INV-004632,2023-09-21,PRD-0024,WH-08,1301,260,550,1011,0,55.1,Safe
INV-004633,2023-06-24,PRD-0350,WH-18,996,278,398,876,0,66.0,Safe
INV-004634,2024-02-17,PRD-0002,WH-05,1213,386,587,1012,0,51.7,Safe
INV-004635,2023-10-04,PRD-0493,WH-09,1699,319,25,1993,0,999.0,Safe
INV-004636,2024-02-09,PRD-0393,WH-19,978,144,403,719,0,53.5,Safe
INV-004637,2023-10-13,PRD-0133,WH-13,1174,165,168,1171,0,209.1,Safe
INV-004638,2023-04-16,PRD-0014,WH-10,1454,84,458,1080,0,70.7,Safe
INV-004639,2024-08-25,PRD-0055,WH-01,1501,494,326,1669,0,153.6,Safe
INV-004640,2023-02-18,PRD-0364,WH-20,1875,59,588,1346,0,68.7,Safe
INV-004641,2023-04-06,PRD-0398,WH-18,1395,382,216,1561,0,216.8,Safe
INV-004642,2023-01-10,PRD-0292,WH-20,963,46,524,485,0,27.8,Safe
INV-004643,2024-02-12,PRD-0229,WH-12,1207,488,452,1243,0,82.5,Safe
INV-004644,2024-01-16,PRD-0438,WH-20,685,426,223,888,0,119.5,Safe
INV-004645,2023-03-08,PRD-0024,WH-11,1030,430,529,931,0,52.8,Safe
INV-004646,2024-08-31,PRD-0408,WH-01,790,27,308,509,0,49.6,Safe
INV-004647,2024-06-16,PRD-0133,WH-18,610,425,475,560,0,35.4,Safe
INV-004648,2024-08-29,PRD-0147,WH-02,1919,323,413,1829,0,132.9,Safe
INV-004649,2023-11-09,PRD-0163,WH-19,914,133,124,923,0,223.3,Safe
INV-004650,2023-06-29,PRD-0049,WH-03,213,60,7,266,0,999.0,Safe
INV-004651,2023-10-19,PRD-0178,WH-18,935,443,193,1185,0,184.2,Safe
INV-004652,2023-03-16,PRD-0435,WH-16,212,385,573,24,0,1.3,Critical
INV-004653,2023-09-18,PRD-0046,WH-03,239,199,368,70,0,5.7,Critical
INV-004654,2024-06-08,PRD-0208,WH-09,1475,463,178,1760,0,296.6,Safe
INV-004655,2023-03-29,PRD-0314,WH-05,1006,143,107,1042,0,292.1,Safe
INV-004656,2023-10-15,PRD-0183,WH-10,1202,360,4,1558,0,999.0,Safe
INV-004657,2023-11-03,PRD-0222,WH-20,742,394,45,1091,0,727.3,Safe
INV-004658,2023-10-17,PRD-0063,WH-13,1711,372,565,1518,0,80.6,Safe
INV-004659,2023-03-20,PRD-0323,WH-07,797,5,516,286,0,16.6,Safe
INV-004660,2024-01-08,PRD-0270,WH-11,1933,217,254,1896,0,223.9,Safe
INV-004661,2023-09-26,PRD-0274,WH-19,1870,231,283,1818,0,192.7,Safe
INV-004662,2023-08-22,PRD-0165,WH-06,1907,420,472,1855,0,117.9,Safe
INV-004663,2024-01-21,PRD-0130,WH-03,611,221,58,774,0,400.3,Safe
INV-004664,2023-11-11,PRD-0343,WH-14,1425,456,256,1625,0,190.4,Safe
INV-004665,2023-03-27,PRD-0403,WH-08,1496,57,202,1351,0,200.6,Safe
INV-004666,2023-11-03,PRD-0151,WH-19,292,41,328,5,0,0.5,Critical
INV-004667,2023-05-10,PRD-0257,WH-11,840,107,309,638,0,61.9,Safe
INV-004668,2023-12-05,PRD-0319,WH-18,325,264,222,367,0,49.6,Safe
INV-004669,2024-05-03,PRD-0042,WH-05,1279,370,333,1316,0,118.6,Safe
INV-004670,2024-07-13,PRD-0460,WH-10,1785,35,15,1805,0,999.0,Safe
INV-004671,2023-01-13,PRD-0221,WH-08,1742,282,392,1632,0,124.9,Safe
INV-004672,2024-01-26,PRD-0247,WH-20,340,367,495,212,0,12.8,Warning
INV-004673,2023-01-27,PRD-0389,WH-08,753,369,572,550,0,28.8,Safe
INV-004674,2023-02-25,PRD-0114,WH-16,1634,187,391,1430,0,109.7,Safe
INV-004675,2024-03-10,PRD-0156,WH-17,1584,387,280,1691,0,181.2,Safe
INV-004676,2023-02-08,PRD-0287,WH-11,1469,91,576,984,0,51.2,Safe
INV-004677,2023-08-14,PRD-0314,WH-03,705,285,579,411,0,21.3,Safe
INV-004678,2023-10-14,PRD-0392,WH-16,1685,299,446,1538,0,103.5,Safe
INV-004679,2023-03-14,PRD-0356,WH-17,186,312,368,130,0,10.6,Warning
INV-004680,2024-04-15,PRD-0142,WH-07,16,379,39,356,0,273.8,Safe
INV-004681,2024-05-09,PRD-0317,WH-09,1153,32,352,833,0,71.0,Safe
INV-004682,2024-03-24,PRD-0244,WH-10,1488,397,464,1421,0,91.9,Safe
INV-004683,2023-09-18,PRD-0490,WH-11,1850,3,523,1330,0,76.3,Safe
INV-004684,2023-03-08,PRD-0341,WH-10,321,6,295,32,0,3.3,Critical
INV-004685,2023-11-01,PRD-0398,WH-11,110,272,193,189,0,29.4,Safe
INV-004686,2023-01-03,PRD-0029,WH-03,801,85,301,585,0,58.3,Safe
INV-004687,2023-09-06,PRD-0201,WH-11,964,214,313,865,0,82.9,Safe
INV-004688,2024-03-03,PRD-0286,WH-11,1100,127,350,877,0,75.2,Safe
INV-004689,2024-02-12,PRD-0171,WH-16,1789,232,98,1923,0,588.7,Safe
INV-004690,2024-01-19,PRD-0319,WH-11,47,374,174,247,0,42.6,Safe
INV-004691,2023-11-05,PRD-0394,WH-16,1370,200,534,1036,0,58.2,Safe
INV-004692,2023-01-14,PRD-0315,WH-17,1182,404,12,1574,0,999.0,Safe
INV-004693,2023-03-24,PRD-0465,WH-12,914,500,280,1134,0,121.5,Safe
INV-004694,2023-07-25,PRD-0094,WH-09,1302,374,474,1202,0,76.1,Safe
INV-004695,2024-05-30,PRD-0140,WH-04,1188,488,391,1285,0,98.6,Safe
INV-004696,2024-01-26,PRD-0166,WH-05,294,202,59,437,0,222.2,Safe
INV-004697,2023-04-06,PRD-0117,WH-06,780,287,511,556,0,32.6,Safe
INV-004698,2024-07-01,PRD-0219,WH-07,1471,500,433,1538,0,106.6,Safe
INV-004699,2023-09-09,PRD-0087,WH-02,1864,155,501,1518,0,90.9,Safe
INV-004700,2024-01-19,PRD-0298,WH-12,689,183,366,506,0,41.5,Safe
INV-004701,2023-12-07,PRD-0387,WH-07,715,288,291,712,0,73.4,Safe
INV-004702,2023-01-27,PRD-0337,WH-20,1438,1,360,1079,0,89.9,Safe
INV-004703,2023-08-07,PRD-0280,WH-15,1755,386,196,1945,0,297.7,Safe
INV-004704,2023-10-29,PRD-0045,WH-17,406,342,350,398,0,34.1,Safe
INV-004705,2023-03-08,PRD-0376,WH-16,1941,26,526,1441,0,82.2,Safe
INV-004706,2023-04-30,PRD-0108,WH-14,491,299,107,683,0,191.5,Safe
INV-004707,2024-02-19,PRD-0127,WH-07,1334,258,467,1125,0,72.3,Safe
INV-004708,2023-05-10,PRD-0189,WH-03,665,467,508,624,0,36.9,Safe
INV-004709,2024-09-27,PRD-0302,WH-07,1007,486,328,1165,0,106.6,Safe
INV-004710,2023-12-07,PRD-0260,WH-04,264,168,422,10,0,0.7,Critical
INV-004711,2024-07-30,PRD-0145,WH-07,1929,441,44,2326,0,999.0,Safe
INV-004712,2023-10-31,PRD-0239,WH-05,1176,304,217,1263,0,174.6,Safe
INV-004713,2023-07-24,PRD-0316,WH-17,1686,392,310,1768,0,171.1,Safe
INV-004714,2024-05-02,PRD-0386,WH-10,807,259,448,618,0,41.4,Safe
INV-004715,2024-06-07,PRD-0096,WH-04,63,423,346,140,0,12.1,Warning
INV-004716,2024-02-12,PRD-0309,WH-03,197,446,596,47,0,2.4,Critical
INV-004717,2024-03-09,PRD-0059,WH-18,590,419,62,947,0,458.2,Safe
INV-004718,2024-05-04,PRD-0185,WH-14,1308,474,307,1475,0,144.1,Safe
INV-004719,2023-04-23,PRD-0463,WH-03,492,24,311,205,0,19.8,Safe
INV-004720,2023-10-13,PRD-0360,WH-07,791,271,86,976,0,340.5,Safe
INV-004721,2023-06-24,PRD-0271,WH-11,1009,159,406,762,0,56.3,Safe
INV-004722,2023-12-09,PRD-0295,WH-04,1821,302,114,2009,0,528.7,Safe
INV-004723,2024-09-19,PRD-0128,WH-11,221,93,287,27,0,2.8,Critical
INV-004724,2024-03-06,PRD-0223,WH-07,1975,173,255,1893,0,222.7,Safe
INV-004725,2024-03-20,PRD-0127,WH-04,1988,474,380,2082,0,164.4,Safe
INV-004726,2024-02-28,PRD-0280,WH-09,12,224,127,109,0,25.7,Safe
INV-004727,2024-07-17,PRD-0141,WH-18,1065,152,325,892,0,82.3,Safe
INV-004728,2023-06-20,PRD-0251,WH-14,1632,251,525,1358,0,77.6,Safe
INV-004729,2023-06-07,PRD-0262,WH-10,1479,454,347,1586,0,137.1,Safe
INV-004730,2024-09-23,PRD-0173,WH-04,1521,140,459,1202,0,78.6,Safe
INV-004731,2024-08-28,PRD-0022,WH-09,139,219,265,93,0,10.5,Warning
INV-004732,2024-03-20,PRD-0345,WH-02,341,204,469,76,0,4.9,Critical
INV-004733,2023-02-15,PRD-0485,WH-08,805,94,540,359,0,19.9,Safe
INV-004734,2023-08-29,PRD-0097,WH-16,1604,85,522,1167,0,67.1,Safe
INV-004735,2024-08-27,PRD-0308,WH-11,445,237,435,247,0,17.0,Safe
INV-004736,2023-03-24,PRD-0393,WH-20,744,9,102,651,0,191.5,Safe
INV-004737,2023-05-01,PRD-0279,WH-08,566,59,285,340,0,35.8,Safe
INV-004738,2024-08-26,PRD-0402,WH-11,1543,437,417,1563,0,112.4,Safe
INV-004739,2023-12-14,PRD-0439,WH-04,275,169,74,370,0,150.0,Safe
INV-004740,2023-12-05,PRD-0431,WH-02,1701,463,9,2155,0,999.0,Safe
INV-004741,2024-03-03,PRD-0224,WH-02,298,32,66,264,0,120.0,Safe
INV-004742,2023-07-12,PRD-0234,WH-18,401,482,396,487,0,36.9,Safe
INV-004743,2024-02-11,PRD-0127,WH-14,1120,272,362,1030,0,85.4,Safe
INV-004744,2023-11-11,PRD-0015,WH-14,189,387,39,537,0,413.1,Safe
INV-004745,2023-05-22,PRD-0107,WH-16,121,226,235,112,0,14.3,Safe
INV-004746,2023-01-23,PRD-0490,WH-07,1923,500,29,2394,0,999.0,Safe
INV-004747,2024-07-02,PRD-0022,WH-02,1285,450,363,1372,0,113.4,Safe
INV-004748,2024-08-08,PRD-0497,WH-08,262,167,254,175,0,20.7,Safe
INV-004749,2023-06-23,PRD-0218,WH-01,453,346,69,730,0,317.4,Safe
INV-004750,2024-05-28,PRD-0321,WH-11,706,363,61,1008,0,495.7,Safe
INV-004751,2023-12-30,PRD-0486,WH-03,1846,208,176,1878,0,320.1,Safe
INV-004752,2023-10-23,PRD-0108,WH-11,884,437,356,965,0,81.3,Safe
INV-004753,2023-09-09,PRD-0313,WH-05,1076,376,395,1057,0,80.3,Safe
INV-004754,2023-02-02,PRD-0276,WH-09,1701,286,41,1946,0,999.0,Safe
INV-004755,2024-06-20,PRD-0266,WH-04,832,168,305,695,0,68.4,Safe
INV-004756,2024-01-06,PRD-0103,WH-19,1946,138,106,1978,0,559.8,Safe
INV-004757,2024-09-12,PRD-0177,WH-09,1448,48,92,1404,0,457.8,Safe
INV-004758,2023-02-02,PRD-0378,WH-08,1766,406,229,1943,0,254.5,Safe
INV-004759,2024-09-24,PRD-0436,WH-09,852,76,232,696,0,90.0,Safe
INV-004760,2024-04-24,PRD-0455,WH-01,942,380,584,738,0,37.9,Safe
INV-004761,2023-01-28,PRD-0161,WH-15,1762,116,59,1819,0,924.9,Safe
INV-004762,2023-03-11,PRD-0416,WH-11,656,10,234,432,0,55.4,Safe
INV-004763,2023-12-20,PRD-0212,WH-16,901,492,99,1294,0,392.1,Safe
INV-004764,2023-04-12,PRD-0164,WH-04,1798,219,149,1868,0,376.1,Safe
INV-004765,2023-04-14,PRD-0037,WH-05,354,22,93,283,0,91.3,Safe
INV-004766,2024-04-30,PRD-0237,WH-08,1895,191,321,1765,0,165.0,Safe
INV-004767,2024-09-06,PRD-0329,WH-19,1295,317,525,1087,0,62.1,Safe
INV-004768,2023-06-05,PRD-0445,WH-07,452,317,377,392,0,31.2,Safe
INV-004769,2024-09-04,PRD-0128,WH-06,1973,447,398,2022,0,152.4,Safe
INV-004770,2023-11-14,PRD-0056,WH-02,364,41,272,133,0,14.7,Safe
INV-004771,2024-01-01,PRD-0447,WH-15,909,357,564,702,0,37.3,Safe
INV-004772,2024-02-19,PRD-0439,WH-11,1587,164,183,1568,0,257.0,Safe
INV-004773,2024-06-22,PRD-0175,WH-12,1131,394,352,1173,0,100.0,Safe
INV-004774,2024-04-05,PRD-0079,WH-16,1156,381,297,1240,0,125.3,Safe
INV-004775,2024-02-18,PRD-0312,WH-10,766,4,188,582,0,92.9,Safe
INV-004776,2024-03-31,PRD-0046,WH-10,435,256,262,429,0,49.1,Safe
INV-004777,2023-04-05,PRD-0424,WH-09,684,467,375,776,0,62.1,Safe
INV-004778,2024-03-23,PRD-0355,WH-17,290,305,16,579,0,999.0,Safe
INV-004779,2023-09-01,PRD-0312,WH-02,941,368,270,1039,0,115.4,Safe
INV-004780,2023-10-05,PRD-0428,WH-15,1349,411,91,1669,0,550.2,Safe
INV-004781,2023-05-04,PRD-0064,WH-04,277,299,250,326,0,39.1,Safe
INV-004782,2024-03-05,PRD-0136,WH-19,616,10,416,210,0,15.1,Safe
INV-004783,2024-06-24,PRD-0439,WH-03,233,268,490,11,0,0.7,Critical
INV-004784,2023-03-24,PRD-0201,WH-06,572,401,572,401,0,21.0,Safe
INV-004785,2023-01-05,PRD-0238,WH-06,1103,381,503,981,0,58.5,Safe
INV-004786,2023-04-09,PRD-0307,WH-13,115,99,184,30,0,4.9,Critical
INV-004787,2023-05-11,PRD-0152,WH-16,1968,263,283,1948,0,206.5,Safe
INV-004788,2024-08-15,PRD-0345,WH-16,137,305,116,326,0,84.3,Safe
INV-004789,2024-05-15,PRD-0402,WH-15,2,456,314,144,0,13.8,Warning
INV-004790,2023-03-15,PRD-0462,WH-02,1266,76,552,790,0,42.9,Safe
INV-004791,2023-10-15,PRD-0193,WH-18,956,162,481,637,0,39.7,Safe
INV-004792,2024-03-06,PRD-0173,WH-13,1391,141,314,1218,0,116.4,Safe
INV-004793,2024-07-17,PRD-0385,WH-15,716,276,597,395,0,19.8,Safe
INV-004794,2024-05-08,PRD-0114,WH-08,531,187,84,634,0,226.4,Safe
INV-004795,2023-07-29,PRD-0407,WH-17,167,289,256,200,0,23.4,Safe
INV-004796,2024-08-22,PRD-0317,WH-15,1060,481,411,1130,0,82.5,Safe
INV-004797,2023-11-27,PRD-0202,WH-14,1158,14,423,749,0,53.1,Safe
INV-004798,2024-01-14,PRD-0370,WH-20,1970,420,296,2094,0,212.2,Safe
INV-004799,2023-04-16,PRD-0442,WH-08,700,332,325,707,0,65.3,Safe
INV-004800,2024-04-07,PRD-0455,WH-16,545,8,337,216,0,19.2,Safe
INV-004801,2024-05-24,PRD-0163,WH-12,1407,164,93,1478,0,476.8,Safe
INV-004802,2024-05-21,PRD-0331,WH-08,255,114,257,112,0,13.1,Warning
INV-004803,2024-08-23,PRD-0321,WH-17,874,414,218,1070,0,147.2,Safe
INV-004804,2023-11-04,PRD-0480,WH-16,835,427,402,860,0,64.2,Safe
INV-004805,2023-06-05,PRD-0193,WH-11,717,369,473,613,0,38.9,Safe
INV-004806,2023-06-15,PRD-0266,WH-01,152,346,402,96,0,7.2,Warning
INV-004807,2023-03-08,PRD-0209,WH-02,369,80,213,236,0,33.2,Safe
INV-004808,2023-08-12,PRD-0465,WH-10,1734,168,41,1861,0,999.0,Safe
INV-004809,2023-09-27,PRD-0039,WH-15,232,310,312,230,0,22.1,Safe
INV-004810,2023-04-25,PRD-0435,WH-04,1110,338,329,1119,0,102.0,Safe
INV-004811,2024-04-29,PRD-0208,WH-06,964,101,585,480,0,24.6,Safe
INV-004812,2024-08-07,PRD-0204,WH-13,766,140,165,741,0,134.7,Safe
INV-004813,2024-05-10,PRD-0060,WH-11,336,340,67,609,0,272.7,Safe
INV-004814,2024-07-22,PRD-0032,WH-14,559,217,120,656,0,164.0,Safe
INV-004815,2023-03-19,PRD-0046,WH-06,1300,23,383,940,0,73.6,Safe
INV-004816,2023-01-12,PRD-0450,WH-11,561,1,111,451,0,121.9,Safe
INV-004817,2023-08-13,PRD-0122,WH-20,329,192,4,517,0,999.0,Safe
INV-004818,2024-04-05,PRD-0088,WH-15,1720,29,521,1228,0,70.7,Safe
INV-004819,2024-08-29,PRD-0325,WH-13,1642,228,527,1343,0,76.5,Safe
INV-004820,2024-02-26,PRD-0373,WH-02,82,469,223,328,0,44.1,Safe
INV-004821,2023-07-25,PRD-0112,WH-06,1977,200,334,1843,0,165.5,Safe
INV-004822,2024-01-05,PRD-0140,WH-19,488,123,400,211,0,15.8,Safe
INV-004823,2024-07-25,PRD-0494,WH-12,1709,202,216,1695,0,235.4,Safe
INV-004824,2023-07-16,PRD-0036,WH-03,431,21,9,443,0,999.0,Safe
INV-004825,2024-09-20,PRD-0471,WH-19,114,118,138,94,0,20.4,Safe
INV-004826,2023-04-04,PRD-0340,WH-19,856,244,267,833,0,93.6,Safe
INV-004827,2023-11-11,PRD-0143,WH-01,1169,311,482,998,0,62.1,Safe
INV-004828,2024-05-03,PRD-0291,WH-13,94,251,244,101,0,12.4,Warning
INV-004829,2024-08-13,PRD-0031,WH-11,1016,310,553,773,0,41.9,Safe
INV-004830,2023-09-27,PRD-0171,WH-08,543,48,321,270,0,25.2,Safe
INV-004831,2023-01-30,PRD-0101,WH-07,1343,168,89,1422,0,479.3,Safe
INV-004832,2024-06-23,PRD-0374,WH-03,604,464,175,893,0,153.1,Safe
INV-004833,2024-07-04,PRD-0444,WH-08,244,387,258,373,0,43.4,Safe
INV-004834,2023-07-28,PRD-0476,WH-14,1930,159,433,1656,0,114.7,Safe
INV-004835,2023-11-10,PRD-0104,WH-17,438,404,25,817,0,980.4,Safe
INV-004836,2024-02-20,PRD-0176,WH-15,1561,432,130,1863,0,429.9,Safe
INV-004837,2024-05-23,PRD-0167,WH-02,557,243,506,294,0,17.4,Safe
INV-004838,2023-07-23,PRD-0301,WH-10,1826,239,556,1509,0,81.4,Safe
INV-004839,2023-10-17,PRD-0395,WH-20,1617,412,317,1712,0,162.0,Safe
INV-004840,2023-08-09,PRD-0367,WH-17,463,86,81,468,0,173.3,Safe
INV-004841,2023-10-21,PRD-0313,WH-13,1104,353,453,1004,0,66.5,Safe
INV-004842,2023-01-02,PRD-0413,WH-01,176,172,132,216,0,49.1,Safe
INV-004843,2023-10-30,PRD-0467,WH-15,1811,225,587,1449,0,74.1,Safe
INV-004844,2023-07-14,PRD-0385,WH-15,588,255,4,839,0,999.0,Safe
INV-004845,2024-03-27,PRD-0155,WH-13,660,181,259,582,0,67.4,Safe
INV-004846,2024-01-28,PRD-0043,WH-07,442,28,149,321,0,64.6,Safe
INV-004847,2023-09-03,PRD-0236,WH-19,1865,1,2,1864,0,999.0,Safe
INV-004848,2023-08-15,PRD-0132,WH-17,1593,296,409,1480,0,108.6,Safe
INV-004849,2023-05-01,PRD-0303,WH-11,339,451,352,438,0,37.3,Safe
INV-004850,2024-02-05,PRD-0332,WH-19,136,227,169,194,0,34.4,Safe
INV-004851,2024-02-06,PRD-0192,WH-15,630,136,71,695,0,293.7,Safe
INV-004852,2023-09-25,PRD-0382,WH-01,1012,408,229,1191,0,156.0,Safe
INV-004853,2023-04-17,PRD-0146,WH-04,1808,290,301,1797,0,179.1,Safe
INV-004854,2023-02-15,PRD-0303,WH-15,503,363,449,417,0,27.9,Safe
INV-004855,2024-08-06,PRD-0145,WH-16,687,456,87,1056,0,364.1,Safe
INV-004856,2024-04-26,PRD-0092,WH-01,66,91,50,107,0,64.2,Safe
INV-004857,2023-12-04,PRD-0235,WH-10,1563,234,258,1539,0,179.0,Safe
INV-004858,2023-11-12,PRD-0155,WH-06,1245,263,248,1260,0,152.4,Safe
INV-004859,2024-02-07,PRD-0307,WH-19,497,85,108,474,0,131.7,Safe
INV-004860,2024-06-23,PRD-0124,WH-14,523,154,420,257,0,18.4,Safe
INV-004861,2023-07-07,PRD-0488,WH-04,301,43,124,220,0,53.2,Safe
INV-004862,2024-05-23,PRD-0068,WH-15,1473,11,299,1185,0,118.9,Safe
INV-004863,2023-02-20,PRD-0120,WH-02,1842,257,55,2044,0,999.0,Safe
INV-004864,2023-07-29,PRD-0328,WH-01,1995,56,188,1863,0,297.3,Safe
INV-004865,2023-06-17,PRD-0353,WH-20,1810,204,118,1896,0,482.0,Safe
INV-004866,2023-11-30,PRD-0101,WH-19,1544,282,276,1550,0,168.5,Safe
INV-004867,2024-09-24,PRD-0184,WH-18,1893,231,475,1649,0,104.1,Safe
INV-004868,2023-09-03,PRD-0343,WH-01,183,199,101,281,0,83.5,Safe
INV-004869,2023-08-18,PRD-0077,WH-12,633,280,476,437,0,27.5,Safe
INV-004870,2024-05-14,PRD-0090,WH-15,741,58,254,545,0,64.4,Safe
INV-004871,2024-08-04,PRD-0294,WH-03,168,386,251,303,0,36.2,Safe
INV-004872,2024-02-21,PRD-0008,WH-17,1109,26,360,775,0,64.6,Safe
INV-004873,2023-07-10,PRD-0360,WH-06,1430,95,600,925,0,46.2,Safe
INV-004874,2024-01-27,PRD-0456,WH-07,1948,203,96,2055,0,642.2,Safe
INV-004875,2023-11-11,PRD-0365,WH-13,295,256,193,358,0,55.6,Safe
INV-004876,2024-06-21,PRD-0036,WH-12,304,9,163,150,0,27.6,Safe
INV-004877,2024-05-21,PRD-0169,WH-03,466,104,565,5,0,0.3,Critical
INV-004878,2024-02-12,PRD-0151,WH-15,117,266,357,26,0,2.2,Critical
INV-004879,2024-07-28,PRD-0072,WH-04,576,34,49,561,0,343.5,Safe
INV-004880,2023-03-01,PRD-0238,WH-15,1980,174,505,1649,0,98.0,Safe
INV-004881,2024-07-21,PRD-0132,WH-20,1823,228,433,1618,0,112.1,Safe
INV-004882,2024-03-22,PRD-0289,WH-20,278,361,550,89,0,4.9,Critical
INV-004883,2023-06-21,PRD-0061,WH-15,1010,218,34,1194,0,999.0,Safe
INV-004884,2023-05-12,PRD-0056,WH-18,164,488,569,83,0,4.4,Critical
INV-004885,2024-04-22,PRD-0010,WH-11,764,234,504,494,0,29.4,Safe
INV-004886,2023-06-06,PRD-0296,WH-06,1455,460,113,1802,0,478.4,Safe
INV-004887,2023-09-10,PRD-0105,WH-09,1336,388,404,1320,0,98.0,Safe
INV-004888,2023-11-08,PRD-0456,WH-08,606,134,69,671,0,291.7,Safe
INV-004889,2023-12-21,PRD-0352,WH-17,372,475,165,682,0,124.0,Safe
INV-004890,2023-06-20,PRD-0106,WH-14,1741,403,12,2132,0,999.0,Safe
INV-004891,2023-12-12,PRD-0360,WH-19,1287,31,90,1228,0,409.3,Safe
INV-004892,2024-06-15,PRD-0253,WH-17,1496,347,223,1620,0,217.9,Safe
INV-004893,2024-05-03,PRD-0212,WH-10,1228,275,23,1480,0,999.0,Safe
INV-004894,2023-05-18,PRD-0349,WH-04,672,6,584,94,0,4.8,Critical
INV-004895,2024-07-23,PRD-0339,WH-01,799,447,359,887,0,74.1,Safe
INV-004896,2024-08-19,PRD-0074,WH-08,808,314,459,663,0,43.3,Safe
INV-004897,2023-03-28,PRD-0471,WH-17,1380,470,290,1560,0,161.4,Safe
INV-004898,2024-03-27,PRD-0476,WH-17,1307,261,0,1568,0,999.0,Safe
INV-004899,2024-08-20,PRD-0047,WH-20,648,417,425,640,0,45.2,Safe
INV-004900,2024-03-27,PRD-0060,WH-13,1119,434,329,1224,0,111.6,Safe
INV-004901,2023-08-18,PRD-0147,WH-20,996,134,495,635,0,38.5,Safe
INV-004902,2024-09-06,PRD-0396,WH-08,736,105,418,423,0,30.4,Safe
INV-004903,2024-04-18,PRD-0042,WH-17,928,292,112,1108,0,296.8,Safe
INV-004904,2023-03-06,PRD-0294,WH-05,1208,27,212,1023,0,144.8,Safe
INV-004905,2023-02-28,PRD-0332,WH-11,1494,101,103,1492,0,434.6,Safe
INV-004906,2023-06-01,PRD-0007,WH-08,402,147,284,265,0,28.0,Safe
INV-004907,2024-02-25,PRD-0289,WH-08,1479,297,247,1529,0,185.7,Safe
INV-004908,2024-07-24,PRD-0403,WH-04,1709,204,449,1464,0,97.8,Safe
INV-004909,2023-03-05,PRD-0293,WH-01,1028,121,416,733,0,52.9,Safe
INV-004910,2024-09-16,PRD-0345,WH-01,1780,212,250,1742,0,209.0,Safe
INV-004911,2023-03-12,PRD-0182,WH-02,1536,373,484,1425,0,88.3,Safe
INV-004912,2023-01-16,PRD-0419,WH-18,1944,385,43,2286,0,999.0,Safe
INV-004913,2023-08-17,PRD-0042,WH-20,81,387,422,46,0,3.3,Critical
INV-004914,2023-03-06,PRD-0108,WH-05,392,146,228,310,0,40.8,Safe
INV-004915,2023-01-02,PRD-0017,WH-14,301,68,199,170,0,25.6,Safe
INV-004916,2023-07-27,PRD-0306,WH-01,1780,174,580,1374,0,71.1,Safe
INV-004917,2024-05-17,PRD-0477,WH-16,1738,365,205,1898,0,277.8,Safe
INV-004918,2023-10-17,PRD-0380,WH-19,576,164,415,325,0,23.5,Safe
INV-004919,2024-05-03,PRD-0156,WH-17,1314,428,544,1198,0,66.1,Safe
INV-004920,2024-05-03,PRD-0303,WH-09,941,439,174,1206,0,207.9,Safe
INV-004921,2024-07-08,PRD-0148,WH-15,1002,398,540,860,0,47.8,Safe
INV-004922,2023-06-25,PRD-0341,WH-12,1045,100,27,1118,0,999.0,Safe
INV-004923,2024-05-15,PRD-0498,WH-09,1056,109,569,596,0,31.4,Safe
INV-004924,2024-04-25,PRD-0447,WH-13,1990,105,41,2054,0,999.0,Safe
INV-004925,2024-09-17,PRD-0422,WH-20,87,471,486,72,0,4.4,Critical
INV-004926,2024-02-03,PRD-0115,WH-18,487,446,519,414,0,23.9,Safe
INV-004927,2023-03-21,PRD-0455,WH-15,214,280,56,438,0,234.6,Safe
INV-004928,2024-06-04,PRD-0146,WH-06,1632,470,372,1730,0,139.5,Safe
INV-004929,2023-10-15,PRD-0350,WH-02,37,419,100,356,0,106.8,Safe
INV-004930,2024-09-02,PRD-0299,WH-19,84,271,201,154,0,23.0,Safe
INV-004931,2023-05-25,PRD-0401,WH-03,1398,459,317,1540,0,145.7,Safe
INV-004932,2023-01-26,PRD-0234,WH-04,111,187,84,214,0,76.4,Safe
INV-004933,2023-01-11,PRD-0270,WH-09,483,229,485,227,0,14.0,Warning
INV-004934,2023-05-24,PRD-0259,WH-20,1120,405,122,1403,0,345.0,Safe
INV-004935,2024-05-23,PRD-0004,WH-02,492,205,171,526,0,92.3,Safe
INV-004936,2024-04-22,PRD-0381,WH-17,104,162,25,241,0,289.2,Safe
INV-004937,2023-02-22,PRD-0479,WH-06,824,336,370,790,0,64.1,Safe
INV-004938,2024-01-26,PRD-0151,WH-06,718,339,147,910,0,185.7,Safe
INV-004939,2023-07-04,PRD-0349,WH-11,421,353,100,674,0,202.2,Safe
INV-004940,2024-07-17,PRD-0410,WH-09,336,449,290,495,0,51.2,Safe
INV-004941,2024-06-02,PRD-0433,WH-03,1151,164,384,931,0,72.7,Safe
INV-004942,2024-08-01,PRD-0250,WH-10,1953,272,294,1931,0,197.0,Safe
INV-004943,2023-03-19,PRD-0164,WH-16,719,295,460,554,0,36.1,Safe
INV-004944,2023-05-09,PRD-0381,WH-05,981,218,397,802,0,60.6,Safe
INV-004945,2024-09-11,PRD-0007,WH-17,1752,408,18,2142,0,999.0,Safe
INV-004946,2023-12-20,PRD-0460,WH-04,1236,347,599,984,0,49.3,Safe
INV-004947,2024-08-24,PRD-0044,WH-07,37,27,30,34,0,34.0,Safe
INV-004948,2023-08-12,PRD-0081,WH-09,1807,123,565,1365,0,72.5,Safe
INV-004949,2023-01-12,PRD-0078,WH-02,211,207,272,146,0,16.1,Safe
INV-004950,2024-05-15,PRD-0419,WH-14,1984,399,239,2144,0,269.1,Safe
INV-004951,2023-08-25,PRD-0297,WH-19,479,375,432,422,0,29.3,Safe
INV-004952,2024-09-26,PRD-0458,WH-01,1413,149,306,1256,0,123.1,Safe
INV-004953,2023-12-13,PRD-0032,WH-07,8,77,70,15,0,6.4,Critical
INV-004954,2024-05-07,PRD-0338,WH-03,436,260,524,172,0,9.8,Warning
INV-004955,2024-04-12,PRD-0381,WH-01,1452,204,474,1182,0,74.8,Safe
INV-004956,2023-06-27,PRD-0147,WH-11,1024,278,207,1095,0,158.7,Safe
INV-004957,2023-09-19,PRD-0048,WH-20,1097,412,203,1306,0,193.0,Safe
INV-004958,2024-09-07,PRD-0258,WH-04,618,37,68,587,0,259.0,Safe
INV-004959,2024-01-05,PRD-0149,WH-03,1614,34,109,1539,0,423.6,Safe
INV-004960,2024-09-06,PRD-0013,WH-04,921,203,166,958,0,173.1,Safe
INV-004961,2024-09-13,PRD-0465,WH-11,1428,396,459,1365,0,89.2,Safe
INV-004962,2023-02-04,PRD-0379,WH-02,934,472,135,1271,0,282.4,Safe
INV-004963,2023-08-01,PRD-0201,WH-06,1838,149,379,1608,0,127.3,Safe
INV-004964,2023-10-11,PRD-0295,WH-11,1959,171,62,2068,0,999.0,Safe
INV-004965,2024-08-11,PRD-0026,WH-12,125,293,128,290,0,68.0,Safe
INV-004966,2023-01-21,PRD-0031,WH-03,843,104,236,711,0,90.4,Safe
INV-004967,2023-12-01,PRD-0463,WH-13,483,1,7,477,0,999.0,Safe
INV-004968,2024-07-05,PRD-0183,WH-14,401,121,296,226,0,22.9,Safe
INV-004969,2023-05-27,PRD-0228,WH-01,66,438,88,416,0,141.8,Safe
INV-004970,2023-10-08,PRD-0082,WH-20,1692,64,580,1176,0,60.8,Safe
INV-004971,2024-03-05,PRD-0260,WH-17,921,355,581,695,0,35.9,Safe
INV-004972,2023-06-18,PRD-0019,WH-12,1653,114,326,1441,0,132.6,Safe
INV-004973,2023-02-27,PRD-0481,WH-09,360,283,505,138,0,8.2,Warning
INV-004974,2024-03-15,PRD-0262,WH-18,1456,199,91,1564,0,515.6,Safe
INV-004975,2023-08-06,PRD-0219,WH-02,1898,128,7,2019,0,999.0,Safe
INV-004976,2023-11-15,PRD-0210,WH-06,908,216,524,600,0,34.4,Safe
INV-004977,2023-10-13,PRD-0223,WH-11,337,298,4,631,0,999.0,Safe
INV-004978,2023-05-06,PRD-0198,WH-14,211,461,338,334,0,29.6,Safe
INV-004979,2024-06-07,PRD-0484,WH-12,813,74,552,335,0,18.2,Safe
INV-004980,2023-03-03,PRD-0500,WH-13,1213,231,418,1026,0,73.6,Safe
INV-004981,2023-02-22,PRD-0109,WH-05,1876,135,205,1806,0,264.3,Safe
INV-004982,2023-01-25,PRD-0178,WH-10,11,426,5,432,0,999.0,Safe
INV-004983,2023-10-12,PRD-0019,WH-06,1142,263,88,1317,0,449.0,Safe
INV-004984,2024-01-11,PRD-0163,WH-06,1606,401,148,1859,0,376.8,Safe
INV-004985,2024-08-21,PRD-0096,WH-09,31,195,40,186,0,139.5,Safe
INV-004986,2023-03-15,PRD-0492,WH-09,1813,427,193,2047,0,318.2,Safe
INV-004987,2024-03-16,PRD-0150,WH-09,1151,274,280,1145,0,122.7,Safe
INV-004988,2023-02-05,PRD-0190,WH-16,1169,51,272,948,0,104.6,Safe
INV-004989,2023-07-16,PRD-0287,WH-05,1842,238,483,1597,0,99.2,Safe
INV-004990,2023-12-26,PRD-0004,WH-03,348,452,462,338,0,21.9,Safe
INV-004991,2023-07-06,PRD-0369,WH-08,1267,131,389,1009,0,77.8,Safe
INV-004992,2023-04-13,PRD-0180,WH-12,831,407,477,761,0,47.9,Safe
INV-004993,2024-05-15,PRD-0446,WH-19,1999,342,349,1992,0,171.2,Safe
INV-004994,2024-08-18,PRD-0369,WH-09,487,36,479,44,0,2.8,Critical
INV-004995,2023-07-12,PRD-0329,WH-05,1769,107,326,1550,0,142.6,Safe
INV-004996,2023-02-06,PRD-0349,WH-15,1551,421,200,1772,0,265.8,Safe
INV-004997,2023-01-19,PRD-0419,WH-09,1225,105,275,1055,0,115.1,Safe
INV-004998,2024-04-29,PRD-0447,WH-10,8,331,82,257,0,94.0,Safe
INV-004999,2023-08-12,PRD-0298,WH-16,1586,368,140,1814,0,388.7,Safe
INV-005000,2023-01-21,PRD-0366,WH-16,1676,38,459,1255,0,82.0,Safe
INV-005001,2024-05-30,PRD-0426,WH-11,1854,355,2,2207,0,999.0,Safe
INV-005002,2023-06-01,PRD-0217,WH-13,1308,369,104,1573,0,453.8,Safe
INV-005003,2024-03-20,PRD-0298,WH-02,124,449,322,251,0,23.4,Safe
INV-005004,2023-12-08,PRD-0084,WH-12,1308,248,217,1339,0,185.1,Safe
INV-005005,2023-11-25,PRD-0079,WH-08,1140,311,184,1267,0,206.6,Safe
INV-005006,2024-01-17,PRD-0289,WH-17,526,331,203,654,0,96.7,Safe
INV-005007,2023-07-05,PRD-0018,WH-06,1869,424,110,2183,0,595.4,Safe
INV-005008,2024-05-12,PRD-0007,WH-08,1871,293,29,2135,0,999.0,Safe
INV-005009,2023-06-11,PRD-0199,WH-13,1708,401,354,1755,0,148.7,Safe
INV-005010,2024-03-20,PRD-0250,WH-10,659,347,569,437,0,23.0,Safe
INV-005011,2024-09-01,PRD-0411,WH-18,35,251,98,188,0,57.6,Safe
INV-005012,2023-08-30,PRD-0342,WH-02,226,396,510,112,0,6.6,Critical
INV-005013,2024-04-03,PRD-0301,WH-11,1463,400,201,1662,0,248.1,Safe
INV-005014,2023-10-09,PRD-0128,WH-17,124,256,67,313,0,140.1,Safe
INV-005015,2023-03-15,PRD-0380,WH-09,1234,365,75,1524,0,609.6,Safe
INV-005016,2024-05-08,PRD-0459,WH-03,52,177,183,46,0,7.5,Warning
INV-005017,2024-08-14,PRD-0101,WH-07,61,268,220,109,0,14.9,Safe
INV-005018,2023-09-28,PRD-0218,WH-09,1839,319,268,1890,0,211.6,Safe
INV-005019,2023-09-19,PRD-0168,WH-02,1297,457,340,1414,0,124.8,Safe
INV-005020,2024-04-04,PRD-0274,WH-02,1224,429,347,1306,0,112.9,Safe
INV-005021,2024-04-12,PRD-0332,WH-04,104,194,113,185,0,49.1,Safe
INV-005022,2024-07-03,PRD-0369,WH-20,1154,439,160,1433,0,268.7,Safe
INV-005023,2024-07-11,PRD-0162,WH-19,1554,78,53,1579,0,893.8,Safe
INV-005024,2023-06-28,PRD-0022,WH-17,1068,328,235,1161,0,148.2,Safe
INV-005025,2023-06-13,PRD-0208,WH-12,731,232,301,662,0,66.0,Safe
INV-005026,2023-08-04,PRD-0122,WH-11,450,349,272,527,0,58.1,Safe
INV-005027,2024-01-23,PRD-0162,WH-02,937,165,488,614,0,37.7,Safe
INV-005028,2024-06-17,PRD-0371,WH-06,1,375,370,6,0,0.5,Critical
INV-005029,2023-10-26,PRD-0022,WH-17,1781,14,291,1504,0,155.1,Safe
INV-005030,2023-02-15,PRD-0084,WH-12,296,93,27,362,0,402.2,Safe
INV-005031,2023-07-22,PRD-0307,WH-08,70,467,505,32,0,1.9,Critical
INV-005032,2024-03-13,PRD-0362,WH-18,368,211,56,523,0,280.2,Safe
INV-005033,2023-12-24,PRD-0015,WH-09,257,426,591,92,0,4.7,Critical
INV-005034,2023-09-17,PRD-0057,WH-07,1699,204,445,1458,0,98.3,Safe
INV-005035,2023-03-07,PRD-0018,WH-01,1648,313,549,1412,0,77.2,Safe
INV-005036,2023-08-15,PRD-0223,WH-07,1194,362,298,1258,0,126.6,Safe
INV-005037,2023-05-13,PRD-0193,WH-19,198,118,189,127,0,20.2,Safe
INV-005038,2024-07-29,PRD-0443,WH-10,1889,327,505,1711,0,101.6,Safe
INV-005039,2023-03-11,PRD-0472,WH-04,1521,304,471,1354,0,86.2,Safe
INV-005040,2023-11-03,PRD-0349,WH-20,656,36,124,568,0,137.4,Safe
INV-005041,2023-11-28,PRD-0480,WH-03,1460,7,382,1085,0,85.2,Safe
INV-005042,2024-09-24,PRD-0164,WH-17,1335,106,288,1153,0,120.1,Safe
INV-005043,2023-02-02,PRD-0320,WH-11,839,495,415,919,0,66.4,Safe
INV-005044,2024-05-13,PRD-0254,WH-05,415,162,409,168,0,12.3,Warning
INV-005045,2024-05-31,PRD-0042,WH-15,861,172,336,697,0,62.2,Safe
INV-005046,2023-06-01,PRD-0233,WH-17,1157,262,78,1341,0,515.8,Safe
INV-005047,2023-11-07,PRD-0326,WH-01,1426,242,588,1080,0,55.1,Safe
INV-005048,2023-05-24,PRD-0297,WH-07,736,374,155,955,0,184.8,Safe
INV-005049,2024-07-20,PRD-0454,WH-12,1492,422,329,1585,0,144.5,Safe
INV-005050,2023-11-19,PRD-0328,WH-12,1278,242,527,993,0,56.5,Safe
INV-005051,2023-07-22,PRD-0493,WH-09,893,432,62,1263,0,611.1,Safe
INV-005052,2023-04-04,PRD-0303,WH-20,1690,42,560,1172,0,62.8,Safe
INV-005053,2024-06-15,PRD-0475,WH-02,1347,409,92,1664,0,542.6,Safe
INV-005054,2023-07-13,PRD-0378,WH-13,1307,310,103,1514,0,441.0,Safe
INV-005055,2024-04-12,PRD-0324,WH-16,1616,261,111,1766,0,477.3,Safe
INV-005056,2024-03-09,PRD-0195,WH-08,1669,44,103,1610,0,468.9,Safe
INV-005057,2023-02-18,PRD-0065,WH-07,886,138,417,607,0,43.7,Safe
INV-005058,2024-09-02,PRD-0349,WH-14,1215,213,223,1205,0,162.1,Safe
INV-005059,2024-08-08,PRD-0160,WH-10,1249,42,252,1039,0,123.7,Safe
INV-005060,2023-12-31,PRD-0219,WH-03,1651,488,437,1702,0,116.8,Safe
INV-005061,2023-09-02,PRD-0123,WH-09,452,64,108,408,0,113.3,Safe
INV-005062,2024-06-13,PRD-0335,WH-02,1328,333,41,1620,0,999.0,Safe
INV-005063,2024-03-18,PRD-0266,WH-13,44,461,236,269,0,34.2,Safe
INV-005064,2024-09-21,PRD-0376,WH-11,346,299,368,277,0,22.6,Safe
INV-005065,2023-04-24,PRD-0358,WH-11,85,33,37,81,0,65.7,Safe
INV-005066,2023-10-15,PRD-0210,WH-05,534,76,294,316,0,32.2,Safe
INV-005067,2023-11-12,PRD-0053,WH-11,721,219,242,698,0,86.5,Safe
INV-005068,2023-08-06,PRD-0252,WH-09,745,192,54,883,0,490.6,Safe
INV-005069,2024-01-29,PRD-0473,WH-04,1281,84,85,1280,0,451.8,Safe
INV-005070,2024-02-21,PRD-0159,WH-20,230,249,292,187,0,19.2,Safe
INV-005071,2023-11-28,PRD-0301,WH-10,1241,35,551,725,0,39.5,Safe
INV-005072,2023-10-13,PRD-0181,WH-11,823,424,383,864,0,67.7,Safe
INV-005073,2023-08-05,PRD-0223,WH-13,1815,415,340,1890,0,166.8,Safe
INV-005074,2023-01-17,PRD-0480,WH-19,145,222,134,233,0,52.2,Safe
INV-005075,2024-04-13,PRD-0097,WH-14,1931,86,112,1905,0,510.3,Safe
INV-005076,2023-05-27,PRD-0009,WH-13,1303,160,409,1054,0,77.3,Safe
INV-005077,2023-04-07,PRD-0275,WH-10,1841,450,204,2087,0,306.9,Safe
INV-005078,2023-08-23,PRD-0416,WH-04,2,93,36,59,0,49.2,Safe
INV-005079,2024-08-18,PRD-0259,WH-09,289,353,84,558,0,199.3,Safe
INV-005080,2023-03-25,PRD-0089,WH-04,1494,327,588,1233,0,62.9,Safe
INV-005081,2023-09-10,PRD-0297,WH-11,1130,500,575,1055,0,55.0,Safe
INV-005082,2024-06-17,PRD-0194,WH-07,1577,62,237,1402,0,177.5,Safe
INV-005083,2023-12-08,PRD-0018,WH-15,365,451,110,706,0,192.5,Safe
INV-005084,2024-04-29,PRD-0016,WH-13,959,315,293,981,0,100.4,Safe
INV-005085,2023-08-19,PRD-0076,WH-18,1806,244,250,1800,0,216.0,Safe
INV-005086,2024-06-06,PRD-0439,WH-04,295,484,363,416,0,34.4,Safe
INV-005087,2024-09-26,PRD-0387,WH-05,460,480,536,404,0,22.6,Safe
INV-005088,2024-07-25,PRD-0332,WH-12,945,195,549,591,0,32.3,Safe
INV-005089,2024-06-16,PRD-0500,WH-04,71,266,39,298,0,229.2,Safe
INV-005090,2023-08-13,PRD-0184,WH-20,244,4,87,161,0,55.5,Safe
INV-005091,2023-09-01,PRD-0090,WH-05,210,398,565,43,0,2.3,Critical
INV-005092,2023-08-27,PRD-0348,WH-08,1122,114,518,718,0,41.6,Safe
INV-005093,2023-12-23,PRD-0046,WH-04,1711,75,98,1688,0,516.7,Safe
INV-005094,2024-08-04,PRD-0167,WH-04,98,482,340,240,0,21.2,Safe
INV-005095,2024-06-28,PRD-0446,WH-06,678,224,497,405,0,24.4,Safe
INV-005096,2023-04-28,PRD-0268,WH-06,728,290,351,667,0,57.0,Safe
INV-005097,2023-04-17,PRD-0166,WH-19,406,175,230,351,0,45.8,Safe
INV-005098,2023-12-07,PRD-0071,WH-15,1554,68,361,1261,0,104.8,Safe
INV-005099,2023-12-13,PRD-0196,WH-11,1014,381,540,855,0,47.5,Safe
INV-005100,2023-03-01,PRD-0207,WH-11,935,76,167,844,0,151.6,Safe
INV-005101,2024-03-25,PRD-0421,WH-12,235,333,81,487,0,180.4,Safe
INV-005102,2023-09-29,PRD-0395,WH-04,496,202,313,385,0,36.9,Safe
INV-005103,2024-01-21,PRD-0380,WH-14,1849,310,540,1619,0,89.9,Safe
INV-005104,2024-03-30,PRD-0184,WH-13,1855,476,43,2288,0,999.0,Safe
INV-005105,2023-10-12,PRD-0014,WH-17,1414,98,196,1316,0,201.4,Safe
INV-005106,2024-05-12,PRD-0023,WH-10,1646,445,302,1789,0,177.7,Safe
INV-005107,2023-09-07,PRD-0036,WH-12,857,65,418,504,0,36.2,Safe
INV-005108,2023-02-23,PRD-0362,WH-01,1078,125,63,1140,0,542.9,Safe
INV-005109,2024-05-22,PRD-0231,WH-20,549,132,406,275,0,20.3,Safe
INV-005110,2024-07-20,PRD-0189,WH-05,171,348,418,101,0,7.2,Warning
INV-005111,2023-04-27,PRD-0181,WH-20,355,120,419,56,0,4.0,Critical
INV-005112,2023-10-08,PRD-0237,WH-04,968,180,502,646,0,38.6,Safe
INV-005113,2024-08-25,PRD-0368,WH-18,1354,135,117,1372,0,351.8,Safe
INV-005114,2023-12-04,PRD-0009,WH-16,1485,350,577,1258,0,65.4,Safe
INV-005115,2024-06-03,PRD-0267,WH-18,148,317,448,17,0,1.1,Critical
INV-005116,2023-10-19,PRD-0299,WH-07,818,489,426,881,0,62.0,Safe
INV-005117,2023-02-17,PRD-0496,WH-14,409,306,187,528,0,84.7,Safe
INV-005118,2024-01-29,PRD-0275,WH-08,793,95,556,332,0,17.9,Safe
INV-005119,2024-08-08,PRD-0318,WH-04,1969,253,371,1851,0,149.7,Safe
INV-005120,2023-01-31,PRD-0416,WH-14,1393,244,265,1372,0,155.3,Safe
INV-005121,2024-01-06,PRD-0465,WH-02,1585,20,15,1590,0,999.0,Safe
INV-005122,2023-04-29,PRD-0457,WH-04,1034,196,154,1076,0,209.6,Safe
INV-005123,2024-07-17,PRD-0292,WH-10,476,366,252,590,0,70.2,Safe
INV-005124,2023-10-14,PRD-0275,WH-08,866,155,541,480,0,26.6,Safe
INV-005125,2024-02-17,PRD-0471,WH-08,1347,284,77,1554,0,605.5,Safe
INV-005126,2024-01-16,PRD-0468,WH-14,772,42,276,538,0,58.5,Safe
INV-005127,2023-06-29,PRD-0392,WH-07,560,384,389,555,0,42.8,Safe
INV-005128,2023-03-10,PRD-0225,WH-02,323,269,90,502,0,167.3,Safe
INV-005129,2023-05-31,PRD-0324,WH-03,454,475,226,703,0,93.3,Safe
INV-005130,2024-05-17,PRD-0245,WH-01,190,368,81,477,0,176.7,Safe
INV-005131,2024-01-02,PRD-0079,WH-09,1803,497,382,1918,0,150.6,Safe
INV-005132,2024-03-20,PRD-0400,WH-19,204,82,159,127,0,24.0,Safe
INV-005133,2024-09-15,PRD-0092,WH-10,111,344,116,339,0,87.7,Safe
INV-005134,2023-01-08,PRD-0108,WH-18,284,460,62,682,0,330.0,Safe
INV-005135,2023-08-14,PRD-0051,WH-08,1800,415,128,2087,0,489.1,Safe
INV-005136,2024-08-08,PRD-0183,WH-04,1429,179,279,1329,0,142.9,Safe
INV-005137,2024-05-21,PRD-0243,WH-10,1749,473,220,2002,0,273.0,Safe
INV-005138,2023-12-18,PRD-0021,WH-16,340,228,213,355,0,50.0,Safe
INV-005139,2024-05-04,PRD-0375,WH-14,1057,483,505,1035,0,61.5,Safe
INV-005140,2023-06-06,PRD-0155,WH-10,1963,156,159,1960,0,369.8,Safe
INV-005141,2024-08-17,PRD-0284,WH-12,1257,279,326,1210,0,111.3,Safe
INV-005142,2024-01-20,PRD-0070,WH-17,513,303,247,569,0,69.1,Safe
INV-005143,2024-07-24,PRD-0275,WH-06,1674,67,158,1583,0,300.6,Safe
INV-005144,2023-08-09,PRD-0431,WH-12,1537,490,487,1540,0,94.9,Safe
INV-005145,2023-12-22,PRD-0301,WH-08,1682,108,151,1639,0,325.6,Safe
INV-005146,2024-02-21,PRD-0036,WH-09,192,491,212,471,0,66.7,Safe
INV-005147,2024-05-03,PRD-0133,WH-06,1549,414,379,1584,0,125.4,Safe
INV-005148,2023-09-26,PRD-0033,WH-17,673,39,530,182,0,10.3,Warning
INV-005149,2024-01-01,PRD-0125,WH-03,1301,413,15,1699,0,999.0,Safe
INV-005150,2024-02-09,PRD-0356,WH-14,217,27,55,189,0,103.1,Safe
INV-005151,2024-01-18,PRD-0058,WH-11,1109,173,514,768,0,44.8,Safe
INV-005152,2023-12-14,PRD-0397,WH-11,83,136,26,193,0,222.7,Safe
INV-005153,2023-06-22,PRD-0438,WH-05,1046,162,420,788,0,56.3,Safe
INV-005154,2023-02-11,PRD-0430,WH-04,673,252,326,599,0,55.1,Safe
INV-005155,2024-06-12,PRD-0221,WH-17,709,284,220,773,0,105.4,Safe
INV-005156,2024-04-21,PRD-0206,WH-11,120,471,526,65,0,3.7,Critical
INV-005157,2023-04-26,PRD-0071,WH-01,1326,112,184,1254,0,204.5,Safe
INV-005158,2023-10-21,PRD-0445,WH-11,18,40,7,51,0,218.6,Safe
INV-005159,2024-04-29,PRD-0065,WH-17,1762,112,189,1685,0,267.5,Safe
INV-005160,2024-02-05,PRD-0492,WH-11,1827,168,582,1413,0,72.8,Safe
INV-005161,2024-05-24,PRD-0433,WH-03,1158,341,243,1256,0,155.1,Safe
INV-005162,2023-11-21,PRD-0436,WH-05,290,434,17,707,0,999.0,Safe
INV-005163,2023-07-12,PRD-0180,WH-02,1493,491,11,1973,0,999.0,Safe
INV-005164,2023-10-13,PRD-0115,WH-02,86,269,294,61,0,6.2,Critical
INV-005165,2024-09-14,PRD-0072,WH-12,1069,154,490,733,0,44.9,Safe
INV-005166,2023-01-16,PRD-0065,WH-16,488,417,298,607,0,61.1,Safe
INV-005167,2024-07-20,PRD-0436,WH-06,1814,443,23,2234,0,999.0,Safe
INV-005168,2023-09-21,PRD-0246,WH-20,1506,470,87,1889,0,651.4,Safe
INV-005169,2024-07-30,PRD-0358,WH-14,1647,309,70,1886,0,808.3,Safe
INV-005170,2023-11-23,PRD-0076,WH-09,1680,453,527,1606,0,91.4,Safe
INV-005171,2024-09-20,PRD-0337,WH-13,306,278,503,81,0,4.8,Critical
INV-005172,2024-08-03,PRD-0102,WH-20,858,44,315,587,0,55.9,Safe
INV-005173,2024-01-22,PRD-0414,WH-12,1965,256,31,2190,0,999.0,Safe
INV-005174,2024-01-23,PRD-0458,WH-13,774,294,194,874,0,135.2,Safe
INV-005175,2024-04-27,PRD-0090,WH-10,6,84,88,2,0,0.7,Critical
INV-005176,2024-01-10,PRD-0146,WH-09,182,43,179,46,0,7.7,Warning
INV-005177,2023-11-26,PRD-0071,WH-20,625,43,495,173,0,10.5,Warning
INV-005178,2024-04-10,PRD-0420,WH-15,650,466,69,1047,0,455.2,Safe
INV-005179,2023-05-02,PRD-0309,WH-04,1660,165,25,1800,0,999.0,Safe
INV-005180,2024-06-12,PRD-0199,WH-03,433,3,96,340,0,106.2,Safe
INV-005181,2024-09-08,PRD-0012,WH-09,1565,248,443,1370,0,92.8,Safe
INV-005182,2023-09-24,PRD-0140,WH-09,276,185,37,424,0,343.8,Safe
INV-005183,2023-10-29,PRD-0224,WH-16,1087,93,546,634,0,34.8,Safe
INV-005184,2024-08-29,PRD-0160,WH-19,1601,472,412,1661,0,120.9,Safe
INV-005185,2023-05-17,PRD-0491,WH-19,546,78,26,598,0,690.0,Safe
INV-005186,2023-12-18,PRD-0045,WH-12,427,63,405,85,0,6.3,Critical
INV-005187,2023-08-17,PRD-0360,WH-19,1089,490,161,1418,0,264.2,Safe
INV-005188,2023-01-05,PRD-0267,WH-14,1309,89,403,995,0,74.1,Safe
INV-005189,2024-08-11,PRD-0250,WH-05,727,120,586,261,0,13.4,Warning
INV-005190,2024-05-05,PRD-0364,WH-05,250,25,31,244,0,236.1,Safe
INV-005191,2023-11-04,PRD-0219,WH-04,1109,322,158,1273,0,241.7,Safe
INV-005192,2024-06-29,PRD-0326,WH-02,903,399,481,821,0,51.2,Safe
INV-005193,2023-05-23,PRD-0491,WH-08,131,397,205,323,0,47.3,Safe
INV-005194,2024-08-21,PRD-0347,WH-14,419,121,52,488,0,281.5,Safe
INV-005195,2024-08-11,PRD-0282,WH-14,245,493,483,255,0,15.8,Safe
INV-005196,2023-12-29,PRD-0168,WH-14,1923,46,525,1444,0,82.5,Safe
INV-005197,2024-02-16,PRD-0285,WH-20,696,152,500,348,0,20.9,Safe
INV-005198,2023-10-27,PRD-0209,WH-03,1566,262,52,1776,0,999.0,Safe
INV-005199,2023-04-08,PRD-0482,WH-19,1770,30,73,1727,0,709.7,Safe
INV-005200,2024-07-25,PRD-0232,WH-06,1355,430,420,1365,0,97.5,Safe
INV-005201,2023-01-26,PRD-0186,WH-10,1245,235,350,1130,0,96.9,Safe
INV-005202,2024-06-29,PRD-0199,WH-14,802,353,417,738,0,53.1,Safe
INV-005203,2023-08-25,PRD-0432,WH-02,551,164,59,656,0,333.6,Safe
INV-005204,2023-01-06,PRD-0119,WH-14,826,315,246,895,0,109.1,Safe
INV-005205,2023-12-22,PRD-0275,WH-08,338,315,397,256,0,19.3,Safe
INV-005206,2023-06-21,PRD-0336,WH-04,1732,455,139,2048,0,442.0,Safe
INV-005207,2023-10-08,PRD-0205,WH-02,322,310,411,221,0,16.1,Safe
INV-005208,2023-09-29,PRD-0023,WH-01,1286,402,65,1623,0,749.1,Safe
INV-005209,2024-02-15,PRD-0335,WH-09,985,484,218,1251,0,172.2,Safe
INV-005210,2023-10-29,PRD-0495,WH-17,1043,253,112,1184,0,317.1,Safe
INV-005211,2024-07-13,PRD-0340,WH-04,1759,433,248,1944,0,235.2,Safe
INV-005212,2024-02-04,PRD-0285,WH-08,851,476,395,932,0,70.8,Safe
INV-005213,2023-02-02,PRD-0221,WH-02,817,101,166,752,0,135.9,Safe
INV-005214,2024-07-26,PRD-0052,WH-11,198,218,344,72,0,6.3,Critical
INV-005215,2024-07-07,PRD-0373,WH-08,381,60,153,288,0,56.5,Safe
INV-005216,2023-07-30,PRD-0079,WH-16,26,178,98,106,0,32.4,Safe
INV-005217,2023-03-06,PRD-0345,WH-10,1689,114,21,1782,0,999.0,Safe
INV-005218,2024-02-12,PRD-0338,WH-04,184,6,17,173,0,305.3,Safe
INV-005219,2024-08-01,PRD-0024,WH-11,1495,480,178,1797,0,302.9,Safe
INV-005220,2023-09-05,PRD-0153,WH-08,801,333,285,849,0,89.4,Safe
INV-005221,2023-05-19,PRD-0408,WH-06,955,377,388,944,0,73.0,Safe
INV-005222,2023-07-04,PRD-0465,WH-15,46,275,1,320,0,999.0,Safe
INV-005223,2024-03-23,PRD-0128,WH-12,1611,480,48,2043,0,999.0,Safe
INV-005224,2023-01-18,PRD-0093,WH-12,272,276,432,116,0,8.1,Warning
INV-005225,2024-04-02,PRD-0247,WH-09,1949,237,592,1594,0,80.8,Safe
INV-005226,2024-03-07,PRD-0353,WH-03,1607,108,451,1264,0,84.1,Safe
INV-005227,2024-04-28,PRD-0431,WH-07,844,463,104,1203,0,347.0,Safe
INV-005228,2023-09-15,PRD-0339,WH-14,134,313,286,161,0,16.9,Safe
INV-005229,2023-03-14,PRD-0390,WH-13,555,158,267,446,0,50.1,Safe
INV-005230,2023-06-20,PRD-0451,WH-12,1504,304,575,1233,0,64.3,Safe
INV-005231,2023-12-01,PRD-0184,WH-06,294,98,386,6,0,0.5,Critical
INV-005232,2023-12-21,PRD-0350,WH-18,663,159,434,388,0,26.8,Safe
INV-005233,2023-01-13,PRD-0104,WH-09,1915,229,53,2091,0,999.0,Safe
INV-005234,2024-01-29,PRD-0032,WH-02,1629,142,25,1746,0,999.0,Safe
INV-005235,2024-04-04,PRD-0093,WH-10,33,104,113,24,0,6.4,Critical
INV-005236,2024-01-28,PRD-0242,WH-08,1508,282,136,1654,0,364.9,Safe
INV-005237,2023-02-04,PRD-0303,WH-07,1076,488,569,995,0,52.5,Safe
INV-005238,2023-12-27,PRD-0106,WH-01,1897,0,468,1429,0,91.6,Safe
INV-005239,2023-09-21,PRD-0255,WH-08,518,426,200,744,0,111.6,Safe
INV-005240,2023-02-12,PRD-0396,WH-19,1689,410,404,1695,0,125.9,Safe
INV-005241,2023-12-19,PRD-0460,WH-09,1082,236,379,939,0,74.3,Safe
INV-005242,2024-01-11,PRD-0492,WH-10,923,98,421,600,0,42.8,Safe
INV-005243,2023-10-09,PRD-0143,WH-09,650,317,324,643,0,59.5,Safe
INV-005244,2023-07-22,PRD-0375,WH-07,601,348,219,730,0,100.0,Safe
INV-005245,2024-09-06,PRD-0322,WH-07,873,3,508,368,0,21.7,Safe
INV-005246,2023-04-14,PRD-0068,WH-14,1925,394,353,1966,0,167.1,Safe
INV-005247,2023-07-09,PRD-0278,WH-19,1732,15,377,1370,0,109.0,Safe
INV-005248,2023-07-15,PRD-0231,WH-15,1596,343,521,1418,0,81.7,Safe
INV-005249,2023-07-28,PRD-0338,WH-12,150,106,63,193,0,91.9,Safe
INV-005250,2024-02-29,PRD-0031,WH-20,789,273,63,999,0,475.7,Safe
INV-005251,2023-02-05,PRD-0476,WH-02,689,46,146,589,0,121.0,Safe
INV-005252,2023-05-07,PRD-0339,WH-01,1562,48,49,1561,0,955.7,Safe
INV-005253,2024-08-16,PRD-0198,WH-14,75,21,41,55,0,40.2,Safe
INV-005254,2024-05-21,PRD-0206,WH-18,121,377,443,55,0,3.7,Critical
INV-005255,2024-01-03,PRD-0057,WH-13,256,474,143,587,0,123.1,Safe
INV-005256,2023-03-07,PRD-0316,WH-08,1351,43,281,1113,0,118.8,Safe
INV-005257,2024-04-14,PRD-0004,WH-01,1066,246,371,941,0,76.1,Safe
INV-005258,2023-12-16,PRD-0057,WH-20,1680,187,84,1783,0,636.8,Safe
INV-005259,2023-07-01,PRD-0426,WH-13,536,340,336,540,0,48.2,Safe
INV-005260,2024-07-16,PRD-0335,WH-18,445,498,356,587,0,49.5,Safe
INV-005261,2024-09-07,PRD-0196,WH-10,1838,40,9,1869,0,999.0,Safe
INV-005262,2023-09-29,PRD-0211,WH-09,385,120,7,498,0,999.0,Safe
INV-005263,2023-03-07,PRD-0106,WH-14,1172,125,0,1297,0,999.0,Safe
INV-005264,2024-07-20,PRD-0291,WH-20,1751,127,286,1592,0,167.0,Safe
INV-005265,2024-07-02,PRD-0407,WH-15,1107,408,23,1492,0,999.0,Safe
INV-005266,2024-01-29,PRD-0258,WH-01,545,304,20,829,0,999.0,Safe
INV-005267,2023-06-21,PRD-0342,WH-01,347,8,190,165,0,26.1,Safe
INV-005268,2023-04-28,PRD-0236,WH-10,1155,251,444,962,0,65.0,Safe
INV-005269,2024-09-22,PRD-0095,WH-06,1444,425,384,1485,0,116.0,Safe
INV-005270,2023-01-05,PRD-0282,WH-04,1533,24,388,1169,0,90.4,Safe
INV-005271,2023-06-13,PRD-0255,WH-17,984,146,335,795,0,71.2,Safe
INV-005272,2024-01-11,PRD-0206,WH-11,531,44,88,487,0,166.0,Safe
INV-005273,2023-03-16,PRD-0120,WH-04,1059,458,343,1174,0,102.7,Safe
INV-005274,2024-07-22,PRD-0238,WH-07,1396,350,290,1456,0,150.6,Safe
INV-005275,2023-06-30,PRD-0034,WH-11,1905,351,227,2029,0,268.1,Safe
INV-005276,2023-04-28,PRD-0410,WH-12,1041,82,90,1033,0,344.3,Safe
INV-005277,2023-11-11,PRD-0491,WH-14,437,84,456,65,0,4.3,Critical
INV-005278,2023-02-23,PRD-0020,WH-16,1475,399,182,1692,0,278.9,Safe
INV-005279,2023-06-04,PRD-0205,WH-07,821,384,419,786,0,56.3,Safe
INV-005280,2024-02-26,PRD-0025,WH-15,176,168,199,145,0,21.9,Safe
INV-005281,2023-12-09,PRD-0321,WH-03,723,175,593,305,0,15.4,Safe
INV-005282,2023-10-13,PRD-0374,WH-06,1140,292,47,1385,0,884.0,Safe
INV-005283,2023-04-30,PRD-0434,WH-15,136,70,115,91,0,23.7,Safe
INV-005284,2023-07-16,PRD-0132,WH-05,1883,135,139,1879,0,405.5,Safe
INV-005285,2024-09-25,PRD-0271,WH-06,884,334,351,867,0,74.1,Safe
INV-005286,2024-05-18,PRD-0281,WH-10,128,31,123,36,0,8.8,Warning
INV-005287,2023-07-17,PRD-0361,WH-07,857,134,168,823,0,147.0,Safe
INV-005288,2023-05-06,PRD-0020,WH-18,1292,86,177,1201,0,203.6,Safe
INV-005289,2024-01-14,PRD-0401,WH-15,623,376,408,591,0,43.5,Safe
INV-005290,2023-12-19,PRD-0263,WH-20,1892,240,454,1678,0,110.9,Safe
INV-005291,2024-07-26,PRD-0500,WH-08,1725,303,582,1446,0,74.5,Safe
INV-005292,2024-02-19,PRD-0435,WH-07,758,451,359,850,0,71.0,Safe
INV-005293,2023-02-13,PRD-0161,WH-17,1890,297,457,1730,0,113.6,Safe
INV-005294,2024-09-11,PRD-0436,WH-03,41,243,58,226,0,116.9,Safe
INV-005295,2024-04-12,PRD-0486,WH-20,1548,321,556,1313,0,70.8,Safe
INV-005296,2023-07-18,PRD-0178,WH-16,157,500,303,354,0,35.0,Safe
INV-005297,2024-09-01,PRD-0046,WH-15,1901,329,280,1950,0,208.9,Safe
INV-005298,2023-07-01,PRD-0229,WH-02,198,259,154,303,0,59.0,Safe
INV-005299,2024-08-28,PRD-0337,WH-13,1862,497,503,1856,0,110.7,Safe
INV-005300,2023-10-27,PRD-0322,WH-04,1056,227,344,939,0,81.9,Safe
INV-005301,2023-09-13,PRD-0175,WH-07,1360,345,134,1571,0,351.7,Safe
INV-005302,2024-09-01,PRD-0305,WH-06,215,442,75,582,0,232.8,Safe
INV-005303,2023-10-22,PRD-0251,WH-13,1122,184,31,1275,0,999.0,Safe
INV-005304,2024-04-19,PRD-0052,WH-01,1813,136,190,1759,0,277.7,Safe
INV-005305,2024-02-23,PRD-0289,WH-02,1618,463,411,1670,0,121.9,Safe
INV-005306,2024-01-07,PRD-0271,WH-15,658,46,109,595,0,163.8,Safe
INV-005307,2023-07-29,PRD-0004,WH-02,1012,344,441,915,0,62.2,Safe
INV-005308,2024-08-18,PRD-0259,WH-12,1256,202,16,1442,0,999.0,Safe
INV-005309,2023-04-11,PRD-0150,WH-19,410,117,325,202,0,18.6,Safe
INV-005310,2024-01-02,PRD-0355,WH-18,348,249,582,15,0,0.8,Critical
INV-005311,2023-02-22,PRD-0053,WH-02,183,232,116,299,0,77.3,Safe
INV-005312,2024-01-14,PRD-0185,WH-13,372,290,155,507,0,98.1,Safe
INV-005313,2024-09-27,PRD-0337,WH-03,1427,85,504,1008,0,60.0,Safe
INV-005314,2023-08-10,PRD-0257,WH-06,1342,407,584,1165,0,59.8,Safe
INV-005315,2024-01-29,PRD-0085,WH-09,831,168,144,855,0,178.1,Safe
INV-005316,2023-06-02,PRD-0228,WH-16,515,472,543,444,0,24.5,Safe
INV-005317,2023-08-07,PRD-0056,WH-13,1169,453,36,1586,0,999.0,Safe
INV-005318,2024-01-30,PRD-0485,WH-08,770,212,493,489,0,29.8,Safe
INV-005319,2023-08-21,PRD-0048,WH-17,1678,279,529,1428,0,81.0,Safe
INV-005320,2024-03-09,PRD-0207,WH-16,302,67,183,186,0,30.5,Safe
INV-005321,2023-12-19,PRD-0108,WH-16,1787,378,41,2124,0,999.0,Safe
INV-005322,2023-01-28,PRD-0024,WH-14,387,179,499,67,0,4.0,Critical
INV-005323,2023-04-19,PRD-0066,WH-07,1662,35,488,1209,0,74.3,Safe
INV-005324,2024-03-03,PRD-0210,WH-03,1046,354,151,1249,0,248.1,Safe
INV-005325,2024-01-26,PRD-0402,WH-13,554,89,593,50,0,2.5,Critical
INV-005326,2024-01-22,PRD-0385,WH-16,772,247,479,540,0,33.8,Safe
INV-005327,2023-01-04,PRD-0317,WH-03,1164,311,65,1410,0,650.8,Safe
INV-005328,2024-08-09,PRD-0439,WH-17,124,498,11,611,0,999.0,Safe
INV-005329,2024-08-23,PRD-0427,WH-17,1965,350,437,1878,0,128.9,Safe
INV-005330,2023-02-04,PRD-0036,WH-08,781,126,293,614,0,62.9,Safe
INV-005331,2024-02-08,PRD-0040,WH-12,181,267,7,441,0,999.0,Safe
INV-005332,2023-12-17,PRD-0407,WH-11,1608,125,27,1706,0,999.0,Safe
INV-005333,2024-08-07,PRD-0062,WH-15,1923,482,114,2291,0,602.9,Safe
INV-005334,2024-05-06,PRD-0492,WH-05,100,430,386,144,0,11.2,Warning
INV-005335,2023-09-21,PRD-0070,WH-15,1527,164,566,1125,0,59.6,Safe
INV-005336,2023-05-18,PRD-0049,WH-18,628,202,594,236,0,11.9,Warning
INV-005337,2024-01-21,PRD-0283,WH-04,670,26,238,458,0,57.7,Safe
INV-005338,2024-04-14,PRD-0350,WH-06,1808,345,352,1801,0,153.5,Safe
INV-005339,2023-08-15,PRD-0248,WH-20,1479,419,127,1771,0,418.3,Safe
INV-005340,2023-07-20,PRD-0085,WH-20,1565,252,563,1254,0,66.8,Safe
INV-005341,2023-09-13,PRD-0123,WH-03,1192,368,140,1420,0,304.3,Safe
INV-005342,2024-07-16,PRD-0123,WH-09,734,399,111,1022,0,276.2,Safe
INV-005343,2023-11-28,PRD-0372,WH-05,989,337,476,850,0,53.6,Safe
INV-005344,2023-07-03,PRD-0073,WH-03,577,325,22,880,0,999.0,Safe
INV-005345,2024-06-22,PRD-0404,WH-10,512,456,115,853,0,222.5,Safe
INV-005346,2024-09-20,PRD-0190,WH-07,1148,228,27,1349,0,999.0,Safe
INV-005347,2023-04-26,PRD-0464,WH-07,1060,114,555,619,0,33.5,Safe
INV-005348,2023-07-28,PRD-0330,WH-09,1851,370,573,1648,0,86.3,Safe
INV-005349,2024-03-22,PRD-0106,WH-17,1486,194,208,1472,0,212.3,Safe
INV-005350,2024-01-22,PRD-0278,WH-03,584,177,125,636,0,152.6,Safe
INV-005351,2024-05-11,PRD-0342,WH-07,1524,229,103,1650,0,480.6,Safe
INV-005352,2024-02-24,PRD-0359,WH-14,1907,126,177,1856,0,314.6,Safe
INV-005353,2023-04-30,PRD-0111,WH-18,1014,269,83,1200,0,433.7,Safe
INV-005354,2024-09-20,PRD-0455,WH-02,208,378,252,334,0,39.8,Safe
INV-005355,2023-02-26,PRD-0244,WH-01,638,77,140,575,0,123.2,Safe
INV-005356,2023-04-17,PRD-0231,WH-06,732,456,404,784,0,58.2,Safe
INV-005357,2023-11-29,PRD-0114,WH-17,376,109,386,99,0,7.7,Warning
INV-005358,2023-08-31,PRD-0166,WH-09,1526,337,497,1366,0,82.5,Safe
INV-005359,2023-02-07,PRD-0399,WH-18,73,189,142,120,0,25.4,Safe
INV-005360,2023-04-07,PRD-0370,WH-13,1804,164,349,1619,0,139.2,Safe
INV-005361,2024-05-16,PRD-0496,WH-20,1370,463,203,1630,0,240.9,Safe
INV-005362,2023-06-01,PRD-0479,WH-01,1280,10,121,1169,0,289.8,Safe
INV-005363,2023-09-27,PRD-0153,WH-06,317,157,207,267,0,38.7,Safe
INV-005364,2023-01-06,PRD-0051,WH-02,797,432,199,1030,0,155.3,Safe
INV-005365,2024-07-29,PRD-0356,WH-13,152,261,284,129,0,13.6,Warning
INV-005366,2024-01-18,PRD-0241,WH-10,433,11,38,406,0,320.5,Safe
INV-005367,2023-08-22,PRD-0061,WH-01,1684,432,422,1694,0,120.4,Safe
INV-005368,2023-11-15,PRD-0175,WH-20,1897,309,442,1764,0,119.7,Safe
INV-005369,2024-04-10,PRD-0317,WH-01,1385,127,303,1209,0,119.7,Safe
INV-005370,2023-12-01,PRD-0114,WH-02,1142,217,201,1158,0,172.8,Safe
INV-005371,2024-04-23,PRD-0142,WH-09,1190,67,106,1151,0,325.8,Safe
INV-005372,2024-06-03,PRD-0191,WH-06,595,395,122,868,0,213.4,Safe
INV-005373,2023-08-06,PRD-0128,WH-03,325,169,178,316,0,53.3,Safe
INV-005374,2023-11-14,PRD-0172,WH-08,1842,298,472,1668,0,106.0,Safe
INV-005375,2024-08-06,PRD-0499,WH-10,835,498,217,1116,0,154.3,Safe
INV-005376,2024-07-14,PRD-0455,WH-08,973,316,221,1068,0,145.0,Safe
INV-005377,2023-11-23,PRD-0110,WH-12,196,166,283,79,0,8.4,Warning
INV-005378,2023-07-03,PRD-0164,WH-07,764,91,53,802,0,454.0,Safe
INV-005379,2024-05-15,PRD-0264,WH-06,450,412,69,793,0,344.8,Safe
INV-005380,2023-01-13,PRD-0091,WH-05,1121,381,312,1190,0,114.4,Safe
INV-005381,2023-01-11,PRD-0199,WH-09,74,99,47,126,0,80.4,Safe
INV-005382,2023-08-01,PRD-0232,WH-16,827,408,27,1208,0,999.0,Safe
INV-005383,2024-01-19,PRD-0015,WH-08,1070,131,594,607,0,30.7,Safe
INV-005384,2024-02-16,PRD-0164,WH-13,1950,416,296,2070,0,209.8,Safe
INV-005385,2023-05-15,PRD-0214,WH-07,207,220,214,213,0,29.9,Safe
INV-005386,2023-12-13,PRD-0091,WH-12,1245,425,3,1667,0,999.0,Safe
INV-005387,2024-01-09,PRD-0023,WH-16,399,98,0,497,0,999.0,Safe
INV-005388,2024-03-16,PRD-0243,WH-09,1405,236,254,1387,0,163.8,Safe
INV-005389,2024-05-10,PRD-0430,WH-18,1070,111,208,973,0,140.3,Safe
INV-005390,2023-07-01,PRD-0098,WH-20,847,133,19,961,0,999.0,Safe
INV-005391,2024-09-12,PRD-0326,WH-17,1777,160,598,1339,0,67.2,Safe
INV-005392,2023-04-20,PRD-0270,WH-09,1017,116,439,694,0,47.4,Safe
INV-005393,2023-01-14,PRD-0099,WH-01,587,243,329,501,0,45.7,Safe
INV-005394,2024-04-09,PRD-0019,WH-16,165,179,96,248,0,77.5,Safe
INV-005395,2023-03-14,PRD-0024,WH-16,921,416,58,1279,0,661.6,Safe
INV-005396,2023-04-02,PRD-0370,WH-20,8,167,170,5,0,0.9,Critical
INV-005397,2023-03-15,PRD-0494,WH-19,842,412,387,867,0,67.2,Safe
INV-005398,2023-01-04,PRD-0210,WH-14,1944,259,141,2062,0,438.7,Safe
INV-005399,2023-01-11,PRD-0125,WH-13,180,394,380,194,0,15.3,Safe
INV-005400,2023-08-19,PRD-0422,WH-03,660,33,274,419,0,45.9,Safe
INV-005401,2023-10-03,PRD-0450,WH-08,33,155,13,175,0,403.8,Safe
INV-005402,2023-03-17,PRD-0459,WH-12,907,387,151,1143,0,227.1,Safe
INV-005403,2023-03-18,PRD-0242,WH-08,1582,355,328,1609,0,147.2,Safe
INV-005404,2023-05-22,PRD-0275,WH-12,65,106,77,94,0,36.6,Safe
INV-005405,2024-03-22,PRD-0207,WH-09,1092,392,421,1063,0,75.7,Safe
INV-005406,2023-05-19,PRD-0182,WH-02,765,360,448,677,0,45.3,Safe
INV-005407,2023-03-22,PRD-0315,WH-20,336,140,475,1,0,0.1,Critical
INV-005408,2024-08-11,PRD-0390,WH-04,1649,122,545,1226,0,67.5,Safe
INV-005409,2023-07-01,PRD-0079,WH-19,1085,168,318,935,0,88.2,Safe
INV-005410,2023-09-21,PRD-0344,WH-09,683,313,401,595,0,44.5,Safe
INV-005411,2024-05-14,PRD-0246,WH-09,316,263,340,239,0,21.1,Safe
INV-005412,2023-08-31,PRD-0320,WH-10,1452,352,448,1356,0,90.8,Safe
INV-005413,2023-03-19,PRD-0022,WH-08,774,301,358,717,0,60.1,Safe
INV-005414,2023-01-22,PRD-0420,WH-06,661,227,104,784,0,226.2,Safe
INV-005415,2023-11-20,PRD-0181,WH-12,995,5,265,735,0,83.2,Safe
INV-005416,2023-06-15,PRD-0222,WH-01,241,0,120,121,0,30.2,Safe
INV-005417,2023-11-20,PRD-0395,WH-15,1353,52,555,850,0,45.9,Safe
INV-005418,2023-06-09,PRD-0354,WH-16,1795,314,287,1822,0,190.5,Safe
INV-005419,2023-09-16,PRD-0482,WH-04,89,182,226,45,0,6.0,Critical
INV-005420,2024-06-18,PRD-0106,WH-07,919,119,377,661,0,52.6,Safe
INV-005421,2024-05-08,PRD-0053,WH-07,260,117,372,5,0,0.4,Critical
INV-005422,2024-09-20,PRD-0494,WH-03,895,9,291,613,0,63.2,Safe
INV-005423,2023-08-14,PRD-0014,WH-07,1414,292,71,1635,0,690.8,Safe
INV-005424,2024-08-30,PRD-0479,WH-20,113,458,164,407,0,74.5,Safe
INV-005425,2024-02-26,PRD-0257,WH-15,497,322,481,338,0,21.1,Safe
INV-005426,2023-11-18,PRD-0170,WH-18,1005,37,278,764,0,82.4,Safe
INV-005427,2023-04-21,PRD-0206,WH-04,471,206,462,215,0,14.0,Warning
INV-005428,2023-05-21,PRD-0196,WH-06,80,497,416,161,0,11.6,Warning
INV-005429,2024-04-27,PRD-0171,WH-01,1625,350,216,1759,0,244.3,Safe
INV-005430,2023-01-11,PRD-0194,WH-08,1724,169,414,1479,0,107.2,Safe
INV-005431,2023-01-07,PRD-0169,WH-08,220,0,44,176,0,120.0,Safe
INV-005432,2023-07-06,PRD-0342,WH-02,1221,46,78,1189,0,457.3,Safe
INV-005433,2024-06-22,PRD-0440,WH-06,1578,411,251,1738,0,207.7,Safe
INV-005434,2023-07-22,PRD-0480,WH-01,481,472,497,456,0,27.5,Safe
INV-005435,2024-04-13,PRD-0146,WH-19,122,152,32,242,0,226.9,Safe
INV-005436,2023-10-12,PRD-0296,WH-19,603,141,159,585,0,110.4,Safe
INV-005437,2023-03-11,PRD-0039,WH-05,334,323,21,636,0,908.6,Safe
INV-005438,2024-07-02,PRD-0225,WH-07,1445,140,360,1225,0,102.1,Safe
INV-005439,2023-12-03,PRD-0401,WH-02,1658,367,422,1603,0,114.0,Safe
INV-005440,2023-05-05,PRD-0056,WH-03,1517,460,335,1642,0,147.0,Safe
INV-005441,2024-02-10,PRD-0132,WH-04,1204,102,29,1277,0,999.0,Safe
INV-005442,2023-11-20,PRD-0188,WH-04,1118,152,591,679,0,34.5,Safe
INV-005443,2023-05-14,PRD-0327,WH-20,527,317,392,452,0,34.6,Safe
INV-005444,2024-02-17,PRD-0142,WH-02,271,497,509,259,0,15.3,Safe
INV-005445,2024-02-18,PRD-0399,WH-17,748,231,247,732,0,88.9,Safe
INV-005446,2024-02-10,PRD-0172,WH-15,1701,64,67,1698,0,760.3,Safe
INV-005447,2024-09-08,PRD-0437,WH-17,1490,402,83,1809,0,653.9,Safe
INV-005448,2023-09-24,PRD-0194,WH-16,1079,86,214,951,0,133.3,Safe
INV-005449,2023-09-29,PRD-0075,WH-06,970,27,600,397,0,19.8,Safe
INV-005450,2023-11-22,PRD-0121,WH-07,1739,205,488,1456,0,89.5,Safe
INV-005451,2023-04-19,PRD-0322,WH-17,1294,188,356,1126,0,94.9,Safe
INV-005452,2023-06-18,PRD-0099,WH-12,117,211,250,78,0,9.4,Warning
INV-005453,2023-09-04,PRD-0498,WH-03,1658,73,266,1465,0,165.2,Safe
INV-005454,2023-09-06,PRD-0100,WH-17,177,120,226,71,0,9.4,Warning
INV-005455,2023-02-28,PRD-0388,WH-01,1819,180,175,1824,0,312.7,Safe
INV-005456,2023-09-10,PRD-0151,WH-14,272,192,291,173,0,17.8,Safe
INV-005457,2024-05-12,PRD-0152,WH-09,1771,111,362,1520,0,126.0,Safe
INV-005458,2024-06-06,PRD-0362,WH-09,70,320,374,16,0,1.3,Critical
INV-005459,2023-07-27,PRD-0427,WH-11,771,269,427,613,0,43.1,Safe
INV-005460,2024-07-22,PRD-0491,WH-07,9,292,36,265,0,220.8,Safe
INV-005461,2023-12-14,PRD-0059,WH-12,920,166,87,999,0,344.5,Safe
INV-005462,2024-04-30,PRD-0210,WH-16,431,94,79,446,0,169.4,Safe
INV-005463,2023-05-09,PRD-0107,WH-13,1268,470,50,1688,0,999.0,Safe
INV-005464,2024-08-04,PRD-0134,WH-14,79,123,8,194,0,727.5,Safe
INV-005465,2023-12-23,PRD-0229,WH-20,1295,229,71,1453,0,613.9,Safe
INV-005466,2023-07-12,PRD-0341,WH-07,981,452,414,1019,0,73.8,Safe
INV-005467,2024-03-18,PRD-0218,WH-17,1237,183,438,982,0,67.3,Safe
INV-005468,2024-07-06,PRD-0142,WH-17,932,92,184,840,0,137.0,Safe
INV-005469,2024-01-04,PRD-0038,WH-01,1483,203,142,1544,0,326.2,Safe
INV-005470,2024-06-05,PRD-0143,WH-14,368,180,302,246,0,24.4,Safe
INV-005471,2024-02-22,PRD-0254,WH-10,1779,84,558,1305,0,70.2,Safe
INV-005472,2023-06-24,PRD-0424,WH-13,1590,403,502,1491,0,89.1,Safe
INV-005473,2023-08-10,PRD-0467,WH-01,1705,58,84,1679,0,599.6,Safe
INV-005474,2023-07-01,PRD-0026,WH-15,985,241,323,903,0,83.9,Safe
INV-005475,2023-04-21,PRD-0235,WH-08,1839,11,193,1657,0,257.6,Safe
INV-005476,2024-05-11,PRD-0442,WH-10,1858,209,60,2007,0,999.0,Safe
INV-005477,2023-06-02,PRD-0002,WH-16,787,222,581,428,0,22.1,Safe
INV-005478,2024-08-18,PRD-0399,WH-18,895,102,89,908,0,306.1,Safe
INV-005479,2023-02-21,PRD-0290,WH-11,115,206,110,211,0,57.5,Safe
INV-005480,2024-06-28,PRD-0135,WH-06,102,215,164,153,0,28.0,Safe
INV-005481,2024-01-25,PRD-0077,WH-17,637,442,362,717,0,59.4,Safe
INV-005482,2023-09-13,PRD-0071,WH-07,1914,110,503,1521,0,90.7,Safe
INV-005483,2023-08-03,PRD-0256,WH-12,1408,1,403,1006,0,74.9,Safe
INV-005484,2024-03-09,PRD-0379,WH-14,411,282,530,163,0,9.2,Warning
INV-005485,2023-04-11,PRD-0143,WH-08,1135,397,356,1176,0,99.1,Safe
INV-005486,2024-09-07,PRD-0392,WH-03,1703,69,67,1705,0,763.4,Safe
INV-005487,2023-05-24,PRD-0347,WH-20,1430,16,317,1129,0,106.8,Safe
INV-005488,2024-08-09,PRD-0099,WH-08,1437,466,277,1626,0,176.1,Safe
INV-005489,2023-07-03,PRD-0382,WH-07,1165,75,392,848,0,64.9,Safe
INV-005490,2024-08-21,PRD-0348,WH-06,1966,392,197,2161,0,329.1,Safe
INV-005491,2024-06-15,PRD-0103,WH-01,1142,79,68,1153,0,508.7,Safe
INV-005492,2024-08-30,PRD-0490,WH-11,966,337,260,1043,0,120.3,Safe
INV-005493,2024-02-01,PRD-0406,WH-08,1922,228,268,1882,0,210.7,Safe
INV-005494,2023-06-02,PRD-0057,WH-08,373,405,459,319,0,20.8,Safe
INV-005495,2024-04-07,PRD-0376,WH-09,555,145,248,452,0,54.7,Safe
INV-005496,2024-01-28,PRD-0285,WH-14,613,414,146,881,0,181.0,Safe
INV-005497,2023-01-19,PRD-0466,WH-15,695,346,449,592,0,39.6,Safe
INV-005498,2023-08-28,PRD-0100,WH-13,1522,155,239,1438,0,180.5,Safe
INV-005499,2023-11-26,PRD-0369,WH-07,1572,293,191,1674,0,262.9,Safe
INV-005500,2024-09-21,PRD-0111,WH-20,1858,289,558,1589,0,85.4,Safe
INV-005501,2023-02-25,PRD-0446,WH-12,315,1,248,68,0,8.2,Warning
INV-005502,2024-07-06,PRD-0346,WH-01,372,73,233,212,0,27.3,Safe
INV-005503,2024-03-13,PRD-0475,WH-11,276,119,198,197,0,29.8,Safe
INV-005504,2023-12-30,PRD-0295,WH-19,949,56,460,545,0,35.5,Safe
INV-005505,2023-10-07,PRD-0039,WH-09,580,263,535,308,0,17.3,Safe
INV-005506,2023-11-08,PRD-0190,WH-17,956,67,444,579,0,39.1,Safe
INV-005507,2023-05-30,PRD-0080,WH-09,941,26,0,967,0,999.0,Safe
INV-005508,2023-01-03,PRD-0024,WH-14,1279,80,301,1058,0,105.4,Safe
INV-005509,2023-10-08,PRD-0217,WH-05,421,310,160,571,0,107.1,Safe
INV-005510,2024-03-05,PRD-0317,WH-07,1600,210,91,1719,0,566.7,Safe
INV-005511,2023-04-25,PRD-0303,WH-03,1395,252,16,1631,0,999.0,Safe
INV-005512,2023-04-13,PRD-0484,WH-05,1244,347,525,1066,0,60.9,Safe
INV-005513,2023-01-31,PRD-0099,WH-20,1129,216,345,1000,0,87.0,Safe
INV-005514,2024-07-09,PRD-0319,WH-05,1541,4,591,954,0,48.4,Safe
INV-005515,2023-05-10,PRD-0132,WH-04,1040,436,207,1269,0,183.9,Safe
INV-005516,2023-03-07,PRD-0273,WH-17,930,194,397,727,0,54.9,Safe
INV-005517,2023-07-19,PRD-0034,WH-07,733,158,332,559,0,50.5,Safe
INV-005518,2023-05-16,PRD-0366,WH-09,539,154,440,253,0,17.2,Safe
INV-005519,2024-09-18,PRD-0465,WH-14,88,160,178,70,0,11.8,Warning
INV-005520,2024-05-01,PRD-0091,WH-15,1800,291,189,1902,0,301.9,Safe
INV-005521,2024-03-04,PRD-0015,WH-07,617,147,369,395,0,32.1,Safe
INV-005522,2023-08-14,PRD-0004,WH-11,1724,292,538,1478,0,82.4,Safe
INV-005523,2024-06-22,PRD-0129,WH-02,1872,236,66,2042,0,928.2,Safe
INV-005524,2024-03-22,PRD-0030,WH-08,731,60,107,684,0,191.8,Safe
INV-005525,2024-04-18,PRD-0002,WH-13,571,391,214,748,0,104.9,Safe
INV-005526,2023-04-20,PRD-0201,WH-09,1419,126,272,1273,0,140.4,Safe
INV-005527,2023-07-25,PRD-0193,WH-14,1859,249,589,1519,0,77.4,Safe
INV-005528,2023-08-04,PRD-0037,WH-11,1458,117,431,1144,0,79.6,Safe
INV-005529,2024-07-04,PRD-0004,WH-11,202,192,251,143,0,17.1,Safe
INV-005530,2023-07-07,PRD-0151,WH-16,1523,494,529,1488,0,84.4,Safe
INV-005531,2024-08-29,PRD-0352,WH-08,1996,339,389,1946,0,150.1,Safe
INV-005532,2023-06-08,PRD-0280,WH-07,982,60,36,1006,0,838.3,Safe
INV-005533,2024-08-22,PRD-0328,WH-02,543,219,404,358,0,26.6,Safe
INV-005534,2023-05-28,PRD-0486,WH-19,353,107,184,276,0,45.0,Safe
INV-005535,2023-06-12,PRD-0060,WH-09,666,323,384,605,0,47.3,Safe
INV-005536,2023-08-08,PRD-0321,WH-19,1369,107,380,1096,0,86.5,Safe
INV-005537,2023-06-14,PRD-0481,WH-09,244,183,139,288,0,62.2,Safe
INV-005538,2024-05-27,PRD-0020,WH-11,1760,308,419,1649,0,118.1,Safe
INV-005539,2024-02-26,PRD-0280,WH-12,1879,219,473,1625,0,103.1,Safe
INV-005540,2024-02-05,PRD-0235,WH-18,1191,137,242,1086,0,134.6,Safe
INV-005541,2023-11-16,PRD-0429,WH-07,209,256,210,255,0,36.4,Safe
INV-005542,2023-01-29,PRD-0227,WH-01,686,181,375,492,0,39.4,Safe
INV-005543,2024-08-08,PRD-0472,WH-20,1089,210,516,783,0,45.5,Safe
INV-005544,2023-03-31,PRD-0394,WH-11,582,399,273,708,0,77.8,Safe
INV-005545,2023-04-10,PRD-0182,WH-16,1868,386,91,2163,0,713.1,Safe
INV-005546,2023-07-06,PRD-0072,WH-15,904,298,0,1202,0,999.0,Safe
INV-005547,2023-03-08,PRD-0243,WH-12,1178,73,281,970,0,103.6,Safe
INV-005548,2024-05-16,PRD-0087,WH-18,983,307,578,712,0,37.0,Safe
INV-005549,2023-01-04,PRD-0158,WH-18,802,366,232,936,0,121.0,Safe
INV-005550,2023-08-06,PRD-0427,WH-09,1800,254,295,1759,0,178.9,Safe
INV-005551,2023-05-19,PRD-0037,WH-17,1105,397,349,1153,0,99.1,Safe
INV-005552,2024-03-09,PRD-0497,WH-12,178,194,175,197,0,33.8,Safe
INV-005553,2023-08-09,PRD-0118,WH-06,1262,199,507,954,0,56.4,Safe
INV-005554,2023-01-28,PRD-0031,WH-17,1382,251,515,1118,0,65.1,Safe
INV-005555,2024-01-08,PRD-0427,WH-07,1454,283,106,1631,0,461.6,Safe
INV-005556,2024-09-25,PRD-0313,WH-05,924,453,389,988,0,76.2,Safe
INV-005557,2023-04-05,PRD-0339,WH-04,840,155,232,763,0,98.7,Safe
INV-005558,2023-03-05,PRD-0344,WH-17,1281,401,61,1621,0,797.2,Safe
INV-005559,2023-07-19,PRD-0355,WH-01,1422,137,434,1125,0,77.8,Safe
INV-005560,2023-08-19,PRD-0259,WH-19,600,484,115,969,0,252.8,Safe
INV-005561,2023-01-10,PRD-0238,WH-09,987,276,410,853,0,62.4,Safe
INV-005562,2024-03-29,PRD-0154,WH-06,372,183,79,476,0,180.8,Safe
INV-005563,2023-12-24,PRD-0362,WH-01,1292,293,185,1400,0,227.0,Safe
INV-005564,2023-06-06,PRD-0313,WH-08,1415,169,291,1293,0,133.3,Safe
INV-005565,2023-08-09,PRD-0046,WH-08,1333,412,566,1179,0,62.5,Safe
INV-005566,2023-07-02,PRD-0356,WH-17,1514,467,17,1964,0,999.0,Safe
INV-005567,2023-10-27,PRD-0161,WH-18,1530,409,90,1849,0,616.3,Safe
INV-005568,2023-03-16,PRD-0143,WH-08,914,236,491,659,0,40.3,Safe
INV-005569,2023-06-19,PRD-0358,WH-19,184,263,347,100,0,8.6,Warning
INV-005570,2023-08-03,PRD-0122,WH-07,296,316,41,571,0,417.8,Safe
INV-005571,2024-02-13,PRD-0047,WH-13,335,230,128,437,0,102.4,Safe
INV-005572,2023-11-29,PRD-0076,WH-18,1191,264,171,1284,0,225.3,Safe
INV-005573,2024-05-25,PRD-0234,WH-16,1693,143,9,1827,0,999.0,Safe
INV-005574,2023-05-16,PRD-0163,WH-08,860,462,211,1111,0,158.0,Safe
INV-005575,2024-02-07,PRD-0338,WH-08,650,416,520,546,0,31.5,Safe
INV-005576,2023-07-16,PRD-0028,WH-02,1533,113,259,1387,0,160.7,Safe
INV-005577,2024-03-28,PRD-0376,WH-15,1417,392,174,1635,0,281.9,Safe
INV-005578,2023-11-05,PRD-0145,WH-17,1403,301,514,1190,0,69.5,Safe
INV-005579,2024-01-13,PRD-0133,WH-03,226,352,366,212,0,17.4,Safe
INV-005580,2023-07-08,PRD-0433,WH-12,1560,65,317,1308,0,123.8,Safe
INV-005581,2024-02-05,PRD-0497,WH-12,1184,423,314,1293,0,123.5,Safe
INV-005582,2024-06-25,PRD-0150,WH-14,816,463,45,1234,0,822.7,Safe
INV-005583,2023-12-19,PRD-0413,WH-14,614,159,434,339,0,23.4,Safe
INV-005584,2023-09-29,PRD-0149,WH-08,503,253,194,562,0,86.9,Safe
INV-005585,2024-06-09,PRD-0186,WH-15,738,122,358,502,0,42.1,Safe
INV-005586,2023-07-24,PRD-0089,WH-13,168,347,254,261,0,30.8,Safe
INV-005587,2023-10-10,PRD-0089,WH-18,1416,386,319,1483,0,139.5,Safe
INV-005588,2023-10-24,PRD-0095,WH-15,1203,140,515,828,0,48.2,Safe
INV-005589,2024-02-21,PRD-0374,WH-14,1895,339,105,2129,0,608.3,Safe
INV-005590,2023-05-23,PRD-0026,WH-17,1054,169,566,657,0,34.8,Safe
INV-005591,2024-02-24,PRD-0096,WH-04,0,495,75,420,0,168.0,Safe
INV-005592,2024-02-26,PRD-0002,WH-20,1233,149,495,887,0,53.8,Safe
INV-005593,2023-02-18,PRD-0113,WH-10,929,489,591,827,0,42.0,Safe
INV-005594,2023-06-07,PRD-0217,WH-16,1707,359,180,1886,0,314.3,Safe
INV-005595,2024-07-21,PRD-0386,WH-18,703,206,431,478,0,33.3,Safe
INV-005596,2024-04-24,PRD-0338,WH-05,1429,44,109,1364,0,375.4,Safe
INV-005597,2024-07-18,PRD-0336,WH-03,284,128,271,141,0,15.6,Safe
INV-005598,2023-11-13,PRD-0233,WH-17,1820,452,534,1738,0,97.6,Safe
INV-005599,2024-05-13,PRD-0397,WH-15,246,34,261,19,0,2.2,Critical
INV-005600,2024-06-30,PRD-0393,WH-06,352,86,19,419,0,661.6,Safe
INV-005601,2023-06-16,PRD-0242,WH-08,1081,378,92,1367,0,445.8,Safe
INV-005602,2024-09-23,PRD-0307,WH-06,374,282,253,403,0,47.8,Safe
INV-005603,2023-12-28,PRD-0293,WH-20,1772,32,219,1585,0,217.1,Safe
INV-005604,2023-04-05,PRD-0195,WH-10,1388,117,307,1198,0,117.1,Safe
INV-005605,2024-04-24,PRD-0179,WH-03,140,343,324,159,0,14.7,Safe
INV-005606,2023-02-23,PRD-0301,WH-13,2,204,154,52,0,10.1,Warning
INV-005607,2023-06-27,PRD-0075,WH-01,1012,150,261,901,0,103.6,Safe
INV-005608,2023-06-11,PRD-0368,WH-18,335,121,194,262,0,40.5,Safe
INV-005609,2023-04-01,PRD-0367,WH-15,306,187,243,250,0,30.9,Safe
INV-005610,2024-03-23,PRD-0326,WH-07,685,416,391,710,0,54.5,Safe
INV-005611,2024-01-13,PRD-0198,WH-17,358,149,75,432,0,172.8,Safe
INV-005612,2024-02-17,PRD-0273,WH-05,292,147,133,306,0,69.0,Safe
INV-005613,2024-03-13,PRD-0062,WH-05,202,30,115,117,0,30.5,Safe
INV-005614,2023-12-26,PRD-0473,WH-13,897,353,107,1143,0,320.5,Safe
INV-005615,2024-08-11,PRD-0326,WH-17,903,173,541,535,0,29.7,Safe
INV-005616,2023-07-29,PRD-0412,WH-04,1552,95,125,1522,0,365.3,Safe
INV-005617,2023-07-06,PRD-0322,WH-17,691,402,516,577,0,33.5,Safe
INV-005618,2023-06-10,PRD-0049,WH-05,351,22,98,275,0,84.2,Safe
INV-005619,2023-03-26,PRD-0358,WH-11,241,403,588,56,0,2.9,Critical
INV-005620,2024-01-18,PRD-0193,WH-11,784,470,122,1132,0,278.4,Safe
INV-005621,2023-12-12,PRD-0302,WH-10,1188,181,327,1042,0,95.6,Safe
INV-005622,2024-03-18,PRD-0309,WH-07,1121,193,349,965,0,83.0,Safe
INV-005623,2023-06-15,PRD-0090,WH-15,669,152,386,435,0,33.8,Safe
INV-005624,2023-09-27,PRD-0156,WH-04,746,352,35,1063,0,911.1,Safe
INV-005625,2024-07-18,PRD-0268,WH-09,1773,204,440,1537,0,104.8,Safe
INV-005626,2023-09-14,PRD-0403,WH-02,1536,361,203,1694,0,250.3,Safe
INV-005627,2023-02-27,PRD-0247,WH-03,593,447,381,659,0,51.9,Safe
INV-005628,2023-01-12,PRD-0466,WH-09,1323,307,187,1443,0,231.5,Safe
INV-005629,2024-03-15,PRD-0339,WH-17,946,92,271,767,0,84.9,Safe
INV-005630,2023-11-24,PRD-0241,WH-05,1965,94,409,1650,0,121.0,Safe
INV-005631,2023-11-08,PRD-0493,WH-07,233,301,80,454,0,170.2,Safe
INV-005632,2023-10-15,PRD-0339,WH-20,1580,99,458,1221,0,80.0,Safe
INV-005633,2023-11-22,PRD-0270,WH-16,1696,314,550,1460,0,79.6,Safe
INV-005634,2024-06-09,PRD-0136,WH-08,907,37,249,695,0,83.7,Safe
INV-005635,2024-02-23,PRD-0411,WH-11,473,317,444,346,0,23.4,Safe
INV-005636,2024-08-18,PRD-0297,WH-18,949,372,424,897,0,63.5,Safe
INV-005637,2024-05-13,PRD-0199,WH-02,59,133,2,190,0,999.0,Safe
INV-005638,2024-03-30,PRD-0454,WH-18,1254,475,403,1326,0,98.7,Safe
INV-005639,2023-01-16,PRD-0270,WH-16,287,258,385,160,0,12.5,Warning
INV-005640,2023-07-23,PRD-0410,WH-06,277,113,245,145,0,17.8,Safe
INV-005641,2024-07-04,PRD-0217,WH-16,1493,420,268,1645,0,184.1,Safe
INV-005642,2024-01-09,PRD-0222,WH-18,474,380,329,525,0,47.9,Safe
INV-005643,2023-07-04,PRD-0488,WH-06,83,104,4,183,0,999.0,Safe
INV-005644,2023-05-09,PRD-0130,WH-04,276,499,308,467,0,45.5,Safe
INV-005645,2023-09-04,PRD-0389,WH-10,62,455,441,76,0,5.2,Critical
INV-005646,2024-07-14,PRD-0395,WH-17,744,173,291,626,0,64.5,Safe
INV-005647,2024-06-17,PRD-0346,WH-01,326,145,269,202,0,22.5,Safe
INV-005648,2023-01-06,PRD-0353,WH-02,46,119,139,26,0,5.6,Critical
INV-005649,2024-05-02,PRD-0337,WH-14,956,261,401,816,0,61.0,Safe
INV-005650,2024-05-19,PRD-0297,WH-10,780,418,523,675,0,38.7,Safe
INV-005651,2024-09-09,PRD-0226,WH-12,656,138,358,436,0,36.5,Safe
INV-005652,2023-05-06,PRD-0016,WH-12,50,291,147,194,0,39.6,Safe
INV-005653,2023-07-31,PRD-0099,WH-06,1225,84,189,1120,0,177.8,Safe
INV-005654,2023-07-07,PRD-0380,WH-08,941,353,361,933,0,77.5,Safe
INV-005655,2024-03-21,PRD-0340,WH-04,1368,468,150,1686,0,337.2,Safe
INV-005656,2023-12-18,PRD-0458,WH-19,543,56,468,131,0,8.4,Warning
INV-005657,2023-11-08,PRD-0198,WH-06,255,45,21,279,0,398.6,Safe
INV-005658,2023-10-03,PRD-0238,WH-03,941,463,102,1302,0,382.9,Safe
INV-005659,2023-05-25,PRD-0313,WH-12,1606,3,209,1400,0,201.0,Safe
INV-005660,2023-07-05,PRD-0407,WH-01,424,453,23,854,0,999.0,Safe
INV-005661,2024-07-17,PRD-0059,WH-10,430,85,331,184,0,16.7,Safe
INV-005662,2023-09-16,PRD-0454,WH-20,967,404,58,1313,0,679.1,Safe
INV-005663,2023-12-22,PRD-0124,WH-13,612,324,420,516,0,36.9,Safe
INV-005664,2024-04-26,PRD-0111,WH-14,1860,50,555,1355,0,73.2,Safe
INV-005665,2023-06-24,PRD-0484,WH-18,223,296,435,84,0,5.8,Critical
INV-005666,2024-07-18,PRD-0461,WH-05,608,152,113,647,0,171.8,Safe
INV-005667,2023-04-20,PRD-0090,WH-06,256,145,151,250,0,49.7,Safe
INV-005668,2024-03-05,PRD-0407,WH-19,1853,278,560,1571,0,84.2,Safe
INV-005669,2023-01-18,PRD-0044,WH-15,1426,268,177,1517,0,257.1,Safe
INV-005670,2024-06-02,PRD-0015,WH-11,1606,496,118,1984,0,504.4,Safe
INV-005671,2023-11-19,PRD-0134,WH-18,1892,193,3,2082,0,999.0,Safe
INV-005672,2024-06-06,PRD-0025,WH-04,1597,338,28,1907,0,999.0,Safe
INV-005673,2023-08-03,PRD-0359,WH-04,972,193,427,738,0,51.9,Safe
INV-005674,2023-01-13,PRD-0254,WH-06,1820,382,539,1663,0,92.6,Safe
INV-005675,2024-08-22,PRD-0328,WH-07,699,393,434,658,0,45.5,Safe
INV-005676,2024-05-09,PRD-0266,WH-11,1836,310,348,1798,0,155.0,Safe
INV-005677,2024-09-22,PRD-0343,WH-11,323,283,232,374,0,48.4,Safe
INV-005678,2024-08-30,PRD-0238,WH-17,1751,30,37,1744,0,999.0,Safe
INV-005679,2023-10-03,PRD-0377,WH-15,665,268,315,618,0,58.9,Safe
INV-005680,2023-10-30,PRD-0373,WH-06,1785,160,298,1647,0,165.8,Safe
INV-005681,2024-09-29,PRD-0196,WH-18,316,35,304,47,0,4.6,Critical
INV-005682,2023-06-22,PRD-0351,WH-07,811,76,396,491,0,37.2,Safe
INV-005683,2023-02-23,PRD-0461,WH-02,1166,489,194,1461,0,225.9,Safe
INV-005684,2023-07-24,PRD-0256,WH-15,1226,78,412,892,0,65.0,Safe
INV-005685,2023-11-15,PRD-0391,WH-14,284,259,534,9,0,0.5,Critical
INV-005686,2023-07-03,PRD-0307,WH-14,62,23,0,85,0,999.0,Safe
INV-005687,2023-02-05,PRD-0249,WH-19,433,403,70,766,0,328.3,Safe
INV-005688,2023-02-03,PRD-0443,WH-18,362,287,458,191,0,12.5,Warning
INV-005689,2024-03-27,PRD-0123,WH-19,1179,316,166,1329,0,240.2,Safe
INV-005690,2024-07-20,PRD-0193,WH-18,1874,463,473,1864,0,118.2,Safe
INV-005691,2024-06-12,PRD-0322,WH-03,324,126,102,348,0,102.4,Safe
INV-005692,2024-06-17,PRD-0420,WH-11,1276,485,16,1745,0,999.0,Safe
INV-005693,2023-02-15,PRD-0490,WH-14,82,354,329,107,0,9.8,Warning
INV-005694,2024-05-28,PRD-0481,WH-11,1574,221,51,1744,0,999.0,Safe
INV-005695,2024-07-13,PRD-0226,WH-11,1843,156,120,1879,0,469.8,Safe
INV-005696,2023-11-06,PRD-0357,WH-04,1508,210,317,1401,0,132.6,Safe
INV-005697,2023-04-28,PRD-0495,WH-15,1820,379,368,1831,0,149.3,Safe
INV-005698,2023-06-04,PRD-0359,WH-20,887,59,172,774,0,135.0,Safe
INV-005699,2023-05-26,PRD-0055,WH-01,673,25,486,212,0,13.1,Warning
INV-005700,2023-03-22,PRD-0040,WH-02,614,371,549,436,0,23.8,Safe
INV-005701,2024-01-05,PRD-0413,WH-16,891,247,455,683,0,45.0,Safe
INV-005702,2023-12-31,PRD-0159,WH-12,331,326,117,540,0,138.5,Safe
INV-005703,2023-10-05,PRD-0347,WH-10,1579,109,112,1576,0,422.1,Safe
INV-005704,2024-07-30,PRD-0383,WH-06,1594,246,559,1281,0,68.7,Safe
INV-005705,2023-09-18,PRD-0407,WH-15,1603,230,5,1828,0,999.0,Safe
INV-005706,2024-07-25,PRD-0224,WH-10,273,29,5,297,0,999.0,Safe
INV-005707,2024-03-26,PRD-0279,WH-09,1451,86,153,1384,0,271.4,Safe
INV-005708,2024-05-21,PRD-0441,WH-07,740,303,244,799,0,98.2,Safe
INV-005709,2024-02-28,PRD-0050,WH-10,313,5,77,241,0,93.9,Safe
INV-005710,2023-02-14,PRD-0167,WH-08,1604,74,515,1163,0,67.7,Safe
INV-005711,2024-05-25,PRD-0162,WH-20,1588,190,283,1495,0,158.5,Safe
INV-005712,2024-05-05,PRD-0300,WH-13,1325,161,53,1433,0,811.1,Safe
INV-005713,2023-08-10,PRD-0397,WH-07,1691,163,499,1355,0,81.5,Safe
INV-005714,2023-06-24,PRD-0323,WH-19,1844,433,385,1892,0,147.4,Safe
INV-005715,2024-02-24,PRD-0152,WH-01,1705,197,167,1735,0,311.7,Safe
INV-005716,2024-02-23,PRD-0043,WH-09,1137,138,237,1038,0,131.4,Safe
INV-005717,2024-04-11,PRD-0273,WH-13,1355,201,351,1205,0,103.0,Safe
INV-005718,2024-02-24,PRD-0157,WH-20,1165,38,10,1193,0,999.0,Safe
INV-005719,2023-08-12,PRD-0022,WH-12,619,396,523,492,0,28.2,Safe
INV-005720,2023-12-27,PRD-0032,WH-06,549,6,321,234,0,21.9,Safe
INV-005721,2024-05-27,PRD-0448,WH-15,987,235,411,811,0,59.2,Safe
INV-005722,2024-06-24,PRD-0170,WH-04,678,68,576,170,0,8.9,Warning
INV-005723,2024-04-19,PRD-0465,WH-01,763,210,318,655,0,61.8,Safe
INV-005724,2024-08-18,PRD-0200,WH-19,369,199,326,242,0,22.3,Safe
INV-005725,2023-08-21,PRD-0430,WH-05,1442,254,166,1530,0,276.5,Safe
INV-005726,2024-05-30,PRD-0008,WH-06,1451,412,279,1584,0,170.3,Safe
INV-005727,2023-11-30,PRD-0140,WH-14,139,167,208,98,0,14.1,Safe
INV-005728,2024-02-16,PRD-0350,WH-10,588,346,324,610,0,56.5,Safe
INV-005729,2023-12-20,PRD-0136,WH-16,1086,473,240,1319,0,164.9,Safe
INV-005730,2023-01-24,PRD-0219,WH-01,752,319,203,868,0,128.3,Safe
INV-005731,2024-09-20,PRD-0274,WH-03,1832,101,316,1617,0,153.5,Safe
INV-005732,2024-08-08,PRD-0006,WH-03,819,393,76,1136,0,448.4,Safe
INV-005733,2023-03-18,PRD-0397,WH-08,470,163,205,428,0,62.6,Safe
INV-005734,2023-07-17,PRD-0474,WH-14,1792,155,228,1719,0,226.2,Safe
INV-005735,2023-03-20,PRD-0090,WH-19,1066,496,293,1269,0,129.9,Safe
INV-005736,2023-08-03,PRD-0408,WH-02,864,366,260,970,0,111.9,Safe
INV-005737,2023-11-13,PRD-0406,WH-15,75,236,177,134,0,22.7,Safe
INV-005738,2023-10-16,PRD-0114,WH-08,1272,470,245,1497,0,183.3,Safe
INV-005739,2023-06-20,PRD-0204,WH-19,1504,86,486,1104,0,68.1,Safe
INV-005740,2023-05-13,PRD-0158,WH-12,1212,160,535,837,0,46.9,Safe
INV-005741,2023-11-29,PRD-0403,WH-02,1580,378,343,1615,0,141.3,Safe
INV-005742,2023-03-04,PRD-0402,WH-04,1402,102,378,1126,0,89.4,Safe
INV-005743,2023-02-24,PRD-0462,WH-11,619,16,332,303,0,27.4,Safe
INV-005744,2024-05-06,PRD-0354,WH-11,1019,264,91,1192,0,393.0,Safe
INV-005745,2023-12-24,PRD-0218,WH-01,1916,105,328,1693,0,154.8,Safe
INV-005746,2024-05-26,PRD-0202,WH-19,1327,128,180,1275,0,212.5,Safe
INV-005747,2024-02-28,PRD-0397,WH-10,1175,400,142,1433,0,302.7,Safe
INV-005748,2023-05-20,PRD-0053,WH-12,1566,438,362,1642,0,136.1,Safe
INV-005749,2023-09-06,PRD-0181,WH-15,1845,45,25,1865,0,999.0,Safe
INV-005750,2023-01-23,PRD-0202,WH-11,766,37,260,543,0,62.7,Safe
INV-005751,2024-03-31,PRD-0327,WH-08,128,349,318,159,0,15.0,Safe
INV-005752,2023-09-14,PRD-0169,WH-08,1208,32,312,928,0,89.2,Safe
INV-005753,2024-06-17,PRD-0375,WH-15,651,263,387,527,0,40.9,Safe
INV-005754,2024-03-05,PRD-0019,WH-13,1186,206,364,1028,0,84.7,Safe
INV-005755,2024-02-27,PRD-0225,WH-03,1381,31,450,962,0,64.1,Safe
INV-005756,2023-03-13,PRD-0128,WH-06,1326,336,366,1296,0,106.2,Safe
INV-005757,2023-05-21,PRD-0470,WH-10,1081,298,422,957,0,68.0,Safe
INV-005758,2024-08-13,PRD-0438,WH-14,766,142,188,720,0,114.9,Safe
INV-005759,2023-04-18,PRD-0217,WH-07,1555,414,510,1459,0,85.8,Safe
INV-005760,2023-10-30,PRD-0442,WH-15,1809,373,515,1667,0,97.1,Safe
INV-005761,2023-11-23,PRD-0123,WH-20,848,333,299,882,0,88.5,Safe
INV-005762,2023-04-27,PRD-0344,WH-19,786,478,594,670,0,33.8,Safe
INV-005763,2024-06-20,PRD-0103,WH-06,538,279,537,280,0,15.6,Safe
INV-005764,2023-05-15,PRD-0202,WH-02,518,322,112,728,0,195.0,Safe
INV-005765,2024-03-05,PRD-0346,WH-19,1790,0,349,1441,0,123.9,Safe
INV-005766,2023-11-10,PRD-0307,WH-08,1026,150,6,1170,0,999.0,Safe
INV-005767,2023-05-12,PRD-0204,WH-19,940,307,580,667,0,34.5,Safe
INV-005768,2024-07-08,PRD-0042,WH-15,1818,423,171,2070,0,363.2,Safe
INV-005769,2023-08-06,PRD-0390,WH-05,1142,384,31,1495,0,999.0,Safe
INV-005770,2023-01-02,PRD-0127,WH-19,378,320,445,253,0,17.1,Safe
INV-005771,2024-05-13,PRD-0429,WH-19,1994,131,130,1995,0,460.4,Safe
INV-005772,2023-09-02,PRD-0064,WH-12,1272,496,398,1370,0,103.3,Safe
INV-005773,2023-07-22,PRD-0266,WH-03,1177,171,382,966,0,75.9,Safe
INV-005774,2023-11-25,PRD-0465,WH-15,1560,19,300,1279,0,127.9,Safe
INV-005775,2024-07-09,PRD-0218,WH-07,83,442,249,276,0,33.3,Safe
INV-005776,2023-07-30,PRD-0488,WH-13,25,225,213,37,0,5.2,Critical
INV-005777,2024-04-22,PRD-0449,WH-01,1147,2,264,885,0,100.6,Safe
INV-005778,2024-09-23,PRD-0131,WH-08,1663,360,481,1542,0,96.2,Safe
INV-005779,2024-05-25,PRD-0221,WH-11,1288,418,423,1283,0,91.0,Safe
INV-005780,2023-01-18,PRD-0140,WH-03,1795,80,203,1672,0,247.1,Safe
INV-005781,2024-01-22,PRD-0390,WH-03,1052,170,205,1017,0,148.8,Safe
INV-005782,2023-11-26,PRD-0053,WH-07,1835,496,106,2225,0,629.7,Safe
INV-005783,2023-08-28,PRD-0383,WH-05,1668,271,65,1874,0,864.9,Safe
INV-005784,2023-02-27,PRD-0007,WH-06,177,297,379,95,0,7.5,Warning
INV-005785,2023-04-13,PRD-0327,WH-18,1706,118,574,1250,0,65.3,Safe
INV-005786,2024-05-30,PRD-0341,WH-14,550,405,436,519,0,35.7,Safe
INV-005787,2024-08-12,PRD-0178,WH-09,1633,312,119,1826,0,460.3,Safe
INV-005788,2024-07-11,PRD-0068,WH-01,376,226,34,568,0,501.2,Safe
INV-005789,2023-09-19,PRD-0318,WH-03,370,447,572,245,0,12.8,Warning
INV-005790,2023-09-01,PRD-0403,WH-20,618,282,422,478,0,34.0,Safe
INV-005791,2023-01-12,PRD-0263,WH-01,905,152,591,466,0,23.7,Safe
INV-005792,2024-07-28,PRD-0238,WH-06,324,466,460,330,0,21.5,Safe
INV-005793,2023-04-20,PRD-0437,WH-18,1452,290,269,1473,0,164.3,Safe
INV-005794,2024-03-04,PRD-0455,WH-06,787,335,117,1005,0,257.7,Safe
INV-005795,2023-04-27,PRD-0149,WH-17,1912,278,231,1959,0,254.4,Safe
INV-005796,2023-03-22,PRD-0082,WH-13,142,119,49,212,0,129.8,Safe
INV-005797,2023-08-16,PRD-0068,WH-08,383,215,408,190,0,14.0,Warning
INV-005798,2023-08-08,PRD-0481,WH-04,496,11,499,8,0,0.5,Critical
INV-005799,2024-07-24,PRD-0386,WH-18,1368,12,157,1223,0,233.7,Safe
INV-005800,2024-02-20,PRD-0337,WH-07,483,22,193,312,0,48.5,Safe
INV-005801,2024-08-03,PRD-0265,WH-12,679,5,394,290,0,22.1,Safe
INV-005802,2024-04-09,PRD-0304,WH-05,969,311,10,1270,0,999.0,Safe
INV-005803,2023-07-03,PRD-0185,WH-20,34,268,126,176,0,41.9,Safe
INV-005804,2023-07-01,PRD-0059,WH-09,276,109,272,113,0,12.5,Warning
INV-005805,2024-09-28,PRD-0363,WH-11,769,302,280,791,0,84.8,Safe
INV-005806,2023-04-12,PRD-0196,WH-20,481,436,190,727,0,114.8,Safe
INV-005807,2024-04-18,PRD-0224,WH-15,1952,460,354,2058,0,174.4,Safe
INV-005808,2023-06-11,PRD-0066,WH-03,27,132,5,154,0,924.0,Safe
INV-005809,2023-09-12,PRD-0400,WH-04,413,497,205,705,0,103.2,Safe
INV-005810,2024-01-09,PRD-0074,WH-09,1576,412,224,1764,0,236.2,Safe
INV-005811,2023-03-24,PRD-0187,WH-18,1752,282,563,1471,0,78.4,Safe
INV-005812,2024-07-23,PRD-0015,WH-17,1726,77,299,1504,0,150.9,Safe
INV-005813,2023-03-11,PRD-0048,WH-05,1437,92,323,1206,0,112.0,Safe
INV-005814,2023-11-20,PRD-0128,WH-10,579,213,55,737,0,402.0,Safe
INV-005815,2023-09-07,PRD-0403,WH-17,1549,178,159,1568,0,295.8,Safe
INV-005816,2024-09-02,PRD-0228,WH-18,1840,139,575,1404,0,73.3,Safe
INV-005817,2024-02-17,PRD-0191,WH-15,1695,286,149,1832,0,368.9,Safe
INV-005818,2024-05-12,PRD-0297,WH-10,1134,428,274,1288,0,141.0,Safe
INV-005819,2023-04-25,PRD-0403,WH-04,1432,190,593,1029,0,52.1,Safe
INV-005820,2024-05-24,PRD-0159,WH-12,1693,152,581,1264,0,65.3,Safe
INV-005821,2023-05-17,PRD-0478,WH-07,1666,135,302,1499,0,148.9,Safe
INV-005822,2023-06-03,PRD-0242,WH-19,1327,240,448,1119,0,74.9,Safe
INV-005823,2024-06-25,PRD-0184,WH-08,347,60,391,16,0,1.2,Critical
INV-005824,2023-07-27,PRD-0033,WH-17,684,415,545,554,0,30.5,Safe
INV-005825,2023-04-13,PRD-0010,WH-02,458,228,517,169,0,9.8,Warning
INV-005826,2023-08-03,PRD-0496,WH-05,218,56,168,106,0,18.9,Safe
INV-005827,2023-11-15,PRD-0116,WH-11,812,486,101,1197,0,355.5,Safe
INV-005828,2024-04-29,PRD-0451,WH-11,381,384,348,417,0,35.9,Safe
INV-005829,2023-02-25,PRD-0343,WH-09,1509,393,145,1757,0,363.5,Safe
INV-005830,2023-07-21,PRD-0192,WH-01,1754,448,593,1609,0,81.4,Safe
INV-005831,2024-03-04,PRD-0131,WH-07,1262,277,558,981,0,52.7,Safe
INV-005832,2024-01-13,PRD-0388,WH-19,1376,413,267,1522,0,171.0,Safe
INV-005833,2024-06-22,PRD-0386,WH-09,955,466,410,1011,0,74.0,Safe
INV-005834,2023-08-12,PRD-0342,WH-13,1186,114,569,731,0,38.5,Safe
INV-005835,2023-11-14,PRD-0368,WH-01,1154,116,26,1244,0,999.0,Safe
INV-005836,2023-02-22,PRD-0259,WH-20,902,308,204,1006,0,147.9,Safe
INV-005837,2023-04-19,PRD-0224,WH-11,817,133,160,790,0,148.1,Safe
INV-005838,2024-09-24,PRD-0195,WH-09,794,208,295,707,0,71.9,Safe
INV-005839,2023-10-27,PRD-0455,WH-13,1808,3,0,1811,0,999.0,Safe
INV-005840,2024-02-18,PRD-0446,WH-20,1392,494,164,1722,0,315.0,Safe
INV-005841,2024-02-13,PRD-0241,WH-01,786,20,301,505,0,50.3,Safe
INV-005842,2023-12-27,PRD-0225,WH-13,320,454,307,467,0,45.6,Safe
INV-005843,2023-03-26,PRD-0043,WH-02,347,406,118,635,0,161.4,Safe
INV-005844,2024-01-31,PRD-0157,WH-06,487,393,460,420,0,27.4,Safe
INV-005845,2024-02-04,PRD-0431,WH-03,291,270,539,22,0,1.2,Critical
INV-005846,2023-10-06,PRD-0300,WH-16,518,376,462,432,0,28.1,Safe
INV-005847,2023-10-13,PRD-0342,WH-14,757,262,341,678,0,59.6,Safe
INV-005848,2024-02-03,PRD-0033,WH-07,502,409,119,792,0,199.7,Safe
INV-005849,2023-01-22,PRD-0488,WH-16,1512,430,170,1772,0,312.7,Safe
INV-005850,2024-02-22,PRD-0397,WH-04,281,247,268,260,0,29.1,Safe
INV-005851,2023-10-03,PRD-0373,WH-10,642,410,242,810,0,100.4,Safe
INV-005852,2024-08-05,PRD-0379,WH-06,578,225,550,253,0,13.8,Warning
INV-005853,2023-04-27,PRD-0176,WH-08,224,197,2,419,0,999.0,Safe
INV-005854,2023-03-26,PRD-0261,WH-03,1306,476,33,1749,0,999.0,Safe
INV-005855,2024-07-29,PRD-0223,WH-11,81,82,102,61,0,17.9,Safe
INV-005856,2024-09-21,PRD-0313,WH-04,280,22,207,95,0,13.8,Warning
INV-005857,2023-03-21,PRD-0029,WH-13,101,393,181,313,0,51.9,Safe
INV-005858,2023-11-17,PRD-0053,WH-05,1232,69,194,1107,0,171.2,Safe
INV-005859,2024-01-30,PRD-0070,WH-03,138,123,248,13,0,1.6,Critical
INV-005860,2023-10-05,PRD-0397,WH-11,963,60,163,860,0,158.3,Safe
INV-005861,2023-03-11,PRD-0419,WH-02,1417,0,147,1270,0,259.2,Safe
INV-005862,2023-01-13,PRD-0113,WH-14,71,412,230,253,0,33.0,Safe
INV-005863,2023-10-08,PRD-0258,WH-18,863,383,462,784,0,50.9,Safe
INV-005864,2024-08-07,PRD-0024,WH-05,653,452,105,1000,0,285.7,Safe
INV-005865,2023-03-12,PRD-0319,WH-10,1088,273,197,1164,0,177.3,Safe
INV-005866,2023-12-24,PRD-0261,WH-10,1001,462,298,1165,0,117.3,Safe
INV-005867,2023-11-10,PRD-0124,WH-12,1550,385,411,1524,0,111.2,Safe
INV-005868,2023-02-23,PRD-0423,WH-03,1978,148,143,1983,0,416.0,Safe
INV-005869,2023-06-08,PRD-0395,WH-04,808,316,501,623,0,37.3,Safe
INV-005870,2024-09-10,PRD-0423,WH-12,307,275,480,102,0,6.4,Critical
INV-005871,2024-01-09,PRD-0267,WH-16,403,223,422,204,0,14.5,Safe
INV-005872,2024-03-28,PRD-0152,WH-08,1134,153,111,1176,0,317.8,Safe
INV-005873,2023-10-17,PRD-0265,WH-08,815,94,184,725,0,118.2,Safe
INV-005874,2024-05-11,PRD-0230,WH-06,393,188,6,575,0,999.0,Safe
INV-005875,2023-09-10,PRD-0178,WH-04,1391,375,312,1454,0,139.8,Safe
INV-005876,2024-05-15,PRD-0307,WH-05,1604,340,178,1766,0,297.6,Safe
INV-005877,2023-08-02,PRD-0416,WH-13,1824,476,141,2159,0,459.4,Safe
INV-005878,2024-03-20,PRD-0412,WH-18,223,294,153,364,0,71.4,Safe
INV-005879,2023-02-16,PRD-0375,WH-16,1531,236,422,1345,0,95.6,Safe
INV-005880,2023-02-25,PRD-0307,WH-07,186,97,33,250,0,227.3,Safe
INV-005881,2023-11-29,PRD-0002,WH-17,100,473,470,103,0,6.6,Critical
INV-005882,2023-08-19,PRD-0174,WH-01,1370,397,512,1255,0,73.5,Safe
INV-005883,2023-02-04,PRD-0229,WH-01,1660,211,241,1630,0,202.9,Safe
INV-005884,2024-07-28,PRD-0386,WH-06,1684,207,421,1470,0,104.8,Safe
INV-005885,2023-08-13,PRD-0472,WH-13,211,329,257,283,0,33.0,Safe
INV-005886,2024-06-06,PRD-0322,WH-01,82,338,104,316,0,91.2,Safe
INV-005887,2024-03-01,PRD-0456,WH-07,1303,412,48,1667,0,999.0,Safe
INV-005888,2023-03-30,PRD-0083,WH-05,824,267,329,762,0,69.5,Safe
INV-005889,2023-07-26,PRD-0377,WH-08,1295,21,600,716,0,35.8,Safe
INV-005890,2024-02-02,PRD-0214,WH-20,266,97,284,79,0,8.3,Warning
INV-005891,2024-05-18,PRD-0418,WH-07,1695,95,133,1657,0,373.8,Safe
INV-005892,2024-02-15,PRD-0036,WH-03,1564,395,510,1449,0,85.2,Safe
INV-005893,2023-06-17,PRD-0040,WH-07,542,249,64,727,0,340.8,Safe
INV-005894,2023-09-03,PRD-0109,WH-19,581,160,163,578,0,106.4,Safe
INV-005895,2024-03-23,PRD-0452,WH-20,391,495,119,767,0,193.4,Safe
INV-005896,2023-07-09,PRD-0052,WH-11,348,397,188,557,0,88.9,Safe
INV-005897,2023-10-18,PRD-0482,WH-20,1409,106,346,1169,0,101.4,Safe
INV-005898,2023-07-12,PRD-0059,WH-02,449,393,310,532,0,51.5,Safe
INV-005899,2024-02-19,PRD-0386,WH-17,933,181,351,763,0,65.2,Safe
INV-005900,2023-09-28,PRD-0486,WH-20,1777,320,171,1926,0,337.9,Safe
INV-005901,2023-06-24,PRD-0055,WH-18,1056,374,294,1136,0,115.9,Safe
INV-005902,2024-02-08,PRD-0478,WH-14,223,41,217,47,0,6.5,Critical
INV-005903,2023-11-05,PRD-0484,WH-04,1301,89,542,848,0,46.9,Safe
INV-005904,2023-08-23,PRD-0144,WH-03,1705,366,533,1538,0,86.6,Safe
INV-005905,2023-02-15,PRD-0143,WH-20,444,16,211,249,0,35.4,Safe
INV-005906,2024-08-12,PRD-0417,WH-09,484,113,229,368,0,48.2,Safe
INV-005907,2024-02-02,PRD-0242,WH-17,242,20,74,188,0,76.2,Safe
INV-005908,2024-05-14,PRD-0283,WH-19,423,240,269,394,0,43.9,Safe
INV-005909,2023-12-03,PRD-0366,WH-14,1581,386,460,1507,0,98.3,Safe
INV-005910,2024-05-09,PRD-0057,WH-02,619,307,589,337,0,17.2,Safe
INV-005911,2023-06-26,PRD-0433,WH-01,260,365,484,141,0,8.7,Warning
INV-005912,2023-04-27,PRD-0031,WH-09,205,265,41,429,0,313.9,Safe
INV-005913,2024-08-13,PRD-0019,WH-20,1369,187,344,1212,0,105.7,Safe
INV-005914,2023-09-06,PRD-0441,WH-07,1428,289,439,1278,0,87.3,Safe
INV-005915,2023-01-25,PRD-0338,WH-19,5,281,260,26,0,3.0,Critical
INV-005916,2023-06-05,PRD-0414,WH-14,1336,353,294,1395,0,142.3,Safe
INV-005917,2024-03-16,PRD-0358,WH-14,750,283,162,871,0,161.3,Safe
INV-005918,2024-05-02,PRD-0364,WH-01,1041,6,174,873,0,150.5,Safe
INV-005919,2023-06-09,PRD-0417,WH-07,1143,101,204,1040,0,152.9,Safe
INV-005920,2024-08-24,PRD-0142,WH-20,1359,167,185,1341,0,217.5,Safe
INV-005921,2024-07-14,PRD-0475,WH-08,1878,188,117,1949,0,499.7,Safe
INV-005922,2024-01-26,PRD-0353,WH-01,361,178,112,427,0,114.4,Safe
INV-005923,2024-07-23,PRD-0036,WH-17,919,83,226,776,0,103.0,Safe
INV-005924,2023-08-20,PRD-0227,WH-02,910,133,367,676,0,55.3,Safe
INV-005925,2023-09-14,PRD-0441,WH-12,1653,198,210,1641,0,234.4,Safe
INV-005926,2024-06-15,PRD-0349,WH-17,282,423,414,291,0,21.1,Safe
INV-005927,2024-02-25,PRD-0124,WH-02,1797,408,398,1807,0,136.2,Safe
INV-005928,2024-08-05,PRD-0316,WH-11,116,239,17,338,0,596.5,Safe
INV-005929,2024-08-16,PRD-0157,WH-13,251,130,202,179,0,26.6,Safe
INV-005930,2023-12-06,PRD-0049,WH-18,1202,170,264,1108,0,125.9,Safe
INV-005931,2023-06-09,PRD-0088,WH-15,760,318,341,737,0,64.8,Safe
INV-005932,2023-11-21,PRD-0376,WH-14,504,286,200,590,0,88.5,Safe
INV-005933,2024-05-15,PRD-0252,WH-20,1695,444,512,1627,0,95.3,Safe
INV-005934,2024-03-08,PRD-0034,WH-09,1963,397,0,2360,0,999.0,Safe
INV-005935,2024-02-12,PRD-0037,WH-15,506,360,30,836,0,836.0,Safe
INV-005936,2023-12-21,PRD-0179,WH-06,1040,194,199,1035,0,156.0,Safe
INV-005937,2024-03-31,PRD-0013,WH-11,702,396,214,884,0,123.9,Safe
INV-005938,2023-09-22,PRD-0315,WH-15,1586,202,528,1260,0,71.6,Safe
INV-005939,2024-02-23,PRD-0319,WH-19,1583,44,432,1195,0,83.0,Safe
INV-005940,2024-09-17,PRD-0214,WH-06,1890,189,120,1959,0,489.8,Safe
INV-005941,2023-10-20,PRD-0500,WH-01,40,497,169,368,0,65.3,Safe
INV-005942,2024-06-05,PRD-0204,WH-12,1005,242,370,877,0,71.1,Safe
INV-005943,2023-01-25,PRD-0163,WH-10,1182,287,379,1090,0,86.3,Safe
INV-005944,2023-07-19,PRD-0473,WH-07,1537,53,258,1332,0,154.9,Safe
INV-005945,2023-01-29,PRD-0468,WH-20,1419,36,290,1165,0,120.5,Safe
INV-005946,2024-02-01,PRD-0058,WH-13,870,11,87,794,0,273.8,Safe
INV-005947,2023-05-27,PRD-0498,WH-10,507,370,464,413,0,26.7,Safe
INV-005948,2024-03-14,PRD-0363,WH-16,502,244,368,378,0,30.8,Safe
INV-005949,2023-12-17,PRD-0101,WH-08,1636,330,512,1454,0,85.2,Safe
INV-005950,2024-08-21,PRD-0208,WH-14,341,247,74,514,0,208.4,Safe
INV-005951,2024-08-11,PRD-0390,WH-05,1299,209,560,948,0,50.8,Safe
INV-005952,2024-03-28,PRD-0183,WH-06,229,253,433,49,0,3.4,Critical
INV-005953,2023-11-26,PRD-0451,WH-09,196,407,245,358,0,43.8,Safe
INV-005954,2023-07-09,PRD-0090,WH-16,502,153,276,379,0,41.2,Safe
INV-005955,2024-05-01,PRD-0058,WH-18,1765,32,238,1559,0,196.5,Safe
INV-005956,2024-09-26,PRD-0487,WH-09,92,120,131,81,0,18.5,Safe
INV-005957,2024-02-16,PRD-0260,WH-01,1109,11,595,525,0,26.5,Safe
INV-005958,2024-01-01,PRD-0284,WH-18,549,332,132,749,0,170.2,Safe
INV-005959,2023-02-28,PRD-0317,WH-16,422,88,213,297,0,41.8,Safe
INV-005960,2024-03-17,PRD-0040,WH-02,548,253,563,238,0,12.7,Warning
INV-005961,2023-05-23,PRD-0070,WH-02,1063,447,457,1053,0,69.1,Safe
INV-005962,2024-07-08,PRD-0175,WH-17,36,335,141,230,0,48.9,Safe
INV-005963,2023-06-23,PRD-0322,WH-19,819,206,395,630,0,47.8,Safe
INV-005964,2023-04-18,PRD-0274,WH-07,1689,500,474,1715,0,108.5,Safe
INV-005965,2023-08-29,PRD-0180,WH-18,369,489,253,605,0,71.7,Safe
INV-005966,2023-05-12,PRD-0076,WH-16,974,59,376,657,0,52.4,Safe
INV-005967,2023-03-24,PRD-0248,WH-18,1593,319,116,1796,0,464.5,Safe
INV-005968,2023-08-10,PRD-0295,WH-16,1901,363,190,2074,0,327.5,Safe
INV-005969,2023-05-31,PRD-0432,WH-11,628,339,285,682,0,71.8,Safe
INV-005970,2024-09-03,PRD-0171,WH-08,1963,302,119,2146,0,541.0,Safe
INV-005971,2023-03-11,PRD-0367,WH-17,598,308,150,756,0,151.2,Safe
INV-005972,2024-02-23,PRD-0020,WH-10,168,145,227,86,0,11.4,Warning
INV-005973,2023-10-29,PRD-0500,WH-19,430,70,425,75,0,5.3,Critical
INV-005974,2023-01-03,PRD-0147,WH-20,796,133,96,833,0,260.3,Safe
INV-005975,2024-09-05,PRD-0440,WH-20,1985,233,402,1816,0,135.5,Safe
INV-005976,2024-01-16,PRD-0368,WH-03,1278,85,181,1182,0,195.9,Safe
INV-005977,2023-06-23,PRD-0250,WH-02,1909,192,138,1963,0,426.7,Safe
INV-005978,2023-11-22,PRD-0489,WH-02,962,391,172,1181,0,206.0,Safe
INV-005979,2024-06-04,PRD-0169,WH-18,1829,304,542,1591,0,88.1,Safe
INV-005980,2024-03-14,PRD-0096,WH-20,291,387,396,282,0,21.4,Safe
INV-005981,2024-03-10,PRD-0174,WH-04,56,355,338,73,0,6.5,Critical
INV-005982,2023-08-17,PRD-0106,WH-07,1156,176,359,973,0,81.3,Safe
INV-005983,2023-08-11,PRD-0242,WH-08,1001,437,116,1322,0,341.9,Safe
INV-005984,2024-07-25,PRD-0211,WH-03,892,464,150,1206,0,241.2,Safe
INV-005985,2023-01-20,PRD-0006,WH-06,818,313,488,643,0,39.5,Safe
INV-005986,2023-04-08,PRD-0368,WH-13,1645,73,94,1624,0,518.3,Safe
INV-005987,2023-04-30,PRD-0331,WH-13,733,161,389,505,0,38.9,Safe
INV-005988,2024-09-13,PRD-0445,WH-07,1563,166,473,1256,0,79.7,Safe
INV-005989,2024-03-17,PRD-0103,WH-15,1960,81,586,1455,0,74.5,Safe
INV-005990,2023-01-04,PRD-0191,WH-07,33,453,486,0,1,0.0,Critical
INV-005991,2023-07-31,PRD-0161,WH-19,183,497,256,424,0,49.7,Safe
INV-005992,2023-02-17,PRD-0208,WH-02,744,119,110,753,0,205.4,Safe
INV-005993,2024-05-29,PRD-0111,WH-19,576,466,227,815,0,107.7,Safe
INV-005994,2023-11-23,PRD-0172,WH-06,1703,390,11,2082,0,999.0,Safe
INV-005995,2024-08-02,PRD-0488,WH-14,336,394,348,382,0,32.9,Safe
INV-005996,2023-07-28,PRD-0108,WH-11,1207,39,283,963,0,102.1,Safe
INV-005997,2024-05-08,PRD-0427,WH-09,73,374,212,235,0,33.3,Safe
INV-005998,2024-08-13,PRD-0093,WH-13,1325,496,300,1521,0,152.1,Safe
INV-005999,2023-10-31,PRD-0402,WH-14,1629,496,282,1843,0,196.1,Safe
INV-006000,2023-06-05,PRD-0362,WH-09,50,229,26,253,0,291.9,Safe
INV-006001,2024-08-22,PRD-0150,WH-08,1189,436,444,1181,0,79.8,Safe
INV-006002,2023-03-05,PRD-0035,WH-18,1030,1,270,761,0,84.6,Safe
INV-006003,2023-05-17,PRD-0365,WH-06,1987,270,266,1991,0,224.5,Safe
INV-006004,2024-02-04,PRD-0261,WH-11,968,465,195,1238,0,190.5,Safe
INV-006005,2023-03-04,PRD-0265,WH-20,149,381,276,254,0,27.6,Safe
INV-006006,2024-09-29,PRD-0203,WH-19,524,121,294,351,0,35.8,Safe
INV-006007,2023-05-31,PRD-0310,WH-19,662,97,115,644,0,168.0,Safe
INV-006008,2023-06-27,PRD-0376,WH-13,423,358,493,288,0,17.5,Safe
INV-006009,2023-01-27,PRD-0311,WH-08,1108,484,168,1424,0,254.3,Safe
INV-006010,2023-07-14,PRD-0242,WH-20,4,477,445,36,0,2.4,Critical
INV-006011,2023-06-05,PRD-0397,WH-20,1468,362,394,1436,0,109.3,Safe
INV-006012,2023-04-22,PRD-0245,WH-10,1001,110,590,521,0,26.5,Safe
INV-006013,2024-03-20,PRD-0433,WH-04,1657,245,466,1436,0,92.4,Safe
INV-006014,2023-10-31,PRD-0038,WH-19,689,144,586,247,0,12.6,Warning
INV-006015,2023-03-08,PRD-0053,WH-15,201,362,203,360,0,53.2,Safe
INV-006016,2024-01-02,PRD-0279,WH-13,1857,134,525,1466,0,83.8,Safe
INV-006017,2024-08-20,PRD-0353,WH-09,1809,243,58,1994,0,999.0,Safe
INV-006018,2023-02-16,PRD-0253,WH-19,1526,155,174,1507,0,259.8,Safe
INV-006019,2023-01-06,PRD-0333,WH-05,874,209,497,586,0,35.4,Safe
INV-006020,2023-01-15,PRD-0407,WH-11,640,437,583,494,0,25.4,Safe
INV-006021,2024-09-03,PRD-0471,WH-04,1394,292,552,1134,0,61.6,Safe
INV-006022,2023-10-01,PRD-0375,WH-16,1949,408,105,2252,0,643.4,Safe
INV-006023,2023-10-28,PRD-0491,WH-15,473,85,315,243,0,23.1,Safe
INV-006024,2023-05-18,PRD-0080,WH-04,1003,147,123,1027,0,250.5,Safe
INV-006025,2024-08-20,PRD-0351,WH-09,1890,316,516,1690,0,98.3,Safe
INV-006026,2024-06-19,PRD-0169,WH-18,934,446,509,871,0,51.3,Safe
INV-006027,2023-07-02,PRD-0461,WH-11,509,12,453,68,0,4.5,Critical
INV-006028,2023-06-22,PRD-0469,WH-03,1220,358,273,1305,0,143.4,Safe
INV-006029,2023-01-03,PRD-0389,WH-05,412,291,21,682,0,974.3,Safe
INV-006030,2024-01-22,PRD-0066,WH-06,321,170,144,347,0,72.3,Safe
INV-006031,2023-06-21,PRD-0385,WH-15,280,209,396,93,0,7.0,Warning
INV-006032,2023-12-16,PRD-0343,WH-12,637,156,199,594,0,89.5,Safe
INV-006033,2023-10-09,PRD-0261,WH-11,262,297,187,372,0,59.7,Safe
INV-006034,2023-05-17,PRD-0250,WH-12,1282,139,94,1327,0,423.5,Safe
INV-006035,2023-12-20,PRD-0376,WH-01,551,312,240,623,0,77.9,Safe
INV-006036,2023-07-25,PRD-0068,WH-16,369,214,212,371,0,52.5,Safe
INV-006037,2023-09-26,PRD-0115,WH-16,881,71,396,556,0,42.1,Safe
INV-006038,2024-05-13,PRD-0433,WH-07,1297,85,152,1230,0,242.8,Safe
INV-006039,2023-01-11,PRD-0282,WH-14,1239,359,41,1557,0,999.0,Safe
INV-006040,2023-02-27,PRD-0119,WH-04,107,435,285,257,0,27.1,Safe
INV-006041,2023-11-20,PRD-0076,WH-01,997,221,485,733,0,45.3,Safe
INV-006042,2024-03-25,PRD-0352,WH-04,1509,419,427,1501,0,105.5,Safe
INV-006043,2023-08-03,PRD-0055,WH-05,765,177,536,406,0,22.7,Safe
INV-006044,2024-01-31,PRD-0093,WH-05,1937,141,61,2017,0,992.0,Safe
INV-006045,2024-04-10,PRD-0254,WH-09,1712,386,307,1791,0,175.0,Safe
INV-006046,2023-09-20,PRD-0497,WH-09,1424,392,111,1705,0,460.8,Safe
INV-006047,2023-09-08,PRD-0039,WH-10,735,276,54,957,0,531.7,Safe
INV-006048,2024-03-12,PRD-0332,WH-15,1406,25,555,876,0,47.4,Safe
INV-006049,2023-03-08,PRD-0435,WH-05,1055,75,133,997,0,224.9,Safe
INV-006050,2024-06-23,PRD-0241,WH-07,1279,397,535,1141,0,64.0,Safe
INV-006051,2024-06-05,PRD-0232,WH-20,229,132,353,8,0,0.7,Critical
INV-006052,2024-08-07,PRD-0054,WH-09,209,128,58,279,0,144.3,Safe
INV-006053,2023-09-19,PRD-0207,WH-15,1381,280,288,1373,0,143.0,Safe
INV-006054,2024-01-08,PRD-0142,WH-03,172,0,3,169,0,999.0,Safe
INV-006055,2023-07-07,PRD-0135,WH-19,1925,218,256,1887,0,221.1,Safe
INV-006056,2023-09-20,PRD-0317,WH-05,130,334,253,211,0,25.0,Safe
INV-006057,2023-01-17,PRD-0413,WH-02,287,88,332,43,0,3.9,Critical
INV-006058,2024-01-03,PRD-0235,WH-08,1773,23,234,1562,0,200.3,Safe
INV-006059,2024-01-02,PRD-0487,WH-18,972,175,93,1054,0,340.0,Safe
INV-006060,2024-09-22,PRD-0148,WH-07,1556,299,370,1485,0,120.4,Safe
INV-006061,2023-04-13,PRD-0410,WH-04,861,399,4,1256,0,999.0,Safe
INV-006062,2024-04-02,PRD-0224,WH-16,716,113,71,758,0,320.3,Safe
INV-006063,2023-03-06,PRD-0086,WH-02,1633,289,578,1344,0,69.8,Safe
INV-006064,2024-01-28,PRD-0486,WH-01,113,397,213,297,0,41.8,Safe
INV-006065,2023-06-12,PRD-0453,WH-04,1414,215,82,1547,0,566.0,Safe
INV-006066,2024-02-20,PRD-0227,WH-04,1351,33,397,987,0,74.6,Safe
INV-006067,2024-09-18,PRD-0131,WH-05,1688,85,252,1521,0,181.1,Safe
INV-006068,2023-02-24,PRD-0201,WH-16,1619,245,360,1504,0,125.3,Safe
INV-006069,2024-02-29,PRD-0063,WH-16,464,491,564,391,0,20.8,Safe
INV-006070,2023-01-15,PRD-0035,WH-05,1247,400,192,1455,0,227.3,Safe
INV-006071,2024-05-11,PRD-0323,WH-18,1396,15,597,814,0,40.9,Safe
INV-006072,2023-03-01,PRD-0055,WH-14,312,462,152,622,0,122.8,Safe
INV-006073,2023-11-04,PRD-0119,WH-20,664,91,550,205,0,11.2,Warning
INV-006074,2024-01-21,PRD-0376,WH-20,1249,161,422,988,0,70.2,Safe
INV-006075,2023-11-12,PRD-0495,WH-04,879,233,414,698,0,50.6,Safe
INV-006076,2023-06-21,PRD-0429,WH-11,1341,294,484,1151,0,71.3,Safe
INV-006077,2023-01-23,PRD-0345,WH-20,645,89,379,355,0,28.1,Safe
INV-006078,2024-02-21,PRD-0168,WH-18,1111,254,168,1197,0,213.8,Safe
INV-006079,2023-04-10,PRD-0158,WH-03,1239,35,428,846,0,59.3,Safe
INV-006080,2024-01-17,PRD-0424,WH-02,1194,234,92,1336,0,435.7,Safe
INV-006081,2024-07-14,PRD-0283,WH-02,500,308,330,478,0,43.5,Safe
INV-006082,2023-12-25,PRD-0073,WH-15,588,78,446,220,0,14.8,Safe
INV-006083,2024-09-19,PRD-0290,WH-08,3,478,136,345,0,76.1,Safe
INV-006084,2023-02-20,PRD-0111,WH-12,684,104,92,696,0,227.0,Safe
INV-006085,2023-06-24,PRD-0470,WH-20,1844,8,558,1294,0,69.6,Safe
INV-006086,2023-01-02,PRD-0491,WH-10,625,31,567,89,0,4.7,Critical
INV-006087,2024-08-22,PRD-0147,WH-10,1970,222,529,1663,0,94.3,Safe
INV-006088,2023-04-26,PRD-0239,WH-11,282,312,251,343,0,41.0,Safe
INV-006089,2024-03-06,PRD-0010,WH-17,441,427,178,690,0,116.3,Safe
INV-006090,2024-08-31,PRD-0464,WH-03,1186,83,538,731,0,40.8,Safe
INV-006091,2023-09-25,PRD-0118,WH-16,973,110,385,698,0,54.4,Safe
INV-006092,2023-08-29,PRD-0004,WH-01,596,498,548,546,0,29.9,Safe
INV-006093,2023-08-15,PRD-0174,WH-20,1424,169,198,1395,0,211.4,Safe
INV-006094,2023-11-16,PRD-0401,WH-09,1989,181,191,1979,0,310.8,Safe
INV-006095,2023-03-08,PRD-0303,WH-09,632,335,108,859,0,238.6,Safe
INV-006096,2023-12-21,PRD-0360,WH-15,829,30,544,315,0,17.4,Safe
INV-006097,2023-01-25,PRD-0015,WH-06,642,247,168,721,0,128.8,Safe
INV-006098,2023-09-17,PRD-0413,WH-07,1602,420,320,1702,0,159.6,Safe
INV-006099,2024-06-03,PRD-0476,WH-13,505,209,572,142,0,7.4,Warning
INV-006100,2023-08-07,PRD-0275,WH-06,304,321,364,261,0,21.5,Safe
INV-006101,2024-07-08,PRD-0265,WH-15,1061,307,82,1286,0,470.5,Safe
INV-006102,2024-04-30,PRD-0399,WH-19,1090,278,70,1298,0,556.3,Safe
INV-006103,2024-01-13,PRD-0312,WH-01,1798,235,115,1918,0,500.3,Safe
INV-006104,2023-03-14,PRD-0017,WH-15,772,267,172,867,0,151.2,Safe
INV-006105,2023-09-15,PRD-0386,WH-06,1581,429,19,1991,0,999.0,Safe
INV-006106,2023-09-28,PRD-0067,WH-15,1939,75,263,1751,0,199.7,Safe
INV-006107,2024-07-16,PRD-0181,WH-17,726,386,456,656,0,43.2,Safe
INV-006108,2024-04-09,PRD-0032,WH-05,201,38,12,227,0,567.5,Safe
INV-006109,2024-05-31,PRD-0448,WH-09,1779,277,545,1511,0,83.2,Safe
INV-006110,2024-05-14,PRD-0235,WH-02,100,393,174,319,0,55.0,Safe
INV-006111,2024-02-17,PRD-0433,WH-14,106,479,389,196,0,15.1,Safe
INV-006112,2024-01-01,PRD-0431,WH-18,846,116,161,801,0,149.3,Safe
INV-006113,2023-05-21,PRD-0111,WH-13,506,137,597,46,0,2.3,Critical
INV-006114,2023-06-15,PRD-0368,WH-15,1424,209,455,1178,0,77.7,Safe
INV-006115,2024-08-26,PRD-0314,WH-03,195,56,147,104,0,21.2,Safe
INV-006116,2024-02-03,PRD-0302,WH-12,799,97,14,882,0,999.0,Safe
INV-006117,2023-11-02,PRD-0178,WH-01,1285,387,61,1611,0,792.3,Safe
INV-006118,2023-02-24,PRD-0231,WH-15,609,340,32,917,0,859.7,Safe
INV-006119,2023-05-02,PRD-0088,WH-19,1640,247,121,1766,0,437.9,Safe
INV-006120,2023-09-10,PRD-0438,WH-07,309,49,198,160,0,24.2,Safe
INV-006121,2023-01-02,PRD-0083,WH-04,1340,17,573,784,0,41.0,Safe
INV-006122,2023-12-22,PRD-0242,WH-01,810,188,562,436,0,23.3,Safe
INV-006123,2024-04-17,PRD-0288,WH-10,936,161,510,587,0,34.5,Safe
INV-006124,2023-10-28,PRD-0059,WH-05,767,56,410,413,0,30.2,Safe
INV-006125,2024-06-08,PRD-0272,WH-19,1611,472,23,2060,0,999.0,Safe
INV-006126,2023-08-07,PRD-0334,WH-16,198,365,404,159,0,11.8,Warning
INV-006127,2024-06-29,PRD-0142,WH-14,311,131,160,282,0,52.9,Safe
INV-006128,2024-02-01,PRD-0432,WH-04,716,156,288,584,0,60.8,Safe
INV-006129,2024-08-05,PRD-0398,WH-12,90,443,279,254,0,27.3,Safe
INV-006130,2023-07-27,PRD-0355,WH-03,869,125,460,534,0,34.8,Safe
INV-006131,2023-05-22,PRD-0333,WH-01,1477,259,342,1394,0,122.3,Safe
INV-006132,2023-08-24,PRD-0376,WH-03,813,143,535,421,0,23.6,Safe
INV-006133,2024-08-05,PRD-0277,WH-19,216,284,406,94,0,6.9,Critical
INV-006134,2023-05-11,PRD-0167,WH-17,1651,269,431,1489,0,103.6,Safe
INV-006135,2024-09-08,PRD-0385,WH-19,746,496,350,892,0,76.5,Safe
INV-006136,2024-03-02,PRD-0285,WH-03,700,149,538,311,0,17.3,Safe
INV-006137,2023-07-06,PRD-0242,WH-18,477,341,297,521,0,52.6,Safe
INV-006138,2024-06-14,PRD-0158,WH-02,1881,307,324,1864,0,172.6,Safe
INV-006139,2024-04-14,PRD-0003,WH-10,579,331,416,494,0,35.6,Safe
INV-006140,2023-11-07,PRD-0168,WH-07,648,205,221,632,0,85.8,Safe
INV-006141,2023-03-21,PRD-0277,WH-06,1935,463,266,2132,0,240.5,Safe
INV-006142,2024-09-01,PRD-0104,WH-20,528,92,382,238,0,18.7,Safe
INV-006143,2023-12-20,PRD-0376,WH-02,1516,315,229,1602,0,209.9,Safe
INV-006144,2024-01-18,PRD-0284,WH-19,1688,247,564,1371,0,72.9,Safe
INV-006145,2024-04-12,PRD-0238,WH-04,1673,287,231,1729,0,224.5,Safe
INV-006146,2023-05-18,PRD-0465,WH-07,1737,14,278,1473,0,159.0,Safe
INV-006147,2023-09-30,PRD-0449,WH-02,1818,221,176,1863,0,317.6,Safe
INV-006148,2023-02-02,PRD-0254,WH-12,850,377,539,688,0,38.3,Safe
INV-006149,2024-09-21,PRD-0287,WH-03,1993,470,299,2164,0,217.1,Safe
INV-006150,2023-06-18,PRD-0009,WH-15,91,3,51,43,0,25.3,Safe
INV-006151,2024-01-22,PRD-0259,WH-07,373,119,164,328,0,60.0,Safe
INV-006152,2024-07-05,PRD-0210,WH-04,835,160,179,816,0,136.8,Safe
INV-006153,2023-07-26,PRD-0203,WH-03,756,104,230,630,0,82.2,Safe
INV-006154,2023-06-16,PRD-0296,WH-16,872,234,408,698,0,51.3,Safe
INV-006155,2023-04-05,PRD-0327,WH-20,1262,361,59,1564,0,795.3,Safe
INV-006156,2023-09-18,PRD-0187,WH-18,485,285,481,289,0,18.0,Safe
INV-006157,2023-05-08,PRD-0487,WH-04,1618,225,340,1503,0,132.6,Safe
INV-006158,2023-11-29,PRD-0312,WH-11,1930,149,530,1549,0,87.7,Safe
INV-006159,2024-06-22,PRD-0097,WH-15,1484,403,371,1516,0,122.6,Safe
INV-006160,2024-07-27,PRD-0289,WH-17,1504,147,535,1116,0,62.6,Safe
INV-006161,2023-10-18,PRD-0231,WH-13,373,184,220,337,0,46.0,Safe
INV-006162,2024-03-31,PRD-0400,WH-03,1274,365,239,1400,0,175.7,Safe
INV-006163,2023-01-29,PRD-0135,WH-20,1138,78,523,693,0,39.8,Safe
INV-006164,2023-06-01,PRD-0483,WH-17,948,74,241,781,0,97.2,Safe
INV-006165,2023-07-25,PRD-0096,WH-18,10,340,317,33,0,3.1,Critical
INV-006166,2023-02-02,PRD-0310,WH-16,1180,375,165,1390,0,252.7,Safe
INV-006167,2023-11-30,PRD-0170,WH-17,630,89,10,709,0,999.0,Safe
INV-006168,2023-03-04,PRD-0126,WH-16,490,455,345,600,0,52.2,Safe
INV-006169,2024-06-16,PRD-0043,WH-11,1172,441,320,1293,0,121.2,Safe
INV-006170,2023-02-22,PRD-0258,WH-08,1473,189,373,1289,0,103.7,Safe
INV-006171,2024-09-06,PRD-0468,WH-18,1647,464,551,1560,0,84.9,Safe
INV-006172,2023-03-18,PRD-0445,WH-03,1755,284,536,1503,0,84.1,Safe
INV-006173,2024-04-30,PRD-0069,WH-02,240,366,382,224,0,17.6,Safe
INV-006174,2023-08-11,PRD-0092,WH-14,1325,207,324,1208,0,111.9,Safe
INV-006175,2023-09-30,PRD-0246,WH-01,1169,124,475,818,0,51.7,Safe
INV-006176,2024-01-13,PRD-0423,WH-03,2,195,181,16,0,2.7,Critical
INV-006177,2024-09-09,PRD-0118,WH-06,1792,106,276,1622,0,176.3,Safe
INV-006178,2024-09-26,PRD-0466,WH-20,484,474,566,392,0,20.8,Safe
INV-006179,2023-02-02,PRD-0066,WH-10,1559,160,233,1486,0,191.3,Safe
INV-006180,2023-08-29,PRD-0051,WH-19,451,316,67,700,0,313.4,Safe
INV-006181,2023-08-02,PRD-0196,WH-16,574,224,465,333,0,21.5,Safe
INV-006182,2023-04-02,PRD-0003,WH-06,1594,37,509,1122,0,66.1,Safe
INV-006183,2023-11-21,PRD-0122,WH-18,75,185,236,24,0,3.1,Critical
INV-006184,2024-05-08,PRD-0392,WH-13,1541,266,563,1244,0,66.3,Safe
INV-006185,2024-07-11,PRD-0028,WH-14,496,126,126,496,0,118.1,Safe
INV-006186,2023-04-14,PRD-0315,WH-05,1855,426,332,1949,0,176.1,Safe
INV-006187,2024-02-02,PRD-0035,WH-03,705,101,418,388,0,27.8,Safe
INV-006188,2023-10-10,PRD-0393,WH-12,248,251,177,322,0,54.6,Safe
INV-006189,2023-03-10,PRD-0003,WH-11,466,175,397,244,0,18.4,Safe
INV-006190,2024-03-29,PRD-0114,WH-02,1305,106,118,1293,0,328.7,Safe
INV-006191,2024-04-07,PRD-0202,WH-19,1847,170,1,2016,0,999.0,Safe
INV-006192,2024-06-30,PRD-0282,WH-11,612,482,12,1082,0,999.0,Safe
INV-006193,2023-07-30,PRD-0122,WH-11,1885,27,52,1860,0,999.0,Safe
INV-006194,2023-07-19,PRD-0372,WH-16,319,97,262,154,0,17.6,Safe
INV-006195,2023-01-10,PRD-0382,WH-16,1635,201,460,1376,0,89.7,Safe
INV-006196,2023-01-12,PRD-0251,WH-13,817,340,355,802,0,67.8,Safe
INV-006197,2023-10-19,PRD-0257,WH-20,525,362,442,445,0,30.2,Safe
INV-006198,2023-06-15,PRD-0004,WH-19,933,466,448,951,0,63.7,Safe
INV-006199,2024-02-09,PRD-0116,WH-13,1858,347,512,1693,0,99.2,Safe
INV-006200,2023-03-04,PRD-0274,WH-02,388,286,335,339,0,30.4,Safe
INV-006201,2023-06-19,PRD-0309,WH-03,1194,26,145,1075,0,222.4,Safe
INV-006202,2023-03-20,PRD-0153,WH-05,1047,219,382,884,0,69.4,Safe
INV-006203,2023-08-13,PRD-0380,WH-02,456,60,416,100,0,7.2,Warning
INV-006204,2023-07-30,PRD-0417,WH-11,91,223,163,151,0,27.8,Safe
INV-006205,2024-09-03,PRD-0362,WH-07,88,464,534,18,0,1.0,Critical
INV-006206,2024-04-19,PRD-0257,WH-15,1186,186,394,978,0,74.5,Safe
INV-006207,2023-05-20,PRD-0490,WH-15,535,275,101,709,0,210.6,Safe
INV-006208,2023-04-06,PRD-0303,WH-07,1317,349,171,1495,0,262.3,Safe
INV-006209,2024-09-30,PRD-0435,WH-11,1328,457,255,1530,0,180.0,Safe
INV-006210,2024-08-20,PRD-0189,WH-10,1165,403,492,1076,0,65.6,Safe
INV-006211,2023-09-01,PRD-0354,WH-13,1413,259,517,1155,0,67.0,Safe
INV-006212,2023-12-05,PRD-0186,WH-01,404,37,139,302,0,65.2,Safe
INV-006213,2023-08-12,PRD-0264,WH-06,1126,54,325,855,0,78.9,Safe
INV-006214,2024-04-01,PRD-0440,WH-15,803,59,277,585,0,63.4,Safe
INV-006215,2023-03-07,PRD-0402,WH-03,1813,412,322,1903,0,177.3,Safe
INV-006216,2023-06-04,PRD-0045,WH-12,1180,209,215,1174,0,163.8,Safe
INV-006217,2023-02-11,PRD-0354,WH-07,1686,334,162,1858,0,344.1,Safe
INV-006218,2023-03-30,PRD-0391,WH-20,1818,380,150,2048,0,409.6,Safe
INV-006219,2023-11-11,PRD-0033,WH-11,1203,243,329,1117,0,101.9,Safe
INV-006220,2024-06-19,PRD-0015,WH-15,614,277,255,636,0,74.8,Safe
INV-006221,2023-04-24,PRD-0087,WH-13,1631,259,84,1806,0,645.0,Safe
INV-006222,2023-06-30,PRD-0420,WH-14,190,138,121,207,0,51.3,Safe
INV-006223,2023-03-18,PRD-0170,WH-09,1651,242,354,1539,0,130.4,Safe
INV-006224,2023-11-23,PRD-0237,WH-01,576,175,18,733,0,999.0,Safe
INV-006225,2024-07-18,PRD-0267,WH-02,1686,475,334,1827,0,164.1,Safe
INV-006226,2024-07-16,PRD-0002,WH-10,1472,61,314,1219,0,116.5,Safe
INV-006227,2023-07-30,PRD-0233,WH-10,1230,34,372,892,0,71.9,Safe
INV-006228,2023-06-16,PRD-0354,WH-17,1375,312,96,1591,0,497.2,Safe
INV-006229,2024-03-05,PRD-0484,WH-01,30,164,61,133,0,65.4,Safe
INV-006230,2023-03-15,PRD-0425,WH-14,234,251,177,308,0,52.2,Safe
INV-006231,2023-11-15,PRD-0309,WH-05,345,336,372,309,0,24.9,Safe
INV-006232,2023-06-08,PRD-0312,WH-05,1285,142,399,1028,0,77.3,Safe
INV-006233,2024-02-14,PRD-0470,WH-03,164,236,358,42,0,3.5,Critical
INV-006234,2024-09-17,PRD-0194,WH-07,844,473,509,808,0,47.6,Safe
INV-006235,2023-03-08,PRD-0324,WH-20,810,395,40,1165,0,873.8,Safe
INV-006236,2024-03-30,PRD-0307,WH-09,609,484,438,655,0,44.9,Safe
INV-006237,2024-05-17,PRD-0269,WH-18,180,398,163,415,0,76.4,Safe
INV-006238,2023-10-06,PRD-0077,WH-01,857,270,423,704,0,49.9,Safe
INV-006239,2023-10-19,PRD-0079,WH-04,1653,214,388,1479,0,114.4,Safe
INV-006240,2023-03-12,PRD-0384,WH-04,693,106,49,750,0,459.2,Safe
INV-006241,2023-10-08,PRD-0141,WH-10,1073,32,165,940,0,170.9,Safe
INV-006242,2024-06-04,PRD-0234,WH-06,646,384,5,1025,0,999.0,Safe
INV-006243,2023-08-12,PRD-0207,WH-02,1514,67,25,1556,0,999.0,Safe
INV-006244,2023-11-27,PRD-0151,WH-09,1445,211,421,1235,0,88.0,Safe
INV-006245,2023-08-08,PRD-0491,WH-14,149,286,389,46,0,3.5,Critical
INV-006246,2023-09-30,PRD-0119,WH-16,1977,79,123,1933,0,471.5,Safe
INV-006247,2023-08-11,PRD-0302,WH-13,1626,164,55,1735,0,946.4,Safe
INV-006248,2024-02-17,PRD-0212,WH-05,1662,163,153,1672,0,327.8,Safe
INV-006249,2023-07-24,PRD-0043,WH-17,1036,476,558,954,0,51.3,Safe
INV-006250,2024-09-08,PRD-0001,WH-08,1226,257,574,909,0,47.5,Safe
INV-006251,2023-05-18,PRD-0061,WH-13,1841,454,510,1785,0,105.0,Safe
INV-006252,2024-07-01,PRD-0166,WH-09,399,18,45,372,0,248.0,Safe
INV-006253,2024-08-13,PRD-0155,WH-08,449,17,417,49,0,3.5,Critical
INV-006254,2023-10-24,PRD-0390,WH-09,1530,79,239,1370,0,172.0,Safe
INV-006255,2023-05-21,PRD-0459,WH-19,1269,497,84,1682,0,600.7,Safe
INV-006256,2023-04-20,PRD-0453,WH-19,152,112,54,210,0,116.7,Safe
INV-006257,2023-01-27,PRD-0028,WH-05,18,298,163,153,0,28.2,Safe
INV-006258,2024-07-14,PRD-0468,WH-05,1674,235,294,1615,0,164.8,Safe
INV-006259,2024-04-07,PRD-0063,WH-17,18,207,191,34,0,5.3,Critical
INV-006260,2023-01-18,PRD-0107,WH-02,912,131,147,896,0,182.9,Safe
INV-006261,2023-05-06,PRD-0054,WH-07,1450,144,47,1547,0,987.4,Safe
INV-006262,2023-03-01,PRD-0403,WH-10,305,354,456,203,0,13.4,Warning
INV-006263,2023-12-05,PRD-0265,WH-20,671,393,89,975,0,328.7,Safe
INV-006264,2024-07-31,PRD-0460,WH-12,1285,179,65,1399,0,645.7,Safe
INV-006265,2023-12-13,PRD-0261,WH-03,345,468,194,619,0,95.7,Safe
INV-006266,2023-08-18,PRD-0233,WH-15,184,347,331,200,0,18.1,Safe
INV-006267,2024-06-10,PRD-0394,WH-04,1917,292,461,1748,0,113.8,Safe
INV-006268,2023-05-07,PRD-0221,WH-17,1772,240,87,1925,0,663.8,Safe
INV-006269,2024-04-10,PRD-0496,WH-14,1794,221,290,1725,0,178.4,Safe
INV-006270,2024-04-24,PRD-0178,WH-01,740,329,153,916,0,179.6,Safe
INV-006271,2023-06-23,PRD-0352,WH-08,522,374,372,524,0,42.3,Safe
INV-006272,2023-09-24,PRD-0023,WH-10,1314,332,447,1199,0,80.5,Safe
INV-006273,2023-11-23,PRD-0063,WH-15,529,154,230,453,0,59.1,Safe
INV-006274,2024-08-13,PRD-0160,WH-16,1452,471,534,1389,0,78.0,Safe
INV-006275,2024-07-03,PRD-0210,WH-05,1762,489,36,2215,0,999.0,Safe
INV-006276,2023-04-10,PRD-0275,WH-18,648,53,389,312,0,24.1,Safe
INV-006277,2023-01-06,PRD-0030,WH-01,1342,469,124,1687,0,408.1,Safe
INV-006278,2024-09-02,PRD-0297,WH-07,1404,225,552,1077,0,58.5,Safe
INV-006279,2023-10-01,PRD-0189,WH-01,850,1,44,807,0,550.2,Safe
INV-006280,2023-05-18,PRD-0450,WH-03,322,274,116,480,0,124.1,Safe
INV-006281,2024-01-02,PRD-0111,WH-20,401,164,96,469,0,146.6,Safe
INV-006282,2024-06-30,PRD-0319,WH-05,109,159,149,119,0,24.0,Safe
INV-006283,2024-06-23,PRD-0478,WH-17,1909,271,1,2179,0,999.0,Safe
INV-006284,2023-10-29,PRD-0367,WH-02,320,159,209,270,0,38.8,Safe
INV-006285,2023-03-17,PRD-0152,WH-04,1619,384,489,1514,0,92.9,Safe
INV-006286,2024-03-17,PRD-0233,WH-11,1690,442,281,1851,0,197.6,Safe
INV-006287,2023-03-24,PRD-0326,WH-16,999,112,507,604,0,35.7,Safe
INV-006288,2024-02-03,PRD-0473,WH-15,371,286,168,489,0,87.3,Safe
INV-006289,2023-11-09,PRD-0019,WH-06,1075,487,189,1373,0,217.9,Safe
INV-006290,2023-06-16,PRD-0183,WH-12,197,154,175,176,0,30.2,Safe
INV-006291,2024-09-05,PRD-0336,WH-07,586,478,506,558,0,33.1,Safe
INV-006292,2023-03-15,PRD-0185,WH-16,656,376,440,592,0,40.4,Safe
INV-006293,2023-05-03,PRD-0427,WH-12,1101,479,556,1024,0,55.3,Safe
INV-006294,2023-04-19,PRD-0158,WH-02,1553,404,164,1793,0,328.0,Safe
INV-006295,2023-01-04,PRD-0252,WH-13,1727,190,599,1318,0,66.0,Safe
INV-006296,2023-10-14,PRD-0358,WH-03,140,283,355,68,0,5.7,Critical
INV-006297,2023-10-26,PRD-0419,WH-14,609,87,85,611,0,215.6,Safe
INV-006298,2023-05-26,PRD-0108,WH-09,636,352,18,970,0,999.0,Safe
INV-006299,2023-07-07,PRD-0309,WH-05,1773,191,510,1454,0,85.5,Safe
INV-006300,2024-09-07,PRD-0389,WH-09,1928,315,24,2219,0,999.0,Safe
INV-006301,2024-09-10,PRD-0315,WH-13,280,365,319,326,0,30.7,Safe
INV-006302,2023-09-16,PRD-0309,WH-13,29,287,241,75,0,9.3,Warning
INV-006303,2024-07-22,PRD-0448,WH-05,793,83,590,286,0,14.5,Safe
INV-006304,2024-04-21,PRD-0375,WH-18,1793,416,415,1794,0,129.7,Safe
INV-006305,2024-01-29,PRD-0153,WH-04,109,82,132,59,0,13.4,Warning
INV-006306,2023-12-06,PRD-0263,WH-14,949,1,221,729,0,99.0,Safe
INV-006307,2023-12-15,PRD-0443,WH-02,1967,407,422,1952,0,138.8,Safe
INV-006308,2023-12-23,PRD-0007,WH-13,773,459,49,1183,0,724.3,Safe
INV-006309,2024-09-17,PRD-0348,WH-06,1763,54,538,1279,0,71.3,Safe
INV-006310,2023-08-22,PRD-0368,WH-16,80,363,294,149,0,15.2,Safe
INV-006311,2023-08-17,PRD-0378,WH-09,592,185,404,373,0,27.7,Safe
INV-006312,2023-09-26,PRD-0393,WH-15,511,287,43,755,0,526.7,Safe
INV-006313,2023-06-02,PRD-0107,WH-16,368,176,479,65,0,4.1,Critical
INV-006314,2023-09-24,PRD-0454,WH-08,1674,400,211,1863,0,264.9,Safe
INV-006315,2024-01-21,PRD-0046,WH-15,152,275,285,142,0,14.9,Safe
INV-006316,2023-09-15,PRD-0106,WH-06,1905,176,445,1636,0,110.3,Safe
INV-006317,2023-10-12,PRD-0044,WH-07,1162,72,119,1115,0,281.1,Safe
INV-006318,2023-07-26,PRD-0265,WH-16,905,435,188,1152,0,183.8,Safe
INV-006319,2023-02-21,PRD-0147,WH-07,850,191,470,571,0,36.4,Safe
INV-006320,2023-03-20,PRD-0104,WH-18,1865,48,281,1632,0,174.2,Safe
INV-006321,2024-06-18,PRD-0148,WH-09,1044,424,534,934,0,52.5,Safe
INV-006322,2023-05-10,PRD-0237,WH-15,1954,385,577,1762,0,91.6,Safe
INV-006323,2023-02-17,PRD-0411,WH-03,1721,77,517,1281,0,74.3,Safe
INV-006324,2024-06-13,PRD-0169,WH-04,1224,59,491,792,0,48.4,Safe
INV-006325,2024-09-21,PRD-0269,WH-09,1936,399,466,1869,0,120.3,Safe
INV-006326,2023-12-23,PRD-0487,WH-17,1753,207,565,1395,0,74.1,Safe
INV-006327,2023-01-30,PRD-0102,WH-04,1330,186,14,1502,0,999.0,Safe
INV-006328,2024-08-18,PRD-0330,WH-05,647,116,343,420,0,36.7,Safe
INV-006329,2023-07-15,PRD-0419,WH-04,85,458,420,123,0,8.8,Warning
INV-006330,2023-03-18,PRD-0373,WH-11,1307,19,543,783,0,43.3,Safe
INV-006331,2024-08-09,PRD-0305,WH-19,1482,168,41,1609,0,999.0,Safe
INV-006332,2023-04-03,PRD-0066,WH-14,1529,154,2,1681,0,999.0,Safe
INV-006333,2024-06-11,PRD-0485,WH-05,4,251,135,120,0,26.7,Safe
INV-006334,2023-05-17,PRD-0232,WH-16,668,216,403,481,0,35.8,Safe
INV-006335,2024-08-22,PRD-0330,WH-16,860,467,446,881,0,59.3,Safe
INV-006336,2023-10-23,PRD-0167,WH-09,330,344,495,179,0,10.8,Warning
INV-006337,2024-01-09,PRD-0227,WH-19,811,202,367,646,0,52.8,Safe
INV-006338,2023-11-29,PRD-0077,WH-17,885,435,598,722,0,36.2,Safe
INV-006339,2023-05-10,PRD-0312,WH-18,1269,386,487,1168,0,72.0,Safe
INV-006340,2023-03-13,PRD-0346,WH-04,1292,192,48,1436,0,897.5,Safe
INV-006341,2024-04-14,PRD-0397,WH-16,138,172,89,221,0,74.5,Safe
INV-006342,2023-08-30,PRD-0253,WH-07,1984,301,231,2054,0,266.8,Safe
INV-006343,2023-10-18,PRD-0060,WH-08,748,116,288,576,0,60.0,Safe
INV-006344,2024-04-28,PRD-0377,WH-15,1343,437,455,1325,0,87.4,Safe
INV-006345,2024-06-28,PRD-0105,WH-19,511,57,68,500,0,220.6,Safe
INV-006346,2024-08-02,PRD-0200,WH-03,1444,191,324,1311,0,121.4,Safe
INV-006347,2024-01-22,PRD-0483,WH-17,563,90,118,535,0,136.0,Safe
INV-006348,2023-11-25,PRD-0010,WH-19,1877,125,322,1680,0,156.5,Safe
INV-006349,2024-09-22,PRD-0317,WH-15,1728,338,528,1538,0,87.4,Safe
INV-006350,2023-05-21,PRD-0438,WH-11,663,202,423,442,0,31.3,Safe
INV-006351,2023-01-30,PRD-0007,WH-05,152,252,85,319,0,112.6,Safe
INV-006352,2024-07-21,PRD-0496,WH-03,265,43,252,56,0,6.7,Critical
INV-006353,2024-09-09,PRD-0271,WH-05,1885,40,454,1471,0,97.2,Safe
INV-006354,2024-09-11,PRD-0014,WH-20,56,192,213,35,0,4.9,Critical
INV-006355,2023-07-25,PRD-0088,WH-05,543,97,516,124,0,7.2,Warning
INV-006356,2024-04-27,PRD-0324,WH-10,496,283,217,562,0,77.7,Safe
INV-006357,2023-02-21,PRD-0174,WH-18,937,98,479,556,0,34.8,Safe
INV-006358,2024-05-06,PRD-0051,WH-04,1490,149,111,1528,0,413.0,Safe
INV-006359,2023-12-10,PRD-0154,WH-13,1340,112,237,1215,0,153.8,Safe
INV-006360,2023-04-25,PRD-0140,WH-13,860,17,63,814,0,387.6,Safe
INV-006361,2023-01-08,PRD-0138,WH-20,1723,128,498,1353,0,81.5,Safe
INV-006362,2023-03-28,PRD-0372,WH-07,1964,155,253,1866,0,221.3,Safe
INV-006363,2024-08-21,PRD-0326,WH-10,330,413,592,151,0,7.7,Warning
INV-006364,2024-01-23,PRD-0381,WH-09,1392,73,544,921,0,50.8,Safe
INV-006365,2024-08-22,PRD-0072,WH-20,875,60,425,510,0,36.0,Safe
INV-006366,2024-08-05,PRD-0353,WH-08,1364,484,155,1693,0,327.7,Safe
INV-006367,2024-07-18,PRD-0305,WH-13,840,292,515,617,0,35.9,Safe
INV-006368,2024-09-02,PRD-0093,WH-18,129,331,446,14,0,0.9,Critical
INV-006369,2024-01-15,PRD-0467,WH-06,465,243,131,577,0,132.1,Safe
INV-006370,2024-06-23,PRD-0202,WH-16,213,97,223,87,0,11.7,Warning
INV-006371,2023-05-28,PRD-0431,WH-11,112,131,94,149,0,47.6,Safe
INV-006372,2023-06-08,PRD-0281,WH-12,259,167,103,323,0,94.1,Safe
INV-006373,2023-03-18,PRD-0099,WH-01,168,255,350,73,0,6.3,Critical
INV-006374,2024-08-27,PRD-0460,WH-06,21,50,60,11,0,5.5,Critical
INV-006375,2024-08-09,PRD-0497,WH-08,946,44,394,596,0,45.4,Safe
INV-006376,2023-01-31,PRD-0045,WH-04,1161,372,256,1277,0,149.6,Safe
INV-006377,2023-03-18,PRD-0191,WH-09,457,195,437,215,0,14.8,Safe
INV-006378,2024-05-15,PRD-0260,WH-04,273,473,336,410,0,36.6,Safe
INV-006379,2024-04-06,PRD-0439,WH-02,1905,99,376,1628,0,129.9,Safe
INV-006380,2023-05-14,PRD-0211,WH-13,1477,433,119,1791,0,451.5,Safe
INV-006381,2024-02-09,PRD-0166,WH-03,1406,139,146,1399,0,287.5,Safe
INV-006382,2024-04-12,PRD-0474,WH-03,991,82,566,507,0,26.9,Safe
INV-006383,2023-05-20,PRD-0249,WH-11,628,124,538,214,0,11.9,Warning
INV-006384,2024-05-30,PRD-0294,WH-12,1391,347,160,1578,0,295.9,Safe
INV-006385,2024-03-19,PRD-0258,WH-14,585,338,497,426,0,25.7,Safe
INV-006386,2023-10-12,PRD-0405,WH-02,75,39,71,43,0,18.2,Safe
INV-006387,2024-06-09,PRD-0218,WH-18,461,115,213,363,0,51.1,Safe
INV-006388,2023-03-06,PRD-0034,WH-04,672,39,569,142,0,7.5,Warning
INV-006389,2024-08-19,PRD-0175,WH-20,72,486,452,106,0,7.0,Warning
INV-006390,2023-05-02,PRD-0019,WH-03,787,101,401,487,0,36.4,Safe
INV-006391,2024-01-28,PRD-0365,WH-07,1528,134,538,1124,0,62.7,Safe
INV-006392,2024-08-18,PRD-0325,WH-05,955,338,370,923,0,74.8,Safe
INV-006393,2024-01-17,PRD-0378,WH-09,764,231,404,591,0,43.9,Safe
INV-006394,2024-08-02,PRD-0347,WH-19,853,277,215,915,0,127.7,Safe
INV-006395,2024-07-06,PRD-0033,WH-03,1472,365,47,1790,0,999.0,Safe
INV-006396,2024-06-25,PRD-0051,WH-02,579,429,114,894,0,235.3,Safe
INV-006397,2023-03-18,PRD-0386,WH-19,88,388,264,212,0,24.1,Safe
INV-006398,2023-03-10,PRD-0185,WH-16,1695,415,344,1766,0,154.0,Safe
INV-006399,2023-10-01,PRD-0311,WH-15,182,218,277,123,0,13.3,Warning
INV-006400,2023-08-16,PRD-0229,WH-07,1595,418,1,2012,0,999.0,Safe
INV-006401,2024-04-12,PRD-0299,WH-06,1102,449,509,1042,0,61.4,Safe
INV-006402,2024-03-12,PRD-0101,WH-10,967,275,155,1087,0,210.4,Safe
INV-006403,2024-06-01,PRD-0375,WH-13,972,86,506,552,0,32.7,Safe
INV-006404,2023-12-13,PRD-0072,WH-14,1632,222,402,1452,0,108.4,Safe
INV-006405,2024-07-21,PRD-0048,WH-17,1386,247,150,1483,0,296.6,Safe
INV-006406,2023-08-23,PRD-0483,WH-07,890,485,270,1105,0,122.8,Safe
INV-006407,2024-09-26,PRD-0433,WH-13,28,213,10,231,0,693.0,Safe
INV-006408,2024-08-10,PRD-0186,WH-04,1666,149,298,1517,0,152.7,Safe
INV-006409,2024-03-14,PRD-0456,WH-07,1107,364,497,974,0,58.8,Safe
INV-006410,2024-03-13,PRD-0145,WH-03,420,386,222,584,0,78.9,Safe
INV-006411,2023-09-21,PRD-0153,WH-16,1871,344,382,1833,0,144.0,Safe
INV-006412,2023-01-16,PRD-0386,WH-14,1786,193,104,1875,0,540.9,Safe
INV-006413,2024-02-21,PRD-0353,WH-03,515,466,203,778,0,115.0,Safe
INV-006414,2023-02-04,PRD-0324,WH-09,1975,27,488,1514,0,93.1,Safe
INV-006415,2023-01-06,PRD-0262,WH-19,1630,80,443,1267,0,85.8,Safe
INV-006416,2024-09-16,PRD-0273,WH-03,528,321,180,669,0,111.5,Safe
INV-006417,2024-06-28,PRD-0360,WH-17,1205,294,163,1336,0,245.9,Safe
INV-006418,2023-04-05,PRD-0326,WH-10,62,284,76,270,0,106.6,Safe
INV-006419,2023-12-07,PRD-0187,WH-03,1810,28,439,1399,0,95.6,Safe
INV-006420,2024-04-16,PRD-0353,WH-04,775,17,504,288,0,17.1,Safe
INV-006421,2024-01-12,PRD-0342,WH-07,1037,304,387,954,0,74.0,Safe
INV-006422,2024-05-14,PRD-0447,WH-11,1176,261,330,1107,0,100.6,Safe
INV-006423,2023-01-20,PRD-0291,WH-04,515,218,344,389,0,33.9,Safe
INV-006424,2024-09-20,PRD-0192,WH-15,1360,84,595,849,0,42.8,Safe
INV-006425,2024-03-26,PRD-0435,WH-10,1985,315,485,1815,0,112.3,Safe
INV-006426,2024-04-04,PRD-0362,WH-12,289,460,170,579,0,102.2,Safe
INV-006427,2023-12-23,PRD-0202,WH-15,1342,211,51,1502,0,883.5,Safe
INV-006428,2023-01-22,PRD-0383,WH-17,1989,462,119,2332,0,587.9,Safe
INV-006429,2023-04-09,PRD-0132,WH-05,773,466,44,1195,0,814.8,Safe
INV-006430,2023-07-02,PRD-0013,WH-07,131,132,20,243,0,364.5,Safe
INV-006431,2023-03-04,PRD-0063,WH-16,1672,302,70,1904,0,816.0,Safe
INV-006432,2023-02-07,PRD-0115,WH-15,966,455,252,1169,0,139.2,Safe
INV-006433,2024-06-15,PRD-0024,WH-16,1111,221,279,1053,0,113.2,Safe
INV-006434,2023-05-04,PRD-0251,WH-19,1267,65,226,1106,0,146.8,Safe
INV-006435,2023-08-10,PRD-0239,WH-17,1738,333,139,1932,0,417.0,Safe
INV-006436,2024-09-05,PRD-0219,WH-03,1786,210,197,1799,0,274.0,Safe
INV-006437,2024-03-02,PRD-0431,WH-12,315,238,463,90,0,5.8,Critical
INV-006438,2024-04-23,PRD-0068,WH-06,607,124,473,258,0,16.4,Safe
INV-006439,2024-09-14,PRD-0401,WH-20,1320,97,372,1045,0,84.3,Safe
INV-006440,2023-08-24,PRD-0458,WH-14,246,264,163,347,0,63.9,Safe
INV-006441,2023-08-27,PRD-0164,WH-14,725,54,412,367,0,26.7,Safe
INV-006442,2023-09-02,PRD-0115,WH-02,1414,427,595,1246,0,62.8,Safe
INV-006443,2023-08-01,PRD-0438,WH-01,1858,178,323,1713,0,159.1,Safe
INV-006444,2023-06-16,PRD-0036,WH-20,1705,475,156,2024,0,389.2,Safe
INV-006445,2023-08-28,PRD-0002,WH-13,788,310,549,549,0,30.0,Safe
INV-006446,2024-05-29,PRD-0145,WH-10,61,190,0,251,0,999.0,Safe
INV-006447,2023-01-01,PRD-0245,WH-04,832,307,131,1008,0,230.8,Safe
INV-006448,2023-02-01,PRD-0049,WH-11,276,188,143,321,0,67.3,Safe
INV-006449,2024-07-14,PRD-0363,WH-13,1640,467,517,1590,0,92.3,Safe
INV-006450,2024-03-09,PRD-0438,WH-17,534,145,21,658,0,940.0,Safe
INV-006451,2023-09-22,PRD-0217,WH-19,1054,352,342,1064,0,93.3,Safe
INV-006452,2023-01-27,PRD-0072,WH-11,929,363,15,1277,0,999.0,Safe
INV-006453,2023-04-10,PRD-0411,WH-18,674,307,275,706,0,77.0,Safe
INV-006454,2024-06-24,PRD-0187,WH-17,1251,85,495,841,0,51.0,Safe
INV-006455,2024-09-06,PRD-0295,WH-09,73,54,122,5,0,1.2,Critical
INV-006456,2024-02-15,PRD-0245,WH-01,883,439,194,1128,0,174.4,Safe
INV-006457,2023-03-12,PRD-0319,WH-20,605,389,264,730,0,83.0,Safe
INV-006458,2024-06-14,PRD-0305,WH-04,1975,199,52,2122,0,999.0,Safe
INV-006459,2024-08-17,PRD-0186,WH-12,1681,340,377,1644,0,130.8,Safe
INV-006460,2024-05-04,PRD-0136,WH-11,878,76,63,891,0,424.3,Safe
INV-006461,2023-04-11,PRD-0414,WH-13,807,406,182,1031,0,169.9,Safe
INV-006462,2023-04-15,PRD-0097,WH-14,1547,251,345,1453,0,126.3,Safe
INV-006463,2023-09-25,PRD-0078,WH-01,69,90,36,123,0,102.5,Safe
INV-006464,2024-02-29,PRD-0367,WH-10,304,81,66,319,0,145.0,Safe
INV-006465,2023-12-30,PRD-0105,WH-05,1593,30,422,1201,0,85.4,Safe
INV-006466,2023-11-12,PRD-0047,WH-03,1434,459,78,1815,0,698.1,Safe
INV-006467,2023-07-20,PRD-0461,WH-13,105,411,471,45,0,2.9,Critical
INV-006468,2024-06-05,PRD-0152,WH-08,1212,384,87,1509,0,520.3,Safe
INV-006469,2023-03-15,PRD-0382,WH-02,76,231,113,194,0,51.5,Safe
INV-006470,2023-12-21,PRD-0109,WH-05,181,458,303,336,0,33.3,Safe
INV-006471,2023-09-18,PRD-0076,WH-10,1271,206,203,1274,0,188.3,Safe
INV-006472,2023-01-17,PRD-0487,WH-04,171,342,457,56,0,3.7,Critical
INV-006473,2023-01-20,PRD-0378,WH-14,1092,350,316,1126,0,106.9,Safe
INV-006474,2023-08-17,PRD-0437,WH-12,1694,358,338,1714,0,152.1,Safe
INV-006475,2023-01-27,PRD-0058,WH-06,901,476,434,943,0,65.2,Safe
INV-006476,2023-08-07,PRD-0192,WH-08,1681,433,28,2086,0,999.0,Safe
INV-006477,2023-12-16,PRD-0287,WH-19,1140,466,56,1550,0,830.4,Safe
INV-006478,2024-02-03,PRD-0086,WH-17,553,234,28,759,0,813.2,Safe
INV-006479,2023-02-25,PRD-0427,WH-14,1933,144,535,1542,0,86.5,Safe
INV-006480,2023-02-09,PRD-0055,WH-13,85,221,83,223,0,80.6,Safe
INV-006481,2024-01-27,PRD-0380,WH-18,101,413,446,68,0,4.6,Critical
INV-006482,2024-07-24,PRD-0491,WH-05,238,233,89,382,0,128.8,Safe
INV-006483,2024-02-19,PRD-0037,WH-01,1948,288,163,2073,0,381.5,Safe
INV-006484,2023-05-08,PRD-0476,WH-09,1524,439,428,1535,0,107.6,Safe
INV-006485,2024-06-14,PRD-0146,WH-01,118,143,170,91,0,16.1,Safe
INV-006486,2023-09-28,PRD-0105,WH-07,1128,110,35,1203,0,999.0,Safe
INV-006487,2023-05-16,PRD-0407,WH-11,426,177,427,176,0,12.4,Warning
INV-006488,2023-05-24,PRD-0338,WH-13,586,351,392,545,0,41.7,Safe
INV-006489,2023-11-27,PRD-0007,WH-11,1658,349,69,1938,0,842.6,Safe
INV-006490,2024-03-10,PRD-0465,WH-04,1473,3,358,1118,0,93.7,Safe
INV-006491,2023-12-24,PRD-0346,WH-14,1088,128,487,729,0,44.9,Safe
INV-006492,2024-07-15,PRD-0011,WH-07,64,25,46,43,0,28.0,Safe
INV-006493,2023-02-20,PRD-0232,WH-10,893,41,180,754,0,125.7,Safe
INV-006494,2023-04-19,PRD-0213,WH-02,410,264,433,241,0,16.7,Safe
INV-006495,2024-04-13,PRD-0202,WH-16,1710,361,568,1503,0,79.4,Safe
INV-006496,2023-10-22,PRD-0397,WH-09,1826,375,411,1790,0,130.7,Safe
INV-006497,2023-09-29,PRD-0276,WH-10,1261,444,451,1254,0,83.4,Safe
INV-006498,2023-01-26,PRD-0347,WH-19,558,29,19,568,0,896.8,Safe
INV-006499,2024-06-24,PRD-0062,WH-16,1957,71,244,1784,0,219.3,Safe
INV-006500,2023-10-01,PRD-0458,WH-17,1646,373,94,1925,0,614.4,Safe
INV-006501,2024-09-06,PRD-0301,WH-18,885,56,462,479,0,31.1,Safe
INV-006502,2023-01-24,PRD-0245,WH-09,633,191,299,525,0,52.7,Safe
INV-006503,2024-08-19,PRD-0303,WH-20,1422,257,339,1340,0,118.6,Safe
INV-006504,2023-08-07,PRD-0077,WH-01,370,79,299,150,0,15.1,Safe
INV-006505,2024-03-04,PRD-0216,WH-11,3,249,107,145,0,40.7,Safe
INV-006506,2024-05-24,PRD-0054,WH-11,812,156,156,812,0,156.2,Safe
INV-006507,2023-06-14,PRD-0164,WH-17,1568,240,377,1431,0,113.9,Safe
INV-006508,2023-01-23,PRD-0473,WH-13,1339,341,88,1592,0,542.7,Safe
INV-006509,2023-05-23,PRD-0365,WH-05,1467,396,453,1410,0,93.4,Safe
INV-006510,2024-03-22,PRD-0369,WH-18,1918,76,119,1875,0,472.7,Safe
INV-006511,2024-03-18,PRD-0268,WH-06,649,363,324,688,0,63.7,Safe
INV-006512,2024-07-19,PRD-0093,WH-13,767,328,16,1079,0,999.0,Safe
INV-006513,2023-01-18,PRD-0149,WH-13,930,344,63,1211,0,576.7,Safe
INV-006514,2024-09-12,PRD-0340,WH-05,1658,57,177,1538,0,260.7,Safe
INV-006515,2023-02-24,PRD-0085,WH-08,850,335,229,956,0,125.2,Safe
INV-006516,2024-08-04,PRD-0177,WH-10,1709,451,559,1601,0,85.9,Safe
INV-006517,2024-01-01,PRD-0113,WH-13,900,261,258,903,0,105.0,Safe
INV-006518,2024-03-05,PRD-0173,WH-01,1683,335,94,1924,0,614.0,Safe
INV-006519,2023-01-04,PRD-0296,WH-18,1012,121,499,634,0,38.1,Safe
INV-006520,2024-09-07,PRD-0424,WH-17,159,413,319,253,0,23.8,Safe
INV-006521,2024-01-17,PRD-0410,WH-16,600,456,355,701,0,59.2,Safe
INV-006522,2023-03-02,PRD-0003,WH-08,957,451,474,934,0,59.1,Safe
INV-006523,2024-07-25,PRD-0263,WH-02,1996,22,114,1904,0,501.1,Safe
INV-006524,2023-08-25,PRD-0361,WH-19,225,291,3,513,0,999.0,Safe
INV-006525,2023-04-16,PRD-0286,WH-09,84,445,39,490,0,376.9,Safe
INV-006526,2023-10-30,PRD-0184,WH-02,1589,4,265,1328,0,150.3,Safe
INV-006527,2023-11-04,PRD-0131,WH-06,737,233,216,754,0,104.7,Safe
INV-006528,2023-10-23,PRD-0262,WH-17,1742,467,7,2202,0,999.0,Safe
INV-006529,2023-09-11,PRD-0159,WH-05,1340,126,195,1271,0,195.5,Safe
INV-006530,2023-06-02,PRD-0354,WH-02,1457,499,280,1676,0,179.6,Safe
INV-006531,2024-07-08,PRD-0070,WH-14,1738,63,163,1638,0,301.5,Safe
INV-006532,2023-07-06,PRD-0167,WH-12,1005,181,487,699,0,43.1,Safe
INV-006533,2023-05-03,PRD-0336,WH-14,1718,294,493,1519,0,92.4,Safe
INV-006534,2024-08-19,PRD-0079,WH-18,1830,437,65,2202,0,999.0,Safe
INV-006535,2023-08-31,PRD-0137,WH-09,1415,410,320,1505,0,141.1,Safe
INV-006536,2024-05-22,PRD-0357,WH-03,427,23,388,62,0,4.8,Critical
INV-006537,2024-02-28,PRD-0203,WH-18,227,451,121,557,0,138.1,Safe
INV-006538,2023-03-15,PRD-0352,WH-12,1090,398,276,1212,0,131.7,Safe
INV-006539,2023-03-13,PRD-0179,WH-20,893,173,497,569,0,34.3,Safe
INV-006540,2024-07-23,PRD-0080,WH-15,1627,489,105,2011,0,574.6,Safe
INV-006541,2024-08-22,PRD-0268,WH-07,1417,227,407,1237,0,91.2,Safe
INV-006542,2024-02-26,PRD-0246,WH-18,1365,424,325,1464,0,135.1,Safe
INV-006543,2023-06-24,PRD-0254,WH-15,652,181,157,676,0,129.2,Safe
INV-006544,2024-06-02,PRD-0258,WH-19,577,118,439,256,0,17.5,Safe
INV-006545,2024-04-13,PRD-0288,WH-13,1133,363,352,1144,0,97.5,Safe
INV-006546,2023-08-10,PRD-0221,WH-16,325,467,193,599,0,93.1,Safe
INV-006547,2024-01-07,PRD-0170,WH-02,500,254,214,540,0,75.7,Safe
INV-006548,2024-09-06,PRD-0428,WH-02,591,311,104,798,0,230.2,Safe
INV-006549,2023-01-20,PRD-0321,WH-14,1731,64,572,1223,0,64.1,Safe
INV-006550,2023-02-26,PRD-0297,WH-14,1466,178,206,1438,0,209.4,Safe
INV-006551,2023-07-11,PRD-0068,WH-07,1975,373,227,2121,0,280.3,Safe
INV-006552,2023-07-06,PRD-0159,WH-01,1998,289,527,1760,0,100.2,Safe
INV-006553,2023-05-28,PRD-0347,WH-07,1000,153,426,727,0,51.2,Safe
INV-006554,2023-02-15,PRD-0342,WH-01,752,264,314,702,0,67.1,Safe
INV-006555,2023-05-04,PRD-0136,WH-02,1302,90,215,1177,0,164.2,Safe
INV-006556,2024-06-09,PRD-0479,WH-07,394,283,45,632,0,421.3,Safe
INV-006557,2024-01-09,PRD-0232,WH-02,549,417,465,501,0,32.3,Safe
INV-006558,2024-09-11,PRD-0327,WH-16,528,388,474,442,0,28.0,Safe
INV-006559,2023-09-03,PRD-0052,WH-18,1248,44,64,1228,0,575.6,Safe
INV-006560,2023-08-18,PRD-0163,WH-04,1089,149,182,1056,0,174.1,Safe
INV-006561,2023-03-21,PRD-0236,WH-10,213,53,168,98,0,17.5,Safe
INV-006562,2023-12-07,PRD-0218,WH-08,1910,457,574,1793,0,93.7,Safe
INV-006563,2023-01-29,PRD-0330,WH-09,1323,30,464,889,0,57.5,Safe
INV-006564,2023-11-11,PRD-0046,WH-08,1990,173,494,1669,0,101.4,Safe
INV-006565,2024-09-03,PRD-0410,WH-18,1792,488,308,1972,0,192.1,Safe
INV-006566,2023-11-02,PRD-0494,WH-04,1863,192,198,1857,0,281.4,Safe
INV-006567,2023-03-20,PRD-0224,WH-02,1024,58,553,529,0,28.7,Safe
INV-006568,2023-12-04,PRD-0377,WH-02,932,319,185,1066,0,172.9,Safe
INV-006569,2023-05-03,PRD-0249,WH-16,1120,1,135,986,0,219.1,Safe
INV-006570,2024-08-23,PRD-0208,WH-12,625,183,519,289,0,16.7,Safe
INV-006571,2024-06-02,PRD-0092,WH-08,195,335,16,514,0,963.8,Safe
INV-006572,2024-02-15,PRD-0462,WH-09,819,238,295,762,0,77.5,Safe
INV-006573,2023-01-19,PRD-0311,WH-11,1473,234,326,1381,0,127.1,Safe
INV-006574,2023-02-08,PRD-0106,WH-14,1548,245,115,1678,0,437.7,Safe
INV-006575,2024-09-04,PRD-0493,WH-19,528,274,21,781,0,999.0,Safe
INV-006576,2023-01-06,PRD-0488,WH-10,986,241,514,713,0,41.6,Safe
INV-006577,2023-12-26,PRD-0247,WH-11,1418,480,509,1389,0,81.9,Safe
INV-006578,2023-12-30,PRD-0012,WH-17,1860,271,174,1957,0,337.4,Safe
INV-006579,2024-06-21,PRD-0494,WH-18,1136,437,216,1357,0,188.5,Safe
INV-006580,2023-11-22,PRD-0475,WH-18,752,147,466,433,0,27.9,Safe
INV-006581,2023-02-23,PRD-0060,WH-16,998,141,539,600,0,33.4,Safe
INV-006582,2024-09-11,PRD-0429,WH-05,396,147,115,428,0,111.7,Safe
INV-006583,2023-06-09,PRD-0074,WH-18,210,215,88,337,0,114.9,Safe
INV-006584,2024-08-12,PRD-0116,WH-20,1121,359,85,1395,0,492.4,Safe
INV-006585,2024-03-13,PRD-0224,WH-05,485,110,136,459,0,101.2,Safe
INV-006586,2024-09-15,PRD-0388,WH-02,1136,378,485,1029,0,63.6,Safe
INV-006587,2023-03-25,PRD-0003,WH-12,1882,455,204,2133,0,313.7,Safe
INV-006588,2023-03-22,PRD-0003,WH-03,997,418,306,1109,0,108.7,Safe
INV-006589,2024-06-23,PRD-0482,WH-20,1547,416,466,1497,0,96.4,Safe
INV-006590,2023-01-19,PRD-0306,WH-14,707,114,216,605,0,84.0,Safe
INV-006591,2023-12-22,PRD-0327,WH-10,1098,140,0,1238,0,999.0,Safe
INV-006592,2024-02-19,PRD-0363,WH-18,443,369,282,530,0,56.4,Safe
INV-006593,2024-08-19,PRD-0408,WH-07,1152,13,349,816,0,70.1,Safe
INV-006594,2024-09-17,PRD-0392,WH-17,1277,123,553,847,0,45.9,Safe
INV-006595,2023-05-05,PRD-0366,WH-16,1945,64,553,1456,0,79.0,Safe
INV-006596,2023-10-20,PRD-0318,WH-03,358,374,494,238,0,14.5,Safe
INV-006597,2024-01-07,PRD-0148,WH-14,179,151,297,33,0,3.3,Critical
INV-006598,2023-03-04,PRD-0020,WH-02,459,447,51,855,0,502.9,Safe
INV-006599,2023-12-06,PRD-0260,WH-10,1230,143,431,942,0,65.6,Safe
INV-006600,2024-03-03,PRD-0190,WH-06,224,106,273,57,0,6.3,Critical
INV-006601,2023-05-03,PRD-0388,WH-15,834,182,136,880,0,194.1,Safe
INV-006602,2024-09-18,PRD-0325,WH-17,1445,230,508,1167,0,68.9,Safe
INV-006603,2024-09-27,PRD-0321,WH-19,1362,241,145,1458,0,301.7,Safe
INV-006604,2023-09-18,PRD-0489,WH-05,809,117,60,866,0,433.0,Safe
INV-006605,2024-03-24,PRD-0466,WH-15,97,414,490,21,0,1.3,Critical
INV-006606,2023-10-07,PRD-0006,WH-11,469,393,594,268,0,13.5,Warning
INV-006607,2023-08-10,PRD-0052,WH-01,73,453,171,355,0,62.3,Safe
INV-006608,2024-04-08,PRD-0054,WH-03,91,312,185,218,0,35.4,Safe
INV-006609,2023-07-09,PRD-0043,WH-13,231,436,180,487,0,81.2,Safe
INV-006610,2023-01-30,PRD-0382,WH-05,850,76,194,732,0,113.2,Safe
INV-006611,2024-03-05,PRD-0100,WH-20,1650,440,97,1993,0,616.4,Safe
INV-006612,2024-05-06,PRD-0475,WH-09,611,273,133,751,0,169.4,Safe
INV-006613,2023-04-17,PRD-0372,WH-06,144,458,78,524,0,201.5,Safe
INV-006614,2024-06-24,PRD-0051,WH-19,551,460,64,947,0,443.9,Safe
INV-006615,2024-08-29,PRD-0421,WH-15,132,363,175,320,0,54.9,Safe
INV-006616,2023-02-10,PRD-0380,WH-02,199,358,126,431,0,102.6,Safe
INV-006617,2024-07-14,PRD-0295,WH-04,1500,286,336,1450,0,129.5,Safe
INV-006618,2024-05-19,PRD-0238,WH-11,1195,163,273,1085,0,119.2,Safe
INV-006619,2024-08-19,PRD-0288,WH-15,1122,333,309,1146,0,111.3,Safe
INV-006620,2024-05-09,PRD-0339,WH-11,623,166,531,258,0,14.6,Safe
INV-006621,2023-04-07,PRD-0462,WH-07,246,294,363,177,0,14.6,Safe
INV-006622,2023-09-27,PRD-0441,WH-18,381,208,451,138,0,9.2,Warning
INV-006623,2024-01-08,PRD-0033,WH-01,583,196,135,644,0,143.1,Safe
INV-006624,2023-08-23,PRD-0227,WH-10,1894,62,175,1781,0,305.3,Safe
INV-006625,2024-03-27,PRD-0428,WH-16,770,399,7,1162,0,999.0,Safe
INV-006626,2023-09-13,PRD-0107,WH-08,1582,79,166,1495,0,270.2,Safe
INV-006627,2024-01-18,PRD-0419,WH-16,783,103,215,671,0,93.6,Safe
INV-006628,2023-06-14,PRD-0219,WH-12,30,201,27,204,0,226.7,Safe
INV-006629,2024-02-02,PRD-0295,WH-15,464,353,182,635,0,104.7,Safe
INV-006630,2024-04-23,PRD-0241,WH-19,948,235,395,788,0,59.8,Safe
INV-006631,2024-07-22,PRD-0284,WH-19,224,190,240,174,0,21.8,Safe
INV-006632,2023-10-26,PRD-0147,WH-19,1387,449,520,1316,0,75.9,Safe
INV-006633,2024-09-14,PRD-0381,WH-20,308,236,285,259,0,27.3,Safe
INV-006634,2023-12-13,PRD-0120,WH-14,215,153,115,253,0,66.0,Safe
INV-006635,2024-05-28,PRD-0336,WH-20,947,312,382,877,0,68.9,Safe
INV-006636,2023-09-07,PRD-0351,WH-07,185,386,366,205,0,16.8,Safe
INV-006637,2024-08-29,PRD-0410,WH-20,1727,63,107,1683,0,471.9,Safe
INV-006638,2023-04-04,PRD-0014,WH-01,96,297,39,354,0,272.3,Safe
INV-006639,2023-05-03,PRD-0362,WH-09,673,383,270,786,0,87.3,Safe
INV-006640,2024-08-22,PRD-0326,WH-17,1810,472,151,2131,0,423.4,Safe
INV-006641,2023-01-31,PRD-0379,WH-09,160,27,52,135,0,77.9,Safe
INV-006642,2023-04-11,PRD-0161,WH-12,1281,138,352,1067,0,90.9,Safe
INV-006643,2024-07-02,PRD-0448,WH-11,1544,45,187,1402,0,224.9,Safe
INV-006644,2023-02-15,PRD-0181,WH-17,498,273,132,639,0,145.2,Safe
INV-006645,2023-02-09,PRD-0287,WH-07,419,41,1,459,0,999.0,Safe
INV-006646,2023-01-16,PRD-0014,WH-14,1104,240,195,1149,0,176.8,Safe
INV-006647,2023-08-13,PRD-0401,WH-07,1775,322,403,1694,0,126.1,Safe
INV-006648,2023-05-06,PRD-0439,WH-13,1434,333,35,1732,0,999.0,Safe
INV-006649,2024-09-15,PRD-0262,WH-16,1692,332,171,1853,0,325.1,Safe
INV-006650,2023-02-10,PRD-0040,WH-08,1475,480,62,1893,0,916.0,Safe
INV-006651,2023-09-20,PRD-0408,WH-18,149,220,217,152,0,21.0,Safe
INV-006652,2023-04-06,PRD-0213,WH-06,1124,65,585,604,0,31.0,Safe
INV-006653,2024-01-10,PRD-0497,WH-18,1297,63,174,1186,0,204.5,Safe
INV-006654,2024-09-02,PRD-0233,WH-02,216,316,117,415,0,106.4,Safe
INV-006655,2023-10-20,PRD-0370,WH-03,416,456,310,562,0,54.4,Safe
INV-006656,2024-02-03,PRD-0038,WH-17,453,89,31,511,0,494.5,Safe
INV-006657,2023-06-28,PRD-0355,WH-14,544,330,40,834,0,625.5,Safe
INV-006658,2023-06-13,PRD-0338,WH-05,737,191,488,440,0,27.0,Safe
INV-006659,2023-12-27,PRD-0295,WH-14,1484,43,88,1439,0,490.6,Safe
INV-006660,2023-03-08,PRD-0325,WH-17,1762,348,205,1905,0,278.8,Safe
INV-006661,2023-11-30,PRD-0086,WH-04,1937,171,32,2076,0,999.0,Safe
INV-006662,2023-09-27,PRD-0314,WH-11,200,499,203,496,0,73.3,Safe
INV-006663,2024-08-29,PRD-0172,WH-17,1627,268,555,1340,0,72.4,Safe
INV-006664,2024-03-14,PRD-0073,WH-04,1055,403,260,1198,0,138.2,Safe
INV-006665,2023-09-03,PRD-0071,WH-18,1345,439,479,1305,0,81.7,Safe
INV-006666,2023-05-28,PRD-0296,WH-07,1964,388,421,1931,0,137.6,Safe
INV-006667,2024-07-30,PRD-0489,WH-19,1703,385,85,2003,0,706.9,Safe
INV-006668,2024-09-30,PRD-0217,WH-08,1020,488,280,1228,0,131.6,Safe
INV-006669,2023-02-26,PRD-0318,WH-08,1164,329,158,1335,0,253.5,Safe
INV-006670,2024-09-26,PRD-0121,WH-05,1779,206,56,1929,0,999.0,Safe
INV-006671,2024-07-18,PRD-0023,WH-06,1771,36,590,1217,0,61.9,Safe
INV-006672,2024-01-15,PRD-0118,WH-06,196,127,230,93,0,12.1,Warning
INV-006673,2023-07-07,PRD-0333,WH-13,1686,494,410,1770,0,129.5,Safe
INV-006674,2024-09-07,PRD-0223,WH-13,612,426,415,623,0,45.0,Safe
INV-006675,2024-07-03,PRD-0135,WH-06,507,399,536,370,0,20.7,Safe
INV-006676,2024-05-26,PRD-0073,WH-17,987,12,156,843,0,162.1,Safe
INV-006677,2024-01-12,PRD-0335,WH-11,901,104,388,617,0,47.7,Safe
INV-006678,2023-10-08,PRD-0398,WH-12,557,376,414,519,0,37.6,Safe
INV-006679,2023-05-15,PRD-0382,WH-02,1494,375,402,1467,0,109.5,Safe
INV-006680,2023-09-27,PRD-0121,WH-11,245,113,15,343,0,686.0,Safe
INV-006681,2024-08-19,PRD-0308,WH-04,1099,390,434,1055,0,72.9,Safe
INV-006682,2023-04-15,PRD-0037,WH-05,154,327,117,364,0,93.3,Safe
INV-006683,2023-07-03,PRD-0398,WH-08,1904,270,336,1838,0,164.1,Safe
INV-006684,2023-07-10,PRD-0457,WH-11,505,436,335,606,0,54.3,Safe
INV-006685,2023-04-05,PRD-0390,WH-03,294,206,390,110,0,8.5,Warning
INV-006686,2024-07-19,PRD-0038,WH-18,1416,43,570,889,0,46.8,Safe
INV-006687,2024-06-03,PRD-0411,WH-11,930,374,546,758,0,41.6,Safe
INV-006688,2024-06-08,PRD-0435,WH-20,1627,251,311,1567,0,151.2,Safe
INV-006689,2024-02-09,PRD-0354,WH-17,1792,4,178,1618,0,272.7,Safe
INV-006690,2024-08-13,PRD-0115,WH-19,1387,302,353,1336,0,113.5,Safe
INV-006691,2023-12-31,PRD-0027,WH-11,1103,450,506,1047,0,62.1,Safe
INV-006692,2023-11-10,PRD-0242,WH-02,1246,398,516,1128,0,65.6,Safe
INV-006693,2023-07-22,PRD-0385,WH-04,1472,275,182,1565,0,258.0,Safe
INV-006694,2024-05-11,PRD-0205,WH-12,1907,245,584,1568,0,80.5,Safe
INV-006695,2023-06-22,PRD-0422,WH-18,1641,489,592,1538,0,77.9,Safe
INV-006696,2024-05-08,PRD-0168,WH-17,1134,414,437,1111,0,76.3,Safe
INV-006697,2023-09-11,PRD-0124,WH-20,1591,66,468,1189,0,76.2,Safe
INV-006698,2023-08-19,PRD-0071,WH-17,66,112,125,53,0,12.7,Warning
INV-006699,2023-10-18,PRD-0356,WH-15,741,168,572,337,0,17.7,Safe
INV-006700,2023-03-23,PRD-0427,WH-01,513,356,553,316,0,17.1,Safe
INV-006701,2023-09-08,PRD-0143,WH-04,810,415,534,691,0,38.8,Safe
INV-006702,2024-09-02,PRD-0012,WH-07,1347,314,60,1601,0,800.5,Safe
INV-006703,2024-09-02,PRD-0436,WH-03,756,96,138,714,0,155.2,Safe
INV-006704,2024-04-12,PRD-0199,WH-09,1413,116,159,1370,0,258.5,Safe
INV-006705,2023-07-26,PRD-0127,WH-05,1908,126,494,1540,0,93.5,Safe
INV-006706,2023-04-24,PRD-0146,WH-10,1500,66,248,1318,0,159.4,Safe
INV-006707,2023-04-29,PRD-0262,WH-20,938,189,401,726,0,54.3,Safe
INV-006708,2023-09-27,PRD-0083,WH-07,1231,291,600,922,0,46.1,Safe
INV-006709,2024-02-16,PRD-0085,WH-04,954,147,504,597,0,35.5,Safe
INV-006710,2023-08-15,PRD-0392,WH-20,1188,98,2,1284,0,999.0,Safe
INV-006711,2023-01-13,PRD-0325,WH-10,767,499,135,1131,0,251.3,Safe
INV-006712,2023-08-17,PRD-0069,WH-02,188,395,404,179,0,13.3,Warning
INV-006713,2024-01-06,PRD-0141,WH-12,670,447,581,536,0,27.7,Safe
INV-006714,2024-06-09,PRD-0146,WH-12,327,425,16,736,0,999.0,Safe
INV-006715,2023-11-12,PRD-0010,WH-12,179,212,178,213,0,35.9,Safe
INV-006716,2023-05-01,PRD-0370,WH-01,1887,289,436,1740,0,119.7,Safe
INV-006717,2024-09-25,PRD-0349,WH-14,1216,89,152,1153,0,227.6,Safe
INV-006718,2024-03-22,PRD-0260,WH-09,114,113,31,196,0,189.7,Safe
INV-006719,2023-12-19,PRD-0414,WH-15,1344,247,553,1038,0,56.3,Safe
INV-006720,2024-03-28,PRD-0320,WH-10,964,445,521,888,0,51.1,Safe
INV-006721,2023-10-15,PRD-0438,WH-11,748,200,65,883,0,407.5,Safe
INV-006722,2024-07-24,PRD-0031,WH-12,1771,172,421,1522,0,108.5,Safe
INV-006723,2023-06-18,PRD-0084,WH-07,320,316,556,80,0,4.3,Critical
INV-006724,2024-06-07,PRD-0301,WH-03,539,219,312,446,0,42.9,Safe
INV-006725,2024-05-11,PRD-0047,WH-12,867,341,322,886,0,82.5,Safe
INV-006726,2023-08-26,PRD-0492,WH-03,1824,226,477,1573,0,98.9,Safe
INV-006727,2024-05-14,PRD-0152,WH-07,492,130,574,48,0,2.5,Critical
INV-006728,2023-01-13,PRD-0297,WH-18,1168,458,591,1035,0,52.5,Safe
INV-006729,2023-05-04,PRD-0373,WH-14,1488,493,252,1729,0,205.8,Safe
INV-006730,2024-01-21,PRD-0026,WH-04,1319,452,56,1715,0,918.8,Safe
INV-006731,2024-02-04,PRD-0380,WH-14,1765,428,275,1918,0,209.2,Safe
INV-006732,2024-05-12,PRD-0032,WH-04,769,356,298,827,0,83.3,Safe
INV-006733,2023-03-30,PRD-0235,WH-20,205,315,467,53,0,3.4,Critical
INV-006734,2024-03-11,PRD-0281,WH-18,1710,482,529,1663,0,94.3,Safe
INV-006735,2023-09-13,PRD-0146,WH-20,95,0,61,34,0,16.7,Safe
INV-006736,2024-05-10,PRD-0157,WH-12,833,198,408,623,0,45.8,Safe
INV-006737,2023-10-22,PRD-0137,WH-17,84,204,159,129,0,24.3,Safe
INV-006738,2023-06-21,PRD-0427,WH-13,1992,28,525,1495,0,85.4,Safe
INV-006739,2023-09-29,PRD-0422,WH-03,342,317,241,418,0,52.0,Safe
INV-006740,2024-06-24,PRD-0309,WH-10,988,110,443,655,0,44.4,Safe
INV-006741,2023-06-13,PRD-0134,WH-12,65,320,34,351,0,309.7,Safe
INV-006742,2023-04-14,PRD-0323,WH-15,9,309,134,184,0,41.2,Safe
INV-006743,2024-04-15,PRD-0439,WH-15,645,335,274,706,0,77.3,Safe
INV-006744,2023-11-16,PRD-0205,WH-18,16,95,77,34,0,13.2,Warning
INV-006745,2023-01-12,PRD-0365,WH-06,80,17,50,47,0,28.2,Safe
INV-006746,2024-09-02,PRD-0205,WH-11,1417,451,211,1657,0,235.6,Safe
INV-006747,2023-01-25,PRD-0159,WH-07,1833,446,240,2039,0,254.9,Safe
INV-006748,2023-07-17,PRD-0007,WH-15,328,318,422,224,0,15.9,Safe
INV-006749,2024-05-04,PRD-0469,WH-18,63,127,1,189,0,999.0,Safe
INV-006750,2023-11-23,PRD-0156,WH-17,1173,338,167,1344,0,241.4,Safe
INV-006751,2023-05-18,PRD-0016,WH-02,1244,111,183,1172,0,192.1,Safe
INV-006752,2024-07-17,PRD-0326,WH-12,1923,120,217,1826,0,252.4,Safe
INV-006753,2023-08-18,PRD-0307,WH-15,1591,129,160,1560,0,292.5,Safe
INV-006754,2024-02-24,PRD-0496,WH-11,1852,63,123,1792,0,437.1,Safe
INV-006755,2024-03-18,PRD-0268,WH-19,1565,344,262,1647,0,188.6,Safe
INV-006756,2024-03-18,PRD-0255,WH-12,1078,492,220,1350,0,184.1,Safe
INV-006757,2023-05-10,PRD-0036,WH-17,776,75,539,312,0,17.4,Safe
INV-006758,2024-01-31,PRD-0225,WH-14,544,75,162,457,0,84.6,Safe
INV-006759,2023-12-06,PRD-0024,WH-02,1599,369,477,1491,0,93.8,Safe
INV-006760,2023-11-11,PRD-0177,WH-11,1757,128,467,1418,0,91.1,Safe
INV-006761,2023-01-05,PRD-0091,WH-08,1861,358,140,2079,0,445.5,Safe
INV-006762,2023-03-06,PRD-0476,WH-04,316,88,234,170,0,21.8,Safe
INV-006763,2024-08-20,PRD-0139,WH-08,1266,346,194,1418,0,219.3,Safe
INV-006764,2024-06-10,PRD-0112,WH-09,378,364,406,336,0,24.8,Safe
INV-006765,2024-06-02,PRD-0496,WH-14,1573,359,168,1764,0,315.0,Safe
INV-006766,2024-06-16,PRD-0111,WH-06,1591,36,129,1498,0,348.4,Safe
INV-006767,2023-01-25,PRD-0033,WH-05,50,164,142,72,0,15.2,Safe
INV-006768,2024-09-26,PRD-0307,WH-10,1428,202,455,1175,0,77.5,Safe
INV-006769,2024-02-04,PRD-0140,WH-08,813,197,176,834,0,142.2,Safe
INV-006770,2024-03-21,PRD-0352,WH-17,1780,153,92,1841,0,600.3,Safe
INV-006771,2023-02-26,PRD-0027,WH-03,534,124,465,193,0,12.5,Warning
INV-006772,2024-03-20,PRD-0043,WH-02,1614,219,290,1543,0,159.6,Safe
INV-006773,2023-08-09,PRD-0024,WH-06,15,46,4,57,0,427.5,Safe
INV-006774,2023-12-16,PRD-0005,WH-19,208,157,6,359,0,999.0,Safe
INV-006775,2024-08-31,PRD-0318,WH-08,538,297,193,642,0,99.8,Safe
INV-006776,2024-09-19,PRD-0383,WH-12,537,407,41,903,0,660.7,Safe
INV-006777,2023-02-16,PRD-0468,WH-11,627,458,285,800,0,84.2,Safe
INV-006778,2024-02-16,PRD-0332,WH-10,1113,5,110,1008,0,274.9,Safe
INV-006779,2023-10-04,PRD-0343,WH-08,1126,374,489,1011,0,62.0,Safe
INV-006780,2024-08-23,PRD-0214,WH-20,530,6,170,366,0,64.6,Safe
INV-006781,2023-11-22,PRD-0390,WH-17,1939,224,422,1741,0,123.8,Safe
INV-006782,2023-02-28,PRD-0151,WH-15,555,93,214,434,0,60.8,Safe
INV-006783,2023-07-04,PRD-0370,WH-10,800,284,141,943,0,200.6,Safe
INV-006784,2024-03-22,PRD-0391,WH-06,1202,21,112,1111,0,297.6,Safe
INV-006785,2023-06-13,PRD-0375,WH-05,378,422,336,464,0,41.4,Safe
INV-006786,2023-05-13,PRD-0037,WH-13,1955,234,396,1793,0,135.8,Safe
INV-006787,2024-06-13,PRD-0300,WH-19,526,234,212,548,0,77.5,Safe
INV-006788,2023-09-19,PRD-0084,WH-15,767,437,308,896,0,87.3,Safe
INV-006789,2024-09-11,PRD-0147,WH-14,652,207,497,362,0,21.9,Safe
INV-006790,2023-09-07,PRD-0143,WH-09,17,117,125,9,0,2.2,Critical
INV-006791,2023-10-31,PRD-0298,WH-14,56,213,261,8,0,0.9,Critical
INV-006792,2023-09-17,PRD-0178,WH-16,1083,242,73,1252,0,514.5,Safe
INV-006793,2023-11-03,PRD-0170,WH-11,1476,245,427,1294,0,90.9,Safe
INV-006794,2023-01-30,PRD-0141,WH-06,1385,335,470,1250,0,79.8,Safe
INV-006795,2023-09-08,PRD-0312,WH-18,868,50,295,623,0,63.4,Safe
INV-006796,2023-01-09,PRD-0002,WH-08,1926,56,177,1805,0,305.9,Safe
INV-006797,2023-04-27,PRD-0457,WH-08,1537,51,42,1546,0,999.0,Safe
INV-006798,2024-08-03,PRD-0160,WH-18,1324,331,42,1613,0,999.0,Safe
INV-006799,2024-05-22,PRD-0339,WH-04,1154,413,462,1105,0,71.8,Safe
INV-006800,2024-07-21,PRD-0413,WH-15,39,371,56,354,0,189.6,Safe
INV-006801,2024-09-25,PRD-0038,WH-09,1224,344,210,1358,0,194.0,Safe
INV-006802,2024-06-28,PRD-0399,WH-11,11,467,209,269,0,38.6,Safe
INV-006803,2023-11-17,PRD-0432,WH-07,1879,35,539,1375,0,76.5,Safe
INV-006804,2023-08-14,PRD-0500,WH-10,1880,285,545,1620,0,89.2,Safe
INV-006805,2023-12-25,PRD-0313,WH-13,297,261,517,41,0,2.4,Critical
INV-006806,2023-01-18,PRD-0464,WH-16,144,33,159,18,0,3.4,Critical
INV-006807,2024-03-03,PRD-0057,WH-04,933,346,495,784,0,47.5,Safe
INV-006808,2023-02-26,PRD-0218,WH-16,1526,430,250,1706,0,204.7,Safe
INV-006809,2023-08-11,PRD-0076,WH-12,936,296,221,1011,0,137.2,Safe
INV-006810,2023-06-07,PRD-0230,WH-13,2000,97,188,1909,0,304.6,Safe
INV-006811,2023-04-26,PRD-0406,WH-15,601,214,49,766,0,469.0,Safe
INV-006812,2023-02-07,PRD-0477,WH-12,649,327,549,427,0,23.3,Safe
INV-006813,2023-02-13,PRD-0147,WH-19,517,48,464,101,0,6.5,Critical
INV-006814,2023-09-30,PRD-0332,WH-11,1950,200,192,1958,0,305.9,Safe
INV-006815,2023-06-16,PRD-0175,WH-20,1760,36,260,1536,0,177.2,Safe
INV-006816,2023-10-15,PRD-0183,WH-20,857,468,72,1253,0,522.1,Safe
INV-006817,2023-09-22,PRD-0421,WH-17,862,326,254,934,0,110.3,Safe
INV-006818,2023-09-13,PRD-0311,WH-02,1194,87,215,1066,0,148.7,Safe
INV-006819,2024-05-23,PRD-0171,WH-02,1266,189,27,1428,0,999.0,Safe
INV-006820,2023-11-29,PRD-0481,WH-08,77,316,246,147,0,17.9,Safe
INV-006821,2023-11-18,PRD-0016,WH-15,747,355,336,766,0,68.4,Safe
INV-006822,2023-07-01,PRD-0433,WH-08,365,356,120,601,0,150.2,Safe
INV-006823,2024-06-07,PRD-0285,WH-08,563,172,44,691,0,471.1,Safe
INV-006824,2023-04-08,PRD-0406,WH-14,312,297,587,22,0,1.1,Critical
INV-006825,2024-07-13,PRD-0112,WH-12,1103,5,489,619,0,38.0,Safe
INV-006826,2024-08-15,PRD-0270,WH-13,422,261,232,451,0,58.3,Safe
INV-006827,2023-04-30,PRD-0181,WH-09,171,347,464,54,0,3.5,Critical
INV-006828,2024-08-25,PRD-0494,WH-12,1103,447,216,1334,0,185.3,Safe
INV-006829,2024-08-23,PRD-0372,WH-06,66,127,45,148,0,98.7,Safe
INV-006830,2023-10-14,PRD-0374,WH-06,135,477,598,14,0,0.7,Critical
INV-006831,2023-11-16,PRD-0113,WH-01,1942,259,478,1723,0,108.1,Safe
INV-006832,2024-01-07,PRD-0088,WH-16,1176,337,303,1210,0,119.8,Safe
INV-006833,2023-06-03,PRD-0275,WH-13,276,250,430,96,0,6.7,Critical
INV-006834,2023-01-26,PRD-0336,WH-17,88,93,139,42,0,9.1,Warning
INV-006835,2023-12-28,PRD-0480,WH-16,193,479,364,308,0,25.4,Safe
INV-006836,2023-02-22,PRD-0334,WH-11,629,79,558,150,0,8.1,Warning
INV-006837,2023-01-25,PRD-0169,WH-01,955,13,117,851,0,218.2,Safe
INV-006838,2024-09-18,PRD-0194,WH-11,1912,304,59,2157,0,999.0,Safe
INV-006839,2023-12-30,PRD-0244,WH-03,1408,497,559,1346,0,72.2,Safe
INV-006840,2024-04-03,PRD-0172,WH-20,1352,246,299,1299,0,130.3,Safe
INV-006841,2023-12-11,PRD-0267,WH-04,1606,37,263,1380,0,157.4,Safe
INV-006842,2023-09-13,PRD-0260,WH-03,1571,465,569,1467,0,77.3,Safe
INV-006843,2023-01-20,PRD-0194,WH-12,1339,456,514,1281,0,74.8,Safe
INV-006844,2023-07-06,PRD-0249,WH-11,1681,449,373,1757,0,141.3,Safe
INV-006845,2023-10-07,PRD-0444,WH-13,343,230,556,17,0,0.9,Critical
INV-006846,2024-03-31,PRD-0206,WH-07,1567,163,523,1207,0,69.2,Safe
INV-006847,2023-11-30,PRD-0188,WH-12,1234,259,173,1320,0,228.9,Safe
INV-006848,2024-03-01,PRD-0102,WH-17,1740,329,150,1919,0,383.8,Safe
INV-006849,2024-03-11,PRD-0283,WH-05,740,223,399,564,0,42.4,Safe
INV-006850,2023-10-30,PRD-0476,WH-13,1316,72,480,908,0,56.8,Safe
INV-006851,2023-07-18,PRD-0303,WH-12,123,124,171,76,0,13.3,Warning
INV-006852,2023-03-12,PRD-0171,WH-08,635,91,123,603,0,147.1,Safe
INV-006853,2024-06-06,PRD-0447,WH-16,1187,384,248,1323,0,160.0,Safe
INV-006854,2024-02-09,PRD-0327,WH-18,293,126,172,247,0,43.1,Safe
INV-006855,2023-04-29,PRD-0268,WH-19,1179,4,417,766,0,55.1,Safe
INV-006856,2023-04-04,PRD-0073,WH-01,228,232,272,188,0,20.7,Safe
INV-006857,2023-07-21,PRD-0491,WH-10,1981,143,85,2039,0,719.6,Safe
INV-006858,2024-04-03,PRD-0476,WH-18,1984,142,439,1687,0,115.3,Safe
INV-006859,2023-05-06,PRD-0402,WH-14,565,159,22,702,0,957.3,Safe
INV-006860,2023-07-03,PRD-0500,WH-08,90,246,249,87,0,10.5,Warning
INV-006861,2024-03-14,PRD-0321,WH-01,640,221,136,725,0,159.9,Safe
INV-006862,2023-03-25,PRD-0218,WH-18,1673,383,535,1521,0,85.3,Safe
INV-006863,2023-12-28,PRD-0131,WH-08,1915,244,14,2145,0,999.0,Safe
INV-006864,2023-04-18,PRD-0485,WH-05,2000,294,31,2263,0,999.0,Safe
INV-006865,2023-03-09,PRD-0292,WH-20,581,267,573,275,0,14.4,Safe
INV-006866,2023-07-22,PRD-0170,WH-04,1509,163,6,1666,0,999.0,Safe
INV-006867,2023-08-25,PRD-0088,WH-13,1571,91,583,1079,0,55.5,Safe
INV-006868,2024-04-06,PRD-0328,WH-04,398,18,379,37,0,2.9,Critical
INV-006869,2024-09-17,PRD-0015,WH-12,290,175,117,348,0,89.2,Safe
INV-006870,2023-09-25,PRD-0153,WH-09,1321,481,3,1799,0,999.0,Safe
INV-006871,2024-08-05,PRD-0464,WH-04,1894,491,152,2233,0,440.7,Safe
INV-006872,2023-01-05,PRD-0062,WH-18,695,61,272,484,0,53.4,Safe
INV-006873,2024-09-05,PRD-0046,WH-13,1028,232,368,892,0,72.7,Safe
INV-006874,2023-03-31,PRD-0061,WH-15,503,412,278,637,0,68.7,Safe
INV-006875,2023-05-17,PRD-0404,WH-09,1114,333,434,1013,0,70.0,Safe
INV-006876,2024-07-06,PRD-0062,WH-01,979,419,370,1028,0,83.4,Safe
INV-006877,2023-10-16,PRD-0353,WH-18,1618,274,187,1705,0,273.5,Safe
INV-006878,2023-09-28,PRD-0273,WH-11,865,460,420,905,0,64.6,Safe
INV-006879,2024-08-13,PRD-0195,WH-02,1081,21,152,950,0,187.5,Safe
INV-006880,2023-11-25,PRD-0340,WH-10,303,152,449,6,0,0.4,Critical
INV-006881,2024-07-17,PRD-0398,WH-12,1430,40,329,1141,0,104.0,Safe
INV-006882,2024-05-19,PRD-0005,WH-07,1073,426,593,906,0,45.8,Safe
INV-006883,2023-10-20,PRD-0324,WH-01,301,67,267,101,0,11.3,Warning
INV-006884,2023-07-26,PRD-0219,WH-11,744,427,466,705,0,45.4,Safe
INV-006885,2024-02-08,PRD-0036,WH-19,1684,437,141,1980,0,421.3,Safe
INV-006886,2024-05-20,PRD-0016,WH-17,1666,317,195,1788,0,275.1,Safe
INV-006887,2024-04-02,PRD-0485,WH-19,806,268,476,598,0,37.7,Safe
INV-006888,2024-04-13,PRD-0461,WH-12,1945,163,239,1869,0,234.6,Safe
INV-006889,2024-05-22,PRD-0246,WH-08,1209,196,294,1111,0,113.4,Safe
INV-006890,2023-11-17,PRD-0290,WH-15,248,252,463,37,0,2.4,Critical
INV-006891,2023-08-20,PRD-0060,WH-05,669,135,340,464,0,40.9,Safe
INV-006892,2023-01-05,PRD-0078,WH-18,611,363,140,834,0,178.7,Safe
INV-006893,2024-08-17,PRD-0214,WH-18,736,483,380,839,0,66.2,Safe
INV-006894,2024-04-04,PRD-0109,WH-18,1311,283,38,1556,0,999.0,Safe
INV-006895,2024-03-24,PRD-0121,WH-01,368,215,11,572,0,999.0,Safe
INV-006896,2023-01-13,PRD-0097,WH-05,946,417,297,1066,0,107.7,Safe
INV-006897,2023-04-24,PRD-0363,WH-09,610,376,183,803,0,131.6,Safe
INV-006898,2024-06-28,PRD-0055,WH-08,1949,216,46,2119,0,999.0,Safe
INV-006899,2024-05-09,PRD-0324,WH-02,1972,292,44,2220,0,999.0,Safe
INV-006900,2024-03-09,PRD-0440,WH-12,154,162,94,222,0,70.9,Safe
INV-006901,2023-04-20,PRD-0347,WH-13,1920,224,149,1995,0,401.7,Safe
INV-006902,2023-04-12,PRD-0262,WH-11,666,367,345,688,0,59.8,Safe
INV-006903,2024-01-16,PRD-0315,WH-12,1068,324,35,1357,0,999.0,Safe
INV-006904,2024-03-01,PRD-0185,WH-04,1263,58,206,1115,0,162.4,Safe
INV-006905,2023-06-13,PRD-0344,WH-05,456,471,540,387,0,21.5,Safe
INV-006906,2024-05-28,PRD-0073,WH-05,1119,105,268,956,0,107.0,Safe
INV-006907,2023-08-20,PRD-0308,WH-18,170,372,405,137,0,10.1,Warning
INV-006908,2023-05-15,PRD-0125,WH-05,1265,152,286,1131,0,118.6,Safe
INV-006909,2024-03-25,PRD-0319,WH-11,1570,352,238,1684,0,212.3,Safe
INV-006910,2024-05-14,PRD-0254,WH-02,769,155,412,512,0,37.3,Safe
INV-006911,2023-02-16,PRD-0489,WH-09,1422,309,199,1532,0,231.0,Safe
INV-006912,2024-04-22,PRD-0261,WH-11,1522,333,231,1624,0,210.9,Safe
INV-006913,2024-08-04,PRD-0297,WH-08,2000,50,327,1723,0,158.1,Safe
INV-006914,2023-07-31,PRD-0250,WH-08,776,299,211,864,0,122.8,Safe
INV-006915,2023-10-11,PRD-0404,WH-20,1839,374,463,1750,0,113.4,Safe
INV-006916,2024-03-11,PRD-0247,WH-17,608,206,351,463,0,39.6,Safe
INV-006917,2023-03-09,PRD-0302,WH-04,35,13,15,33,0,66.0,Safe
INV-006918,2023-10-19,PRD-0311,WH-05,391,247,592,46,0,2.3,Critical
INV-006919,2023-02-19,PRD-0141,WH-15,790,492,320,962,0,90.2,Safe
INV-006920,2023-03-13,PRD-0247,WH-19,543,212,375,380,0,30.4,Safe
INV-006921,2023-09-22,PRD-0286,WH-11,87,345,317,115,0,10.9,Warning
INV-006922,2023-01-11,PRD-0370,WH-01,1893,272,293,1872,0,191.7,Safe
INV-006923,2023-05-16,PRD-0165,WH-11,452,267,68,651,0,287.2,Safe
INV-006924,2023-01-26,PRD-0267,WH-15,527,352,51,828,0,487.1,Safe
INV-006925,2023-03-14,PRD-0447,WH-06,1040,466,157,1349,0,257.8,Safe
INV-006926,2024-07-06,PRD-0210,WH-13,503,54,397,160,0,12.1,Warning
INV-006927,2023-10-14,PRD-0275,WH-18,1342,191,423,1110,0,78.7,Safe
INV-006928,2024-09-17,PRD-0325,WH-10,1614,464,210,1868,0,266.9,Safe
INV-006929,2024-03-17,PRD-0388,WH-17,71,86,115,42,0,11.0,Warning
INV-006930,2023-08-03,PRD-0368,WH-02,1284,456,282,1458,0,155.1,Safe
INV-006931,2024-02-06,PRD-0134,WH-18,808,453,336,925,0,82.6,Safe
INV-006932,2024-04-08,PRD-0438,WH-19,1878,309,103,2084,0,607.0,Safe
INV-006933,2023-07-19,PRD-0398,WH-20,15,443,279,179,0,19.2,Safe
INV-006934,2023-04-05,PRD-0230,WH-09,1652,449,427,1674,0,117.6,Safe
INV-006935,2024-07-31,PRD-0314,WH-10,382,192,277,297,0,32.2,Safe
INV-006936,2024-08-14,PRD-0490,WH-11,537,482,136,883,0,194.8,Safe
INV-006937,2023-12-23,PRD-0429,WH-16,173,156,247,82,0,10.0,Warning
INV-006938,2023-10-31,PRD-0109,WH-04,194,460,372,282,0,22.7,Safe
INV-006939,2024-07-06,PRD-0427,WH-02,1589,231,6,1814,0,999.0,Safe
INV-006940,2023-06-19,PRD-0041,WH-01,1977,430,16,2391,0,999.0,Safe
INV-006941,2023-06-22,PRD-0053,WH-11,1586,491,158,1919,0,364.4,Safe
INV-006942,2023-11-04,PRD-0324,WH-08,1291,22,552,761,0,41.4,Safe
INV-006943,2023-12-06,PRD-0444,WH-05,1919,270,73,2116,0,869.6,Safe
INV-006944,2024-08-17,PRD-0303,WH-05,1506,216,476,1246,0,78.5,Safe
INV-006945,2024-03-21,PRD-0327,WH-18,114,206,141,179,0,38.1,Safe
INV-006946,2024-03-09,PRD-0249,WH-01,1442,488,597,1333,0,67.0,Safe
INV-006947,2023-11-18,PRD-0448,WH-14,1984,14,351,1647,0,140.8,Safe
INV-006948,2023-06-28,PRD-0190,WH-08,1089,231,279,1041,0,111.9,Safe
INV-006949,2024-01-21,PRD-0475,WH-20,1717,302,428,1591,0,111.5,Safe
INV-006950,2024-07-09,PRD-0491,WH-17,1737,432,430,1739,0,121.3,Safe
INV-006951,2023-11-11,PRD-0195,WH-04,32,246,244,34,0,4.2,Critical
INV-006952,2024-07-02,PRD-0236,WH-07,147,209,114,242,0,63.7,Safe
INV-006953,2023-01-12,PRD-0102,WH-11,1992,339,493,1838,0,111.8,Safe
INV-006954,2023-06-10,PRD-0096,WH-04,932,376,430,878,0,61.3,Safe
INV-006955,2024-04-06,PRD-0367,WH-17,1965,249,125,2089,0,501.4,Safe
INV-006956,2023-10-05,PRD-0454,WH-09,360,71,127,304,0,71.8,Safe
INV-006957,2023-07-19,PRD-0174,WH-06,1801,183,239,1745,0,219.0,Safe
INV-006958,2023-08-13,PRD-0071,WH-10,1611,470,300,1781,0,178.1,Safe
INV-006959,2023-03-18,PRD-0479,WH-15,984,443,61,1366,0,671.8,Safe
INV-006960,2024-08-29,PRD-0186,WH-04,1587,294,340,1541,0,136.0,Safe
INV-006961,2024-09-21,PRD-0441,WH-09,925,28,409,544,0,39.9,Safe
INV-006962,2023-12-09,PRD-0343,WH-05,231,83,165,149,0,27.1,Safe
INV-006963,2023-02-02,PRD-0135,WH-03,460,111,441,130,0,8.8,Warning
INV-006964,2023-07-13,PRD-0293,WH-07,1681,130,492,1319,0,80.4,Safe
INV-006965,2024-03-23,PRD-0042,WH-11,63,112,34,141,0,124.4,Safe
INV-006966,2023-01-04,PRD-0337,WH-06,1528,79,210,1397,0,199.6,Safe
INV-006967,2024-09-30,PRD-0295,WH-20,1049,402,491,960,0,58.7,Safe
INV-006968,2024-05-01,PRD-0252,WH-05,515,273,212,576,0,81.5,Safe
INV-006969,2024-03-28,PRD-0022,WH-11,1316,26,504,838,0,49.9,Safe
INV-006970,2024-08-28,PRD-0334,WH-16,1622,307,142,1787,0,377.5,Safe
INV-006971,2023-05-29,PRD-0423,WH-15,1448,225,528,1145,0,65.1,Safe
INV-006972,2023-12-24,PRD-0075,WH-15,110,210,192,128,0,20.0,Safe
INV-006973,2023-03-26,PRD-0205,WH-10,488,96,19,565,0,892.1,Safe
INV-006974,2024-05-08,PRD-0298,WH-19,1316,171,172,1315,0,229.4,Safe
INV-006975,2024-03-09,PRD-0050,WH-06,245,1,201,45,0,6.7,Critical
INV-006976,2023-07-05,PRD-0459,WH-03,524,112,50,586,0,351.6,Safe
INV-006977,2024-07-31,PRD-0067,WH-08,1852,397,465,1784,0,115.1,Safe
INV-006978,2024-05-28,PRD-0180,WH-13,1907,274,373,1808,0,145.4,Safe
INV-006979,2023-07-30,PRD-0091,WH-14,1626,58,455,1229,0,81.0,Safe
INV-006980,2023-04-19,PRD-0434,WH-08,259,477,472,264,0,16.8,Safe
INV-006981,2024-07-16,PRD-0308,WH-01,489,208,464,233,0,15.1,Safe
INV-006982,2024-04-25,PRD-0200,WH-15,1786,352,107,2031,0,569.4,Safe
INV-006983,2024-01-28,PRD-0464,WH-02,860,261,461,660,0,43.0,Safe
INV-006984,2023-12-14,PRD-0286,WH-12,196,422,590,28,0,1.4,Critical
INV-006985,2023-05-05,PRD-0144,WH-14,422,260,28,654,0,700.7,Safe
INV-006986,2024-01-09,PRD-0382,WH-17,8,159,118,49,0,12.5,Warning
INV-006987,2023-01-15,PRD-0101,WH-09,605,124,487,242,0,14.9,Safe
INV-006988,2024-04-17,PRD-0250,WH-01,855,411,87,1179,0,406.6,Safe
INV-006989,2023-12-25,PRD-0144,WH-06,1291,397,260,1428,0,164.8,Safe
INV-006990,2023-01-13,PRD-0170,WH-07,1733,326,432,1627,0,113.0,Safe
INV-006991,2023-08-05,PRD-0482,WH-12,1569,106,364,1311,0,108.0,Safe
INV-006992,2023-08-31,PRD-0121,WH-13,1453,498,218,1733,0,238.5,Safe
INV-006993,2023-10-18,PRD-0045,WH-08,325,212,113,424,0,112.6,Safe
INV-006994,2024-07-24,PRD-0010,WH-08,1576,500,395,1681,0,127.7,Safe
INV-006995,2023-12-24,PRD-0489,WH-09,693,422,407,708,0,52.2,Safe
INV-006996,2024-08-20,PRD-0068,WH-08,1270,44,548,766,0,41.9,Safe
INV-006997,2023-02-07,PRD-0181,WH-17,1668,188,71,1785,0,754.2,Safe
INV-006998,2024-08-20,PRD-0127,WH-18,1598,150,372,1376,0,111.0,Safe
INV-006999,2024-09-22,PRD-0337,WH-18,838,27,592,273,0,13.8,Warning
INV-007000,2023-05-06,PRD-0131,WH-09,48,290,36,302,0,251.7,Safe
INV-007001,2024-03-20,PRD-0297,WH-17,487,292,101,678,0,201.4,Safe
INV-007002,2024-05-13,PRD-0203,WH-09,1551,99,61,1589,0,781.5,Safe
INV-007003,2023-05-23,PRD-0490,WH-06,1437,348,470,1315,0,83.9,Safe
INV-007004,2024-07-11,PRD-0346,WH-18,1793,122,178,1737,0,292.8,Safe
INV-007005,2024-02-14,PRD-0167,WH-14,534,27,182,379,0,62.5,Safe
INV-007006,2023-04-25,PRD-0469,WH-16,1403,96,480,1019,0,63.7,Safe
INV-007007,2024-05-18,PRD-0435,WH-01,1063,472,354,1181,0,100.1,Safe
INV-007008,2023-10-24,PRD-0189,WH-20,361,278,36,603,0,502.5,Safe
INV-007009,2023-07-01,PRD-0169,WH-17,1975,126,470,1631,0,104.1,Safe
INV-007010,2024-07-27,PRD-0063,WH-20,80,153,212,21,0,3.0,Critical
INV-007011,2024-02-14,PRD-0409,WH-11,565,235,75,725,0,290.0,Safe
INV-007012,2023-06-11,PRD-0264,WH-14,866,208,122,952,0,234.1,Safe
INV-007013,2023-03-19,PRD-0453,WH-19,1653,26,521,1158,0,66.7,Safe
INV-007014,2024-08-01,PRD-0342,WH-05,1215,191,442,964,0,65.4,Safe
INV-007015,2024-03-09,PRD-0285,WH-04,58,24,81,1,0,0.4,Critical
INV-007016,2023-12-04,PRD-0248,WH-15,1764,379,429,1714,0,119.9,Safe
INV-007017,2024-02-17,PRD-0413,WH-17,1586,169,6,1749,0,999.0,Safe
INV-007018,2023-06-08,PRD-0429,WH-20,1407,482,19,1870,0,999.0,Safe
INV-007019,2024-02-27,PRD-0064,WH-20,266,241,349,158,0,13.6,Warning
INV-007020,2024-03-17,PRD-0054,WH-13,667,349,561,455,0,24.3,Safe
INV-007021,2023-02-11,PRD-0210,WH-18,706,11,213,504,0,71.0,Safe
INV-007022,2023-03-16,PRD-0235,WH-20,1188,351,244,1295,0,159.2,Safe
INV-007023,2024-01-04,PRD-0218,WH-09,263,6,169,100,0,17.8,Safe
INV-007024,2023-11-13,PRD-0355,WH-18,96,221,133,184,0,41.5,Safe
INV-007025,2023-08-14,PRD-0371,WH-19,1591,216,242,1565,0,194.0,Safe
INV-007026,2024-08-08,PRD-0269,WH-15,949,196,165,980,0,178.2,Safe
INV-007027,2023-10-10,PRD-0300,WH-13,396,221,384,233,0,18.2,Safe
INV-007028,2023-06-11,PRD-0091,WH-20,63,482,455,90,0,5.9,Critical
INV-007029,2023-08-31,PRD-0247,WH-18,976,331,158,1149,0,218.2,Safe
INV-007030,2023-04-26,PRD-0036,WH-16,390,4,173,221,0,38.3,Safe
INV-007031,2024-07-10,PRD-0458,WH-15,156,122,148,130,0,26.4,Safe
INV-007032,2023-11-24,PRD-0425,WH-02,1068,326,271,1123,0,124.3,Safe
INV-007033,2024-07-30,PRD-0390,WH-10,946,373,8,1311,0,999.0,Safe
INV-007034,2024-08-13,PRD-0393,WH-07,164,497,468,193,0,12.4,Warning
INV-007035,2023-11-28,PRD-0244,WH-04,1643,271,434,1480,0,102.3,Safe
INV-007036,2023-10-12,PRD-0002,WH-12,653,326,509,470,0,27.7,Safe
INV-007037,2023-07-02,PRD-0370,WH-13,1162,339,191,1310,0,205.8,Safe
INV-007038,2023-03-29,PRD-0272,WH-15,1885,115,361,1639,0,136.2,Safe
INV-007039,2023-07-11,PRD-0486,WH-18,545,216,112,649,0,173.8,Safe
INV-007040,2023-12-22,PRD-0471,WH-12,1176,423,3,1596,0,999.0,Safe
INV-007041,2024-04-17,PRD-0003,WH-09,344,116,205,255,0,37.3,Safe
INV-007042,2023-03-03,PRD-0261,WH-15,1521,204,347,1378,0,119.1,Safe
INV-007043,2024-06-24,PRD-0252,WH-03,472,276,308,440,0,42.9,Safe
INV-007044,2023-02-21,PRD-0496,WH-19,1471,267,420,1318,0,94.1,Safe
INV-007045,2023-12-06,PRD-0075,WH-13,277,90,330,37,0,3.4,Critical
INV-007046,2023-02-16,PRD-0451,WH-20,1222,455,122,1555,0,382.4,Safe
INV-007047,2024-07-05,PRD-0389,WH-17,778,312,481,609,0,38.0,Safe
INV-007048,2023-02-10,PRD-0350,WH-08,497,172,570,99,0,5.2,Critical
INV-007049,2024-01-31,PRD-0046,WH-05,1467,82,228,1321,0,173.8,Safe
INV-007050,2024-02-09,PRD-0458,WH-19,1841,232,89,1984,0,668.8,Safe
INV-007051,2023-03-25,PRD-0293,WH-05,654,149,484,319,0,19.8,Safe
INV-007052,2024-01-06,PRD-0214,WH-07,1562,367,2,1927,0,999.0,Safe
INV-007053,2024-03-03,PRD-0030,WH-08,1391,168,559,1000,0,53.7,Safe
INV-007054,2023-12-04,PRD-0394,WH-16,311,392,384,319,0,24.9,Safe
INV-007055,2024-06-15,PRD-0466,WH-17,1223,220,329,1114,0,101.6,Safe
INV-007056,2023-12-23,PRD-0138,WH-04,1827,347,354,1820,0,154.2,Safe
INV-007057,2023-09-24,PRD-0205,WH-18,626,116,282,460,0,48.9,Safe
INV-007058,2023-10-26,PRD-0314,WH-06,853,469,161,1161,0,216.3,Safe
INV-007059,2023-08-30,PRD-0497,WH-12,1353,113,434,1032,0,71.3,Safe
INV-007060,2023-02-04,PRD-0031,WH-17,1690,174,185,1679,0,272.3,Safe
INV-007061,2023-05-19,PRD-0209,WH-08,1101,36,179,958,0,160.6,Safe
INV-007062,2023-12-29,PRD-0420,WH-20,1268,285,241,1312,0,163.3,Safe
INV-007063,2023-02-28,PRD-0338,WH-08,563,201,256,508,0,59.5,Safe
INV-007064,2023-03-13,PRD-0219,WH-10,252,353,588,17,0,0.9,Critical
INV-007065,2024-07-26,PRD-0171,WH-16,1236,445,320,1361,0,127.6,Safe
INV-007066,2024-01-20,PRD-0317,WH-12,1404,135,351,1188,0,101.5,Safe
INV-007067,2023-06-24,PRD-0305,WH-16,695,102,267,530,0,59.6,Safe
INV-007068,2024-08-30,PRD-0499,WH-05,365,169,341,193,0,17.0,Safe
INV-007069,2024-01-16,PRD-0155,WH-15,141,83,39,185,0,142.3,Safe
INV-007070,2023-12-09,PRD-0208,WH-13,527,24,516,35,0,2.0,Critical
INV-007071,2023-06-26,PRD-0036,WH-03,1217,373,380,1210,0,95.5,Safe
INV-007072,2024-02-26,PRD-0491,WH-03,199,228,191,236,0,37.1,Safe
INV-007073,2023-02-12,PRD-0193,WH-08,1992,445,453,1984,0,131.4,Safe
INV-007074,2024-09-10,PRD-0145,WH-11,612,379,15,976,0,999.0,Safe
INV-007075,2024-02-06,PRD-0011,WH-12,486,212,11,687,0,999.0,Safe
INV-007076,2023-08-08,PRD-0119,WH-10,1160,479,44,1595,0,999.0,Safe
INV-007077,2023-03-22,PRD-0161,WH-01,34,3,11,26,0,70.9,Safe
INV-007078,2023-01-24,PRD-0427,WH-05,619,313,45,887,0,591.3,Safe
INV-007079,2024-09-09,PRD-0294,WH-17,678,387,417,648,0,46.6,Safe
INV-007080,2024-01-23,PRD-0298,WH-03,1257,19,395,881,0,66.9,Safe
INV-007081,2024-06-20,PRD-0043,WH-12,453,28,86,395,0,137.8,Safe
INV-007082,2023-07-14,PRD-0020,WH-16,1425,129,61,1493,0,734.3,Safe
INV-007083,2024-04-02,PRD-0208,WH-15,670,25,120,575,0,143.8,Safe
INV-007084,2024-05-28,PRD-0135,WH-08,726,418,298,846,0,85.2,Safe
INV-007085,2024-07-08,PRD-0095,WH-19,1121,399,400,1120,0,84.0,Safe
INV-007086,2024-05-30,PRD-0034,WH-17,438,362,562,238,0,12.7,Warning
INV-007087,2024-06-16,PRD-0339,WH-02,1301,253,390,1164,0,89.5,Safe
INV-007088,2024-05-20,PRD-0422,WH-01,1413,49,171,1291,0,226.5,Safe
INV-007089,2023-10-31,PRD-0399,WH-17,1514,266,71,1709,0,722.1,Safe
INV-007090,2023-11-09,PRD-0488,WH-15,785,409,484,710,0,44.0,Safe
INV-007091,2024-02-29,PRD-0289,WH-12,505,313,547,271,0,14.9,Safe
INV-007092,2023-08-30,PRD-0312,WH-18,784,401,54,1131,0,628.3,Safe
INV-007093,2023-11-24,PRD-0202,WH-18,62,151,137,76,0,16.6,Safe
INV-007094,2024-01-29,PRD-0410,WH-11,377,306,328,355,0,32.5,Safe
INV-007095,2024-08-09,PRD-0305,WH-11,277,133,161,249,0,46.4,Safe
INV-007096,2023-06-03,PRD-0159,WH-19,1758,282,204,1836,0,270.0,Safe
INV-007097,2024-05-03,PRD-0099,WH-11,1869,495,353,2011,0,170.9,Safe
INV-007098,2024-08-12,PRD-0237,WH-08,1585,210,594,1201,0,60.7,Safe
INV-007099,2023-07-24,PRD-0151,WH-08,126,171,173,124,0,21.5,Safe
INV-007100,2023-02-12,PRD-0456,WH-04,1936,270,69,2137,0,929.1,Safe
INV-007101,2024-01-10,PRD-0463,WH-04,1137,445,229,1353,0,177.2,Safe
INV-007102,2023-09-14,PRD-0492,WH-16,1374,342,112,1604,0,429.6,Safe
INV-007103,2023-11-15,PRD-0465,WH-05,1638,438,115,1961,0,511.6,Safe
INV-007104,2023-11-05,PRD-0105,WH-14,540,31,102,469,0,137.9,Safe
INV-007105,2023-07-30,PRD-0159,WH-03,1019,276,383,912,0,71.4,Safe
INV-007106,2023-11-27,PRD-0061,WH-06,1035,8,54,989,0,549.4,Safe
INV-007107,2023-11-11,PRD-0452,WH-10,361,128,428,61,0,4.3,Critical
INV-007108,2024-08-11,PRD-0123,WH-08,727,385,195,917,0,141.1,Safe
INV-007109,2023-04-18,PRD-0333,WH-20,1982,320,466,1836,0,118.2,Safe
INV-007110,2024-03-27,PRD-0163,WH-09,737,165,425,477,0,33.7,Safe
INV-007111,2023-07-08,PRD-0055,WH-11,1666,195,29,1832,0,999.0,Safe
INV-007112,2024-02-24,PRD-0007,WH-04,1160,132,471,821,0,52.3,Safe
INV-007113,2023-01-03,PRD-0284,WH-02,463,263,240,486,0,60.8,Safe
INV-007114,2023-10-06,PRD-0216,WH-07,1552,476,395,1633,0,124.0,Safe
INV-007115,2023-04-12,PRD-0332,WH-12,1092,350,2,1440,0,999.0,Safe
INV-007116,2023-08-19,PRD-0490,WH-17,1433,154,312,1275,0,122.6,Safe
INV-007117,2024-02-27,PRD-0279,WH-03,1176,450,174,1452,0,250.3,Safe
INV-007118,2024-04-26,PRD-0459,WH-04,1137,457,237,1357,0,171.8,Safe
INV-007119,2023-05-26,PRD-0219,WH-05,312,260,65,507,0,234.0,Safe
INV-007120,2024-02-10,PRD-0221,WH-08,767,139,409,497,0,36.5,Safe
INV-007121,2023-07-12,PRD-0424,WH-05,893,92,315,670,0,63.8,Safe
INV-007122,2024-01-19,PRD-0441,WH-02,1221,162,286,1097,0,115.1,Safe
INV-007123,2023-09-13,PRD-0239,WH-09,405,109,214,300,0,42.1,Safe
INV-007124,2023-11-17,PRD-0446,WH-12,1820,75,177,1718,0,291.2,Safe
INV-007125,2023-10-30,PRD-0388,WH-13,1575,329,279,1625,0,174.7,Safe
INV-007126,2024-02-25,PRD-0278,WH-05,55,268,69,254,0,110.4,Safe
INV-007127,2023-10-07,PRD-0005,WH-07,1472,395,529,1338,0,75.9,Safe
INV-007128,2023-07-17,PRD-0294,WH-09,832,490,195,1127,0,173.4,Safe
INV-007129,2024-06-05,PRD-0008,WH-19,262,427,579,110,0,5.7,Critical
INV-007130,2023-04-06,PRD-0164,WH-02,1159,15,488,686,0,42.2,Safe
INV-007131,2024-04-17,PRD-0119,WH-14,321,265,143,443,0,92.9,Safe
INV-007132,2023-11-02,PRD-0471,WH-06,1050,123,164,1009,0,184.6,Safe
INV-007133,2023-04-21,PRD-0322,WH-05,782,201,590,393,0,20.0,Safe
INV-007134,2024-01-31,PRD-0065,WH-02,1007,483,232,1258,0,162.7,Safe
INV-007135,2023-08-12,PRD-0412,WH-02,764,45,20,789,0,999.0,Safe
INV-007136,2023-03-26,PRD-0392,WH-03,1002,361,441,922,0,62.7,Safe
INV-007137,2024-01-09,PRD-0208,WH-17,1476,7,544,939,0,51.8,Safe
INV-007138,2024-06-25,PRD-0187,WH-10,1224,375,450,1149,0,76.6,Safe
INV-007139,2023-07-09,PRD-0412,WH-15,194,435,306,323,0,31.7,Safe
INV-007140,2024-01-17,PRD-0394,WH-02,850,376,587,639,0,32.7,Safe
INV-007141,2024-01-14,PRD-0491,WH-11,1014,134,298,850,0,85.6,Safe
INV-007142,2024-01-31,PRD-0369,WH-11,480,443,396,527,0,39.9,Safe
INV-007143,2024-09-09,PRD-0483,WH-16,1440,316,230,1526,0,199.0,Safe
INV-007144,2024-09-16,PRD-0182,WH-19,858,408,448,818,0,54.8,Safe
INV-007145,2024-09-14,PRD-0487,WH-19,200,348,495,53,0,3.2,Critical
INV-007146,2023-06-13,PRD-0381,WH-13,1762,250,144,1868,0,389.2,Safe
INV-007147,2023-05-15,PRD-0452,WH-18,342,330,471,201,0,12.8,Warning
INV-007148,2024-09-09,PRD-0439,WH-08,1269,470,556,1183,0,63.8,Safe
INV-007149,2023-01-03,PRD-0022,WH-10,600,154,347,407,0,35.2,Safe
INV-007150,2023-04-09,PRD-0169,WH-18,1476,49,309,1216,0,118.1,Safe
INV-007151,2023-11-11,PRD-0099,WH-18,280,219,9,490,0,999.0,Safe
INV-007152,2023-03-31,PRD-0349,WH-02,200,237,88,349,0,119.0,Safe
INV-007153,2024-01-13,PRD-0485,WH-12,632,237,1,868,0,999.0,Safe
INV-007154,2023-04-23,PRD-0075,WH-14,927,106,152,881,0,173.9,Safe
INV-007155,2024-05-06,PRD-0232,WH-02,285,360,84,561,0,200.4,Safe
INV-007156,2024-04-20,PRD-0241,WH-15,1128,273,441,960,0,65.3,Safe
INV-007157,2023-10-01,PRD-0464,WH-09,1227,188,3,1412,0,999.0,Safe
INV-007158,2023-11-09,PRD-0487,WH-12,1754,413,148,2019,0,409.3,Safe
INV-007159,2024-08-03,PRD-0359,WH-15,197,71,11,257,0,700.9,Safe
INV-007160,2024-03-11,PRD-0112,WH-03,601,187,403,385,0,28.7,Safe
INV-007161,2023-01-29,PRD-0254,WH-06,1964,416,423,1957,0,138.8,Safe
INV-007162,2023-03-13,PRD-0019,WH-03,1911,415,119,2207,0,556.4,Safe
INV-007163,2024-06-06,PRD-0190,WH-04,416,388,164,640,0,117.1,Safe
INV-007164,2023-08-15,PRD-0176,WH-09,28,373,4,397,0,999.0,Safe
INV-007165,2023-12-14,PRD-0139,WH-12,374,462,180,656,0,109.3,Safe
INV-007166,2023-12-07,PRD-0016,WH-10,1397,466,116,1747,0,451.8,Safe
INV-007167,2023-07-20,PRD-0161,WH-09,1536,273,595,1214,0,61.2,Safe
INV-007168,2024-09-07,PRD-0057,WH-19,1690,497,442,1745,0,118.4,Safe
INV-007169,2023-08-01,PRD-0381,WH-10,1927,14,114,1827,0,480.8,Safe
INV-007170,2024-08-22,PRD-0410,WH-06,701,268,170,799,0,141.0,Safe
INV-007171,2024-07-28,PRD-0009,WH-05,1184,381,517,1048,0,60.8,Safe
INV-007172,2024-01-26,PRD-0120,WH-17,227,75,190,112,0,17.7,Safe
INV-007173,2024-05-27,PRD-0323,WH-09,1929,484,251,2162,0,258.4,Safe
INV-007174,2023-08-09,PRD-0110,WH-13,426,110,372,164,0,13.2,Warning
INV-007175,2023-04-03,PRD-0154,WH-11,1295,209,186,1318,0,212.6,Safe
INV-007176,2023-04-12,PRD-0213,WH-13,1957,93,461,1589,0,103.4,Safe
INV-007177,2024-02-08,PRD-0475,WH-02,1425,36,77,1384,0,539.2,Safe
INV-007178,2024-05-27,PRD-0065,WH-09,133,394,146,381,0,78.3,Safe
INV-007179,2023-10-24,PRD-0190,WH-04,745,80,161,664,0,123.7,Safe
INV-007180,2023-08-13,PRD-0065,WH-11,1474,112,411,1175,0,85.8,Safe
INV-007181,2023-05-01,PRD-0484,WH-07,1771,263,459,1575,0,102.9,Safe
INV-007182,2024-01-09,PRD-0284,WH-01,1606,380,272,1714,0,189.0,Safe
INV-007183,2023-01-16,PRD-0101,WH-19,468,225,587,106,0,5.4,Critical
INV-007184,2024-08-03,PRD-0331,WH-20,597,424,13,1008,0,999.0,Safe
INV-007185,2023-07-29,PRD-0259,WH-05,1545,193,200,1538,0,230.7,Safe
INV-007186,2024-08-18,PRD-0281,WH-02,801,492,277,1016,0,110.0,Safe
INV-007187,2023-09-27,PRD-0163,WH-06,1490,381,443,1428,0,96.7,Safe
INV-007188,2024-05-07,PRD-0023,WH-04,391,253,103,541,0,157.6,Safe
INV-007189,2024-05-20,PRD-0458,WH-20,838,134,163,809,0,148.9,Safe
INV-007190,2024-03-24,PRD-0349,WH-02,1264,287,20,1531,0,999.0,Safe
INV-007191,2024-05-01,PRD-0444,WH-03,1828,421,391,1858,0,142.6,Safe
INV-007192,2024-03-14,PRD-0292,WH-17,1769,280,478,1571,0,98.6,Safe
INV-007193,2024-04-26,PRD-0080,WH-07,1453,359,322,1490,0,138.8,Safe
INV-007194,2024-08-11,PRD-0184,WH-16,134,417,163,388,0,71.4,Safe
INV-007195,2023-08-01,PRD-0017,WH-02,97,420,395,122,0,9.3,Warning
INV-007196,2023-11-08,PRD-0454,WH-07,1116,330,368,1078,0,87.9,Safe
INV-007197,2023-12-11,PRD-0277,WH-20,373,223,361,235,0,19.5,Safe
INV-007198,2024-01-10,PRD-0186,WH-06,935,411,414,932,0,67.5,Safe
INV-007199,2024-02-08,PRD-0112,WH-13,317,48,303,62,0,6.1,Critical
INV-007200,2024-03-24,PRD-0062,WH-14,115,185,222,78,0,10.5,Warning
INV-007201,2023-08-15,PRD-0076,WH-20,659,192,168,683,0,122.0,Safe
INV-007202,2023-07-07,PRD-0488,WH-10,1482,483,335,1630,0,146.0,Safe
INV-007203,2024-05-04,PRD-0460,WH-02,846,471,0,1317,0,999.0,Safe
INV-007204,2023-02-11,PRD-0411,WH-09,27,251,189,89,0,14.1,Safe
INV-007205,2023-05-16,PRD-0025,WH-20,575,450,15,1010,0,999.0,Safe
INV-007206,2023-05-04,PRD-0463,WH-13,294,437,465,266,0,17.2,Safe
INV-007207,2024-08-19,PRD-0078,WH-02,1607,409,295,1721,0,175.0,Safe
INV-007208,2023-12-03,PRD-0272,WH-07,1708,140,171,1677,0,294.2,Safe
INV-007209,2024-04-11,PRD-0041,WH-08,62,427,87,402,0,138.6,Safe
INV-007210,2024-08-17,PRD-0376,WH-05,1650,255,111,1794,0,484.9,Safe
INV-007211,2023-07-31,PRD-0192,WH-06,934,464,457,941,0,61.8,Safe
INV-007212,2023-07-10,PRD-0377,WH-18,236,56,194,98,0,15.2,Safe
INV-007213,2024-02-24,PRD-0068,WH-01,1702,44,31,1715,0,999.0,Safe
INV-007214,2023-12-09,PRD-0314,WH-10,1248,494,491,1251,0,76.4,Safe
INV-007215,2023-07-07,PRD-0118,WH-16,916,365,452,829,0,55.0,Safe
INV-007216,2024-06-08,PRD-0302,WH-02,188,139,321,6,0,0.6,Critical
INV-007217,2024-01-28,PRD-0101,WH-04,1194,326,239,1281,0,160.8,Safe
INV-007218,2023-07-04,PRD-0106,WH-05,40,279,53,266,0,150.6,Safe
INV-007219,2023-09-12,PRD-0182,WH-04,1565,384,491,1458,0,89.1,Safe
INV-007220,2023-11-25,PRD-0007,WH-12,1277,81,531,827,0,46.7,Safe
INV-007221,2023-08-20,PRD-0049,WH-16,519,259,313,465,0,44.6,Safe
INV-007222,2024-09-13,PRD-0115,WH-06,472,369,121,720,0,178.5,Safe
INV-007223,2024-07-26,PRD-0031,WH-09,1277,74,263,1088,0,124.1,Safe
INV-007224,2023-01-30,PRD-0250,WH-10,1512,425,361,1576,0,131.0,Safe
INV-007225,2023-10-06,PRD-0058,WH-04,1858,291,18,2131,0,999.0,Safe
INV-007226,2024-07-02,PRD-0351,WH-19,1935,489,477,1947,0,122.5,Safe
INV-007227,2023-02-27,PRD-0096,WH-11,1219,372,179,1412,0,236.6,Safe
INV-007228,2023-03-16,PRD-0284,WH-09,1199,369,164,1404,0,256.8,Safe
INV-007229,2024-01-02,PRD-0405,WH-19,1544,142,313,1373,0,131.6,Safe
INV-007230,2023-08-08,PRD-0407,WH-13,991,3,139,855,0,184.5,Safe
INV-007231,2024-08-19,PRD-0092,WH-18,1723,462,379,1806,0,143.0,Safe
INV-007232,2024-09-01,PRD-0173,WH-03,1469,295,546,1218,0,66.9,Safe
INV-007233,2024-09-14,PRD-0293,WH-10,1244,283,501,1026,0,61.4,Safe
INV-007234,2024-05-28,PRD-0025,WH-06,661,69,449,281,0,18.8,Safe
INV-007235,2023-04-06,PRD-0052,WH-13,1308,49,390,967,0,74.4,Safe
INV-007236,2024-07-06,PRD-0184,WH-01,1022,285,568,739,0,39.0,Safe
INV-007237,2023-12-19,PRD-0303,WH-14,142,127,79,190,0,72.2,Safe
INV-007238,2023-10-28,PRD-0465,WH-05,1601,293,422,1472,0,104.6,Safe
INV-007239,2023-03-31,PRD-0192,WH-06,474,155,502,127,0,7.6,Warning
INV-007240,2024-03-13,PRD-0038,WH-01,916,205,207,914,0,132.5,Safe
INV-007241,2024-05-08,PRD-0192,WH-08,577,390,595,372,0,18.8,Safe
INV-007242,2024-05-12,PRD-0232,WH-12,778,462,119,1121,0,282.6,Safe
INV-007243,2023-08-06,PRD-0156,WH-15,795,69,362,502,0,41.6,Safe
INV-007244,2023-08-04,PRD-0318,WH-16,1762,320,177,1905,0,322.9,Safe
INV-007245,2024-08-29,PRD-0119,WH-09,1220,382,123,1479,0,360.7,Safe
INV-007246,2023-11-04,PRD-0351,WH-20,435,480,310,605,0,58.5,Safe
INV-007247,2023-06-24,PRD-0146,WH-06,1711,339,179,1871,0,313.6,Safe
INV-007248,2024-06-25,PRD-0429,WH-18,69,235,149,155,0,31.2,Safe
INV-007249,2023-02-03,PRD-0350,WH-12,1088,104,397,795,0,60.1,Safe
INV-007250,2024-08-19,PRD-0188,WH-01,1186,10,11,1185,0,999.0,Safe
INV-007251,2023-01-10,PRD-0217,WH-10,1295,374,396,1273,0,96.4,Safe
INV-007252,2024-05-05,PRD-0172,WH-11,1677,254,502,1429,0,85.4,Safe
INV-007253,2023-03-15,PRD-0055,WH-04,1235,433,467,1201,0,77.2,Safe
INV-007254,2024-03-25,PRD-0190,WH-16,445,368,277,536,0,58.1,Safe
INV-007255,2023-01-21,PRD-0431,WH-20,357,6,175,188,0,32.2,Safe
INV-007256,2023-05-21,PRD-0233,WH-06,1175,285,40,1420,0,999.0,Safe
INV-007257,2023-07-04,PRD-0349,WH-10,654,144,586,212,0,10.9,Warning
INV-007258,2024-06-01,PRD-0356,WH-15,1192,368,33,1527,0,999.0,Safe
INV-007259,2023-11-16,PRD-0226,WH-01,1524,394,548,1370,0,75.0,Safe
INV-007260,2024-01-29,PRD-0180,WH-03,1367,252,477,1142,0,71.8,Safe
INV-007261,2023-05-08,PRD-0426,WH-07,1276,103,197,1182,0,180.0,Safe
INV-007262,2024-09-08,PRD-0211,WH-10,1795,59,221,1633,0,221.7,Safe
INV-007263,2023-09-21,PRD-0492,WH-18,1583,222,431,1374,0,95.6,Safe
INV-007264,2024-06-20,PRD-0043,WH-19,1299,496,118,1677,0,426.4,Safe
INV-007265,2024-08-27,PRD-0493,WH-07,858,124,67,915,0,409.7,Safe
INV-007266,2024-03-07,PRD-0189,WH-15,939,333,97,1175,0,363.4,Safe
INV-007267,2023-09-15,PRD-0131,WH-10,342,263,492,113,0,6.9,Critical
INV-007268,2023-05-09,PRD-0457,WH-18,1974,269,508,1735,0,102.5,Safe
INV-007269,2023-09-11,PRD-0134,WH-16,1688,20,290,1418,0,146.7,Safe
INV-007270,2024-03-20,PRD-0021,WH-08,1589,277,594,1272,0,64.2,Safe
INV-007271,2024-01-01,PRD-0189,WH-17,482,364,10,836,0,999.0,Safe
INV-007272,2024-07-24,PRD-0493,WH-16,1668,181,73,1776,0,729.9,Safe
INV-007273,2023-05-16,PRD-0192,WH-12,122,390,231,281,0,36.5,Safe
INV-007274,2023-12-08,PRD-0260,WH-16,1623,159,113,1669,0,443.1,Safe
INV-007275,2024-07-13,PRD-0221,WH-19,456,120,218,358,0,49.3,Safe
INV-007276,2024-02-11,PRD-0274,WH-07,1241,30,255,1016,0,119.5,Safe
INV-007277,2024-08-15,PRD-0186,WH-03,1094,16,219,891,0,122.1,Safe
INV-007278,2023-01-03,PRD-0166,WH-14,1171,200,397,974,0,73.6,Safe
INV-007279,2024-04-17,PRD-0391,WH-03,1171,485,17,1639,0,999.0,Safe
INV-007280,2023-10-09,PRD-0047,WH-15,943,360,217,1086,0,150.1,Safe
INV-007281,2024-08-20,PRD-0096,WH-06,437,486,402,521,0,38.9,Safe
INV-007282,2023-07-05,PRD-0057,WH-18,644,11,575,80,0,4.2,Critical
INV-007283,2023-05-12,PRD-0293,WH-12,1748,316,553,1511,0,82.0,Safe
INV-007284,2024-01-05,PRD-0404,WH-01,296,3,237,62,0,7.8,Warning
INV-007285,2024-04-05,PRD-0102,WH-19,487,218,427,278,0,19.5,Safe
INV-007286,2023-02-27,PRD-0054,WH-10,409,414,178,645,0,108.7,Safe
INV-007287,2023-09-02,PRD-0014,WH-09,270,370,434,206,0,14.2,Safe
INV-007288,2024-01-14,PRD-0358,WH-08,1675,237,199,1713,0,258.2,Safe
INV-007289,2024-07-11,PRD-0395,WH-08,1634,218,442,1410,0,95.7,Safe
INV-007290,2023-03-17,PRD-0225,WH-16,1159,246,123,1282,0,312.7,Safe
INV-007291,2024-05-17,PRD-0007,WH-02,1538,243,61,1720,0,845.9,Safe
INV-007292,2024-09-23,PRD-0054,WH-20,675,50,396,329,0,24.9,Safe
INV-007293,2023-11-12,PRD-0073,WH-17,1747,169,292,1624,0,166.8,Safe
INV-007294,2023-10-16,PRD-0394,WH-10,7,415,376,46,0,3.7,Critical
INV-007295,2024-05-15,PRD-0273,WH-14,496,304,156,644,0,123.8,Safe
INV-007296,2023-06-07,PRD-0031,WH-13,324,6,105,225,0,64.3,Safe
INV-007297,2024-03-12,PRD-0291,WH-11,1277,13,164,1126,0,206.0,Safe
INV-007298,2023-08-09,PRD-0276,WH-14,118,231,20,329,0,493.5,Safe
INV-007299,2024-09-19,PRD-0418,WH-11,62,205,216,51,0,7.1,Warning
INV-007300,2023-04-03,PRD-0456,WH-19,183,34,187,30,0,4.8,Critical
INV-007301,2023-09-04,PRD-0377,WH-19,1170,293,129,1334,0,310.2,Safe
INV-007302,2024-03-17,PRD-0055,WH-10,336,227,355,208,0,17.6,Safe
INV-007303,2023-03-14,PRD-0437,WH-19,1587,380,73,1894,0,778.4,Safe
INV-007304,2024-08-14,PRD-0153,WH-18,21,432,315,138,0,13.1,Warning
INV-007305,2024-05-12,PRD-0447,WH-07,569,174,143,600,0,125.9,Safe
INV-007306,2024-08-17,PRD-0173,WH-09,1675,94,32,1737,0,999.0,Safe
INV-007307,2023-05-19,PRD-0233,WH-12,756,368,548,576,0,31.5,Safe
INV-007308,2023-11-09,PRD-0287,WH-17,1460,136,197,1399,0,213.0,Safe
INV-007309,2024-09-09,PRD-0382,WH-12,1620,210,366,1464,0,120.0,Safe
INV-007310,2024-05-29,PRD-0369,WH-16,642,204,114,732,0,192.6,Safe
INV-007311,2024-08-27,PRD-0049,WH-12,1064,283,425,922,0,65.1,Safe
INV-007312,2023-03-14,PRD-0307,WH-05,1275,479,586,1168,0,59.8,Safe
INV-007313,2024-08-15,PRD-0035,WH-09,335,328,268,395,0,44.2,Safe
INV-007314,2023-02-12,PRD-0283,WH-15,1584,9,326,1267,0,116.6,Safe
INV-007315,2023-08-13,PRD-0097,WH-03,1658,306,465,1499,0,96.7,Safe
INV-007316,2023-02-06,PRD-0178,WH-12,385,459,561,283,0,15.1,Safe
INV-007317,2023-12-05,PRD-0205,WH-20,1804,159,0,1963,0,999.0,Safe
INV-007318,2023-11-15,PRD-0094,WH-14,1270,58,247,1081,0,131.3,Safe
INV-007319,2024-02-26,PRD-0123,WH-02,1810,281,443,1648,0,111.6,Safe
INV-007320,2023-04-08,PRD-0436,WH-01,325,279,395,209,0,15.9,Safe
INV-007321,2023-04-08,PRD-0253,WH-15,1836,236,235,1837,0,234.5,Safe
INV-007322,2024-06-13,PRD-0208,WH-17,523,11,315,219,0,20.9,Safe
INV-007323,2023-06-01,PRD-0173,WH-01,1675,7,48,1634,0,999.0,Safe
INV-007324,2023-01-17,PRD-0449,WH-03,107,208,119,196,0,49.4,Safe
INV-007325,2023-01-07,PRD-0005,WH-03,1841,20,577,1284,0,66.8,Safe
INV-007326,2023-04-29,PRD-0437,WH-05,80,286,207,159,0,23.0,Safe
INV-007327,2023-01-25,PRD-0028,WH-05,1736,82,3,1815,0,999.0,Safe
INV-007328,2024-06-27,PRD-0422,WH-04,1372,437,259,1550,0,179.5,Safe
INV-007329,2024-07-22,PRD-0026,WH-13,1413,122,35,1500,0,999.0,Safe
INV-007330,2023-03-31,PRD-0213,WH-14,229,368,539,58,0,3.2,Critical
INV-007331,2024-06-16,PRD-0475,WH-18,476,123,392,207,0,15.8,Safe
INV-007332,2024-08-02,PRD-0171,WH-12,1160,269,348,1081,0,93.2,Safe
INV-007333,2024-03-17,PRD-0464,WH-10,1693,387,199,1881,0,283.6,Safe
INV-007334,2023-12-01,PRD-0147,WH-10,1893,41,380,1554,0,122.7,Safe
INV-007335,2024-09-07,PRD-0123,WH-07,334,59,313,80,0,7.7,Warning
INV-007336,2023-11-12,PRD-0016,WH-06,882,448,39,1291,0,993.1,Safe
INV-007337,2023-05-15,PRD-0207,WH-04,1213,286,20,1479,0,999.0,Safe
INV-007338,2024-07-08,PRD-0351,WH-16,1583,158,10,1731,0,999.0,Safe
INV-007339,2023-09-05,PRD-0269,WH-15,1728,240,35,1933,0,999.0,Safe
INV-007340,2024-05-16,PRD-0107,WH-08,147,473,295,325,0,33.1,Safe
INV-007341,2024-07-21,PRD-0251,WH-04,966,44,158,852,0,161.8,Safe
INV-007342,2023-04-05,PRD-0156,WH-08,1215,397,388,1224,0,94.6,Safe
INV-007343,2023-01-13,PRD-0168,WH-11,1158,79,62,1175,0,568.5,Safe
INV-007344,2023-05-26,PRD-0065,WH-12,1769,299,562,1506,0,80.4,Safe
INV-007345,2023-05-20,PRD-0100,WH-08,92,202,285,9,0,0.9,Critical
INV-007346,2024-05-02,PRD-0418,WH-16,1836,177,488,1525,0,93.8,Safe
INV-007347,2023-07-18,PRD-0280,WH-17,180,165,200,145,0,21.8,Safe
INV-007348,2023-08-02,PRD-0148,WH-03,1472,391,117,1746,0,447.7,Safe
INV-007349,2024-07-15,PRD-0127,WH-03,540,394,377,557,0,44.3,Safe
INV-007350,2023-12-10,PRD-0064,WH-17,1253,37,58,1232,0,637.2,Safe
INV-007351,2023-01-22,PRD-0413,WH-07,303,310,55,558,0,304.4,Safe
INV-007352,2023-05-05,PRD-0040,WH-01,1500,105,220,1385,0,188.9,Safe
INV-007353,2023-04-18,PRD-0474,WH-10,1687,36,563,1160,0,61.8,Safe
INV-007354,2023-12-22,PRD-0497,WH-14,1003,130,529,604,0,34.3,Safe
INV-007355,2023-10-27,PRD-0071,WH-05,1918,244,216,1946,0,270.3,Safe
INV-007356,2023-06-17,PRD-0119,WH-11,1852,190,289,1753,0,182.0,Safe
INV-007357,2024-04-01,PRD-0337,WH-01,345,448,432,361,0,25.1,Safe
INV-007358,2023-10-25,PRD-0115,WH-14,1626,317,479,1464,0,91.7,Safe
INV-007359,2023-07-28,PRD-0400,WH-04,1967,375,425,1917,0,135.3,Safe
INV-007360,2024-06-13,PRD-0236,WH-12,919,458,194,1183,0,182.9,Safe
INV-007361,2023-01-12,PRD-0167,WH-18,1584,343,76,1851,0,730.7,Safe
INV-007362,2023-10-14,PRD-0284,WH-08,1333,38,422,949,0,67.5,Safe
INV-007363,2024-06-15,PRD-0326,WH-20,1151,487,2,1636,0,999.0,Safe
INV-007364,2023-10-06,PRD-0461,WH-12,660,225,246,639,0,77.9,Safe
INV-007365,2024-03-15,PRD-0066,WH-11,1449,241,403,1287,0,95.8,Safe
INV-007366,2024-08-02,PRD-0068,WH-11,744,5,143,606,0,127.1,Safe
INV-007367,2024-03-31,PRD-0223,WH-04,173,112,227,58,0,7.7,Warning
INV-007368,2024-03-26,PRD-0052,WH-15,1912,127,556,1483,0,80.0,Safe
INV-007369,2023-09-27,PRD-0038,WH-03,1299,201,6,1494,0,999.0,Safe
INV-007370,2023-10-09,PRD-0270,WH-07,651,216,492,375,0,22.9,Safe
INV-007371,2024-06-26,PRD-0490,WH-19,1021,343,141,1223,0,260.2,Safe
INV-007372,2024-02-13,PRD-0171,WH-05,297,157,38,416,0,328.4,Safe
INV-007373,2024-02-19,PRD-0353,WH-20,104,112,114,102,0,26.8,Safe
INV-007374,2024-03-03,PRD-0234,WH-06,1923,322,37,2208,0,999.0,Safe
INV-007375,2023-07-17,PRD-0184,WH-14,1630,384,549,1465,0,80.1,Safe
INV-007376,2024-09-18,PRD-0285,WH-04,1431,183,266,1348,0,152.0,Safe
INV-007377,2024-04-09,PRD-0379,WH-03,1869,282,26,2125,0,999.0,Safe
INV-007378,2024-08-09,PRD-0494,WH-08,286,204,175,315,0,54.0,Safe
INV-007379,2024-05-17,PRD-0011,WH-03,952,127,475,604,0,38.1,Safe
INV-007380,2023-09-14,PRD-0116,WH-05,421,49,119,351,0,88.5,Safe
INV-007381,2024-07-21,PRD-0028,WH-02,1465,315,415,1365,0,98.7,Safe
INV-007382,2023-08-28,PRD-0177,WH-01,362,467,226,603,0,80.0,Safe
INV-007383,2023-12-24,PRD-0484,WH-15,1143,141,332,952,0,86.0,Safe
INV-007384,2023-10-30,PRD-0075,WH-20,23,68,41,50,0,36.6,Safe
INV-007385,2023-10-25,PRD-0296,WH-05,1388,380,218,1550,0,213.3,Safe
INV-007386,2023-01-04,PRD-0145,WH-13,86,488,373,201,0,16.2,Safe
INV-007387,2024-07-28,PRD-0258,WH-04,958,177,482,653,0,40.6,Safe
INV-007388,2023-09-07,PRD-0020,WH-04,1444,106,137,1413,0,309.4,Safe
INV-007389,2023-07-25,PRD-0196,WH-01,638,384,249,773,0,93.1,Safe
INV-007390,2024-04-04,PRD-0412,WH-05,1940,234,50,2124,0,999.0,Safe
INV-007391,2024-07-25,PRD-0100,WH-12,546,240,512,274,0,16.1,Safe
INV-007392,2023-03-17,PRD-0215,WH-03,275,175,354,96,0,8.1,Warning
INV-007393,2023-03-03,PRD-0295,WH-14,1024,227,65,1186,0,547.4,Safe
INV-007394,2023-07-23,PRD-0072,WH-19,1255,161,74,1342,0,544.1,Safe
INV-007395,2024-06-29,PRD-0290,WH-16,1746,483,187,2042,0,327.6,Safe
INV-007396,2023-08-13,PRD-0077,WH-09,1320,427,484,1263,0,78.3,Safe
INV-007397,2024-08-22,PRD-0102,WH-02,1612,125,173,1564,0,271.2,Safe
INV-007398,2024-04-23,PRD-0137,WH-07,1359,288,204,1443,0,212.2,Safe
INV-007399,2024-05-12,PRD-0495,WH-18,936,175,475,636,0,40.2,Safe
INV-007400,2024-03-15,PRD-0056,WH-14,1874,340,198,2016,0,305.5,Safe
INV-007401,2023-02-23,PRD-0054,WH-07,720,371,126,965,0,229.8,Safe
INV-007402,2023-09-21,PRD-0272,WH-14,1157,264,239,1182,0,148.4,Safe
INV-007403,2023-08-15,PRD-0382,WH-08,979,173,127,1025,0,242.1,Safe
INV-007404,2023-05-22,PRD-0252,WH-08,1314,361,110,1565,0,426.8,Safe
INV-007405,2023-11-13,PRD-0352,WH-14,508,488,341,655,0,57.6,Safe
INV-007406,2024-09-03,PRD-0394,WH-06,1897,53,220,1730,0,235.9,Safe
INV-007407,2023-11-11,PRD-0489,WH-18,1164,99,402,861,0,64.3,Safe
INV-007408,2024-01-24,PRD-0347,WH-11,1390,299,435,1254,0,86.5,Safe
INV-007409,2023-05-25,PRD-0416,WH-17,535,413,450,498,0,33.2,Safe
INV-007410,2023-04-28,PRD-0224,WH-06,1195,367,589,973,0,49.6,Safe
INV-007411,2023-09-07,PRD-0146,WH-12,1992,64,437,1619,0,111.1,Safe
INV-007412,2023-03-04,PRD-0311,WH-12,1637,390,236,1791,0,227.7,Safe
INV-007413,2023-11-10,PRD-0328,WH-08,1975,108,520,1563,0,90.2,Safe
INV-007414,2023-10-29,PRD-0095,WH-14,81,111,22,170,0,231.8,Safe
INV-007415,2024-07-30,PRD-0489,WH-04,1784,372,120,2036,0,509.0,Safe
INV-007416,2023-04-13,PRD-0023,WH-14,531,325,61,795,0,391.0,Safe
INV-007417,2024-08-24,PRD-0280,WH-18,1239,328,470,1097,0,70.0,Safe
INV-007418,2023-01-04,PRD-0418,WH-06,1209,246,565,890,0,47.3,Safe
INV-007419,2023-03-20,PRD-0333,WH-20,393,463,69,787,0,342.2,Safe
INV-007420,2023-04-09,PRD-0339,WH-02,1855,150,520,1485,0,85.7,Safe
INV-007421,2023-03-04,PRD-0026,WH-03,208,491,372,327,0,26.4,Safe
INV-007422,2023-11-11,PRD-0127,WH-03,683,283,438,528,0,36.2,Safe
INV-007423,2024-08-01,PRD-0452,WH-16,285,136,62,359,0,173.7,Safe
INV-007424,2024-01-24,PRD-0019,WH-13,1996,463,341,2118,0,186.3,Safe
INV-007425,2024-09-15,PRD-0038,WH-16,982,29,308,703,0,68.5,Safe
INV-007426,2023-10-28,PRD-0318,WH-16,96,267,178,185,0,31.2,Safe
INV-007427,2023-12-20,PRD-0006,WH-10,1050,318,597,771,0,38.7,Safe
INV-007428,2024-08-17,PRD-0021,WH-14,1985,343,12,2316,0,999.0,Safe
INV-007429,2023-03-22,PRD-0300,WH-14,1765,346,126,1985,0,472.6,Safe
INV-007430,2023-12-25,PRD-0065,WH-20,1570,209,86,1693,0,590.6,Safe
INV-007431,2024-07-31,PRD-0035,WH-16,1190,173,182,1181,0,194.7,Safe
INV-007432,2024-04-01,PRD-0015,WH-03,865,56,37,884,0,716.8,Safe
INV-007433,2024-01-31,PRD-0065,WH-15,719,13,513,219,0,12.8,Warning
INV-007434,2023-07-27,PRD-0271,WH-14,72,210,9,273,0,910.0,Safe
INV-007435,2024-05-27,PRD-0417,WH-10,1525,204,327,1402,0,128.6,Safe
INV-007436,2023-12-27,PRD-0469,WH-10,275,52,274,53,0,5.8,Critical
INV-007437,2024-02-06,PRD-0385,WH-11,1468,202,457,1213,0,79.6,Safe
INV-007438,2023-09-28,PRD-0373,WH-18,88,31,20,99,0,148.5,Safe
INV-007439,2024-08-09,PRD-0048,WH-14,1891,353,443,1801,0,122.0,Safe
INV-007440,2023-12-19,PRD-0186,WH-02,729,372,100,1001,0,300.3,Safe
INV-007441,2023-02-18,PRD-0208,WH-20,257,178,70,365,0,156.4,Safe
INV-007442,2024-03-29,PRD-0130,WH-03,27,473,200,300,0,45.0,Safe
INV-007443,2024-05-23,PRD-0014,WH-18,831,115,352,594,0,50.6,Safe
INV-007444,2024-02-06,PRD-0186,WH-12,623,449,91,981,0,323.4,Safe
INV-007445,2023-10-02,PRD-0407,WH-12,526,221,535,212,0,11.9,Warning
INV-007446,2023-10-23,PRD-0365,WH-07,282,398,81,599,0,221.9,Safe
INV-007447,2023-12-09,PRD-0141,WH-05,291,414,245,460,0,56.3,Safe
INV-007448,2024-09-08,PRD-0279,WH-17,1851,148,494,1505,0,91.4,Safe
INV-007449,2023-11-27,PRD-0244,WH-17,1682,464,525,1621,0,92.6,Safe
INV-007450,2024-01-02,PRD-0044,WH-12,1592,417,273,1736,0,190.8,Safe
INV-007451,2023-05-27,PRD-0165,WH-07,819,124,183,760,0,124.6,Safe
INV-007452,2024-05-05,PRD-0119,WH-16,1085,74,524,635,0,36.4,Safe
INV-007453,2023-10-31,PRD-0370,WH-04,1164,417,325,1256,0,115.9,Safe
INV-007454,2024-08-14,PRD-0120,WH-13,130,282,307,105,0,10.3,Warning
INV-007455,2023-11-04,PRD-0318,WH-01,498,296,253,541,0,64.2,Safe
INV-007456,2024-09-29,PRD-0054,WH-05,417,435,421,431,0,30.7,Safe
INV-007457,2023-12-06,PRD-0420,WH-11,1438,456,550,1344,0,73.3,Safe
INV-007458,2024-07-01,PRD-0101,WH-06,1736,271,296,1711,0,173.4,Safe
INV-007459,2024-02-20,PRD-0425,WH-09,1566,102,333,1335,0,120.3,Safe
INV-007460,2023-06-03,PRD-0159,WH-05,1017,148,330,835,0,75.9,Safe
INV-007461,2024-03-16,PRD-0044,WH-01,1958,124,549,1533,0,83.8,Safe
INV-007462,2023-11-28,PRD-0209,WH-10,554,383,54,883,0,490.6,Safe
INV-007463,2024-03-17,PRD-0047,WH-08,484,491,412,563,0,41.0,Safe
INV-007464,2023-11-28,PRD-0410,WH-06,1843,82,541,1384,0,76.7,Safe
INV-007465,2024-06-07,PRD-0137,WH-12,1258,481,390,1349,0,103.8,Safe
INV-007466,2023-11-19,PRD-0134,WH-11,251,111,171,191,0,33.5,Safe
INV-007467,2023-12-26,PRD-0201,WH-04,1719,235,188,1766,0,281.8,Safe
INV-007468,2023-08-20,PRD-0068,WH-02,614,223,500,337,0,20.2,Safe
INV-007469,2023-09-22,PRD-0385,WH-15,1880,486,441,1925,0,131.0,Safe
INV-007470,2023-09-15,PRD-0150,WH-01,285,226,154,357,0,69.5,Safe
INV-007471,2023-06-14,PRD-0002,WH-06,756,321,540,537,0,29.8,Safe
INV-007472,2023-03-27,PRD-0112,WH-13,939,38,384,593,0,46.3,Safe
INV-007473,2024-08-27,PRD-0101,WH-20,1305,328,198,1435,0,217.4,Safe
INV-007474,2023-03-12,PRD-0228,WH-14,982,44,196,830,0,127.0,Safe
INV-007475,2024-02-06,PRD-0276,WH-18,1942,466,103,2305,0,671.4,Safe
INV-007476,2023-11-18,PRD-0097,WH-04,959,123,100,982,0,294.6,Safe
INV-007477,2023-02-25,PRD-0289,WH-04,1639,359,174,1824,0,314.5,Safe
INV-007478,2024-09-17,PRD-0048,WH-20,66,54,38,82,0,64.7,Safe
INV-007479,2023-08-06,PRD-0170,WH-15,574,376,321,629,0,58.8,Safe
INV-007480,2023-11-26,PRD-0186,WH-06,1637,192,442,1387,0,94.1,Safe
INV-007481,2023-09-24,PRD-0432,WH-14,1380,421,78,1723,0,662.7,Safe
INV-007482,2023-06-05,PRD-0235,WH-19,1431,318,184,1565,0,255.2,Safe
INV-007483,2024-06-21,PRD-0334,WH-19,1733,228,548,1413,0,77.4,Safe
INV-007484,2024-03-23,PRD-0044,WH-18,893,334,122,1105,0,271.7,Safe
INV-007485,2023-01-19,PRD-0403,WH-04,1567,281,483,1365,0,84.8,Safe
INV-007486,2023-12-26,PRD-0368,WH-15,1708,433,240,1901,0,237.6,Safe
INV-007487,2023-06-09,PRD-0154,WH-06,195,255,82,368,0,134.6,Safe
INV-007488,2023-03-29,PRD-0104,WH-07,580,275,530,325,0,18.4,Safe
INV-007489,2024-05-10,PRD-0121,WH-08,1120,43,434,729,0,50.4,Safe
INV-007490,2023-07-28,PRD-0091,WH-10,1248,27,506,769,0,45.6,Safe
INV-007491,2023-04-06,PRD-0164,WH-08,481,493,578,396,0,20.6,Safe
INV-007492,2023-06-09,PRD-0300,WH-09,141,201,60,282,0,141.0,Safe
INV-007493,2024-04-29,PRD-0096,WH-07,1374,470,23,1821,0,999.0,Safe
INV-007494,2023-03-03,PRD-0043,WH-19,1998,446,248,2196,0,265.6,Safe
INV-007495,2023-04-16,PRD-0043,WH-16,935,407,500,842,0,50.5,Safe
INV-007496,2023-07-14,PRD-0457,WH-07,1502,116,310,1308,0,126.6,Safe
INV-007497,2023-09-19,PRD-0227,WH-13,689,179,247,621,0,75.4,Safe
INV-007498,2024-04-02,PRD-0268,WH-18,1179,352,382,1149,0,90.2,Safe
INV-007499,2023-05-03,PRD-0355,WH-03,1404,418,184,1638,0,267.1,Safe
INV-007500,2024-04-07,PRD-0212,WH-06,735,425,113,1047,0,278.0,Safe
INV-007501,2023-12-02,PRD-0041,WH-04,241,233,16,458,0,858.8,Safe
INV-007502,2023-09-20,PRD-0188,WH-07,1231,203,298,1136,0,114.4,Safe
INV-007503,2024-08-20,PRD-0467,WH-05,275,106,138,243,0,52.8,Safe
INV-007504,2023-01-17,PRD-0240,WH-15,279,377,50,606,0,363.6,Safe
INV-007505,2023-02-28,PRD-0155,WH-01,1674,108,413,1369,0,99.4,Safe
INV-007506,2023-08-08,PRD-0388,WH-07,1805,245,19,2031,0,999.0,Safe
INV-007507,2024-08-19,PRD-0224,WH-09,1152,81,341,892,0,78.5,Safe
INV-007508,2024-04-19,PRD-0036,WH-06,906,97,302,701,0,69.6,Safe
INV-007509,2024-03-08,PRD-0006,WH-17,646,181,589,238,0,12.1,Warning
INV-007510,2024-06-02,PRD-0018,WH-03,373,440,409,404,0,29.6,Safe
INV-007511,2024-08-08,PRD-0163,WH-09,1349,496,104,1741,0,502.2,Safe
INV-007512,2024-04-16,PRD-0409,WH-12,1021,433,348,1106,0,95.3,Safe
INV-007513,2024-03-27,PRD-0484,WH-10,1298,271,178,1391,0,234.4,Safe
INV-007514,2023-04-12,PRD-0319,WH-12,1219,404,441,1182,0,80.4,Safe
INV-007515,2024-02-10,PRD-0478,WH-20,1080,185,391,874,0,67.1,Safe
INV-007516,2023-09-15,PRD-0211,WH-08,934,448,132,1250,0,284.1,Safe
INV-007517,2023-12-01,PRD-0470,WH-20,897,37,21,913,0,999.0,Safe
INV-007518,2023-04-10,PRD-0290,WH-16,505,300,98,707,0,216.4,Safe
INV-007519,2023-02-22,PRD-0435,WH-20,607,147,552,202,0,11.0,Warning
INV-007520,2024-05-31,PRD-0271,WH-20,286,458,159,585,0,110.4,Safe
INV-007521,2024-01-15,PRD-0081,WH-13,1319,263,13,1569,0,999.0,Safe
INV-007522,2024-08-23,PRD-0342,WH-02,387,483,254,616,0,72.8,Safe
INV-007523,2023-04-17,PRD-0195,WH-03,1419,472,230,1661,0,216.7,Safe
INV-007524,2024-06-04,PRD-0194,WH-16,551,93,573,71,0,3.7,Critical
INV-007525,2024-03-18,PRD-0425,WH-02,1506,153,310,1349,0,130.5,Safe
INV-007526,2024-08-03,PRD-0415,WH-13,1273,263,368,1168,0,95.2,Safe
INV-007527,2024-02-07,PRD-0182,WH-02,171,312,158,325,0,61.7,Safe
INV-007528,2024-05-27,PRD-0407,WH-05,186,234,287,133,0,13.9,Warning
INV-007529,2023-03-04,PRD-0342,WH-17,884,395,555,724,0,39.1,Safe
INV-007530,2023-09-04,PRD-0476,WH-04,979,308,512,775,0,45.4,Safe
INV-007531,2023-07-21,PRD-0363,WH-16,1345,350,385,1310,0,102.1,Safe
INV-007532,2023-07-14,PRD-0050,WH-08,1991,109,118,1982,0,503.9,Safe
INV-007533,2023-03-09,PRD-0367,WH-17,1455,119,2,1572,0,999.0,Safe
INV-007534,2023-07-29,PRD-0033,WH-16,962,114,57,1019,0,536.3,Safe
INV-007535,2023-05-13,PRD-0380,WH-12,280,166,406,40,0,3.0,Critical
INV-007536,2023-06-21,PRD-0440,WH-01,1750,109,47,1812,0,999.0,Safe
INV-007537,2023-05-01,PRD-0247,WH-17,1193,479,555,1117,0,60.4,Safe
INV-007538,2024-09-02,PRD-0247,WH-07,1217,415,220,1412,0,192.5,Safe
INV-007539,2023-06-04,PRD-0025,WH-16,893,150,164,879,0,160.8,Safe
INV-007540,2023-11-19,PRD-0181,WH-03,1284,434,552,1166,0,63.4,Safe
INV-007541,2023-01-29,PRD-0118,WH-06,37,199,9,227,0,756.7,Safe
INV-007542,2024-05-29,PRD-0377,WH-15,611,48,593,66,0,3.3,Critical
INV-007543,2024-08-30,PRD-0224,WH-11,421,443,285,579,0,60.9,Safe
INV-007544,2024-08-31,PRD-0112,WH-19,875,377,147,1105,0,225.5,Safe
INV-007545,2023-12-19,PRD-0077,WH-11,1947,417,566,1798,0,95.3,Safe
INV-007546,2024-04-04,PRD-0364,WH-04,539,90,161,468,0,87.2,Safe
INV-007547,2023-05-27,PRD-0416,WH-12,1171,187,433,925,0,64.1,Safe
INV-007548,2023-08-17,PRD-0026,WH-07,1370,445,522,1293,0,74.3,Safe
INV-007549,2023-11-23,PRD-0078,WH-09,1374,457,61,1770,0,870.5,Safe
INV-007550,2023-09-17,PRD-0081,WH-09,1005,315,117,1203,0,308.5,Safe
INV-007551,2024-08-31,PRD-0469,WH-08,360,378,274,464,0,50.8,Safe
INV-007552,2024-01-21,PRD-0387,WH-18,1290,130,110,1310,0,357.3,Safe
INV-007553,2023-09-14,PRD-0058,WH-15,1038,276,186,1128,0,181.9,Safe
INV-007554,2023-06-17,PRD-0085,WH-15,98,102,177,23,0,3.9,Critical
INV-007555,2024-05-16,PRD-0435,WH-14,1208,151,535,824,0,46.2,Safe
INV-007556,2023-01-20,PRD-0043,WH-12,1344,152,449,1047,0,70.0,Safe
INV-007557,2023-03-01,PRD-0400,WH-12,1498,44,269,1273,0,142.0,Safe
INV-007558,2024-07-21,PRD-0488,WH-08,434,373,312,495,0,47.6,Safe
INV-007559,2023-03-08,PRD-0476,WH-09,1866,369,196,2039,0,312.1,Safe
INV-007560,2023-01-18,PRD-0044,WH-13,1388,455,133,1710,0,385.7,Safe
INV-007561,2023-02-14,PRD-0229,WH-13,1714,162,423,1453,0,103.0,Safe
INV-007562,2023-08-03,PRD-0498,WH-17,745,52,177,620,0,105.1,Safe
INV-007563,2023-11-09,PRD-0041,WH-14,743,258,167,834,0,149.8,Safe
INV-007564,2023-03-26,PRD-0236,WH-04,1360,35,47,1348,0,860.4,Safe
INV-007565,2023-06-14,PRD-0254,WH-12,1732,101,212,1621,0,229.4,Safe
INV-007566,2023-11-16,PRD-0334,WH-03,116,392,377,131,0,10.4,Warning
INV-007567,2024-02-13,PRD-0268,WH-19,314,304,288,330,0,34.4,Safe
INV-007568,2024-01-14,PRD-0171,WH-19,1756,99,225,1630,0,217.3,Safe
INV-007569,2023-06-23,PRD-0422,WH-15,1650,422,488,1584,0,97.4,Safe
INV-007570,2024-01-10,PRD-0407,WH-08,1098,224,299,1023,0,102.6,Safe
INV-007571,2023-01-19,PRD-0294,WH-03,1041,264,180,1125,0,187.5,Safe
INV-007572,2023-11-06,PRD-0280,WH-06,1262,257,33,1486,0,999.0,Safe
INV-007573,2024-03-20,PRD-0020,WH-04,191,8,34,165,0,145.6,Safe
INV-007574,2024-01-30,PRD-0090,WH-15,124,35,12,147,0,367.5,Safe
INV-007575,2023-04-05,PRD-0192,WH-14,414,495,60,849,0,424.5,Safe
INV-007576,2023-12-12,PRD-0327,WH-07,317,366,309,374,0,36.3,Safe
INV-007577,2024-08-24,PRD-0035,WH-03,229,173,77,325,0,126.6,Safe
INV-007578,2023-01-31,PRD-0163,WH-17,442,289,547,184,0,10.1,Warning
INV-007579,2024-05-29,PRD-0351,WH-08,1853,38,136,1755,0,387.1,Safe
INV-007580,2024-04-25,PRD-0456,WH-18,1306,11,196,1121,0,171.6,Safe
INV-007581,2023-12-23,PRD-0484,WH-15,499,67,184,382,0,62.3,Safe
INV-007582,2023-06-08,PRD-0020,WH-11,1628,214,66,1776,0,807.3,Safe
INV-007583,2023-08-13,PRD-0012,WH-04,176,489,444,221,0,14.9,Safe
INV-007584,2023-06-20,PRD-0460,WH-14,1751,397,45,2103,0,999.0,Safe
INV-007585,2024-01-09,PRD-0342,WH-17,521,220,93,648,0,209.0,Safe
INV-007586,2024-03-05,PRD-0475,WH-15,214,285,145,354,0,73.2,Safe
INV-007587,2023-03-09,PRD-0300,WH-14,460,46,306,200,0,19.6,Safe
INV-007588,2024-05-12,PRD-0400,WH-13,352,180,320,212,0,19.9,Safe
INV-007589,2023-09-24,PRD-0059,WH-16,677,89,182,584,0,96.3,Safe
INV-007590,2024-03-14,PRD-0023,WH-14,1381,112,341,1152,0,101.3,Safe
INV-007591,2023-05-09,PRD-0251,WH-13,1574,472,169,1877,0,333.2,Safe
INV-007592,2023-11-03,PRD-0293,WH-12,336,345,409,272,0,20.0,Safe
INV-007593,2023-02-20,PRD-0210,WH-11,1256,262,318,1200,0,113.2,Safe
INV-007594,2024-05-18,PRD-0281,WH-11,71,117,180,8,0,1.3,Critical
INV-007595,2024-01-04,PRD-0184,WH-18,950,68,208,810,0,116.8,Safe
INV-007596,2023-12-17,PRD-0399,WH-06,1517,363,39,1841,0,999.0,Safe
INV-007597,2024-04-11,PRD-0182,WH-19,926,269,133,1062,0,239.5,Safe
INV-007598,2024-03-03,PRD-0478,WH-17,721,39,552,208,0,11.3,Warning
INV-007599,2024-06-25,PRD-0484,WH-11,1078,335,31,1382,0,999.0,Safe
INV-007600,2023-01-22,PRD-0055,WH-07,798,206,46,958,0,624.8,Safe
INV-007601,2024-03-22,PRD-0102,WH-08,523,116,282,357,0,38.0,Safe
INV-007602,2023-02-13,PRD-0203,WH-11,919,57,322,654,0,60.9,Safe
INV-007603,2023-03-05,PRD-0493,WH-19,861,209,38,1032,0,814.7,Safe
INV-007604,2024-08-16,PRD-0495,WH-06,1345,36,153,1228,0,240.8,Safe
INV-007605,2023-09-05,PRD-0292,WH-11,1360,386,539,1207,0,67.2,Safe
INV-007606,2024-01-25,PRD-0337,WH-17,737,219,557,399,0,21.5,Safe
INV-007607,2024-04-12,PRD-0046,WH-18,1721,179,283,1617,0,171.4,Safe
INV-007608,2023-05-23,PRD-0063,WH-07,1470,80,119,1431,0,360.8,Safe
INV-007609,2023-08-03,PRD-0394,WH-03,1055,334,430,959,0,66.9,Safe
INV-007610,2023-04-23,PRD-0271,WH-14,404,279,413,270,0,19.6,Safe
INV-007611,2024-07-21,PRD-0244,WH-18,1542,418,520,1440,0,83.1,Safe
INV-007612,2023-02-22,PRD-0010,WH-16,1229,57,210,1076,0,153.7,Safe
INV-007613,2024-07-19,PRD-0026,WH-20,781,397,325,853,0,78.7,Safe
INV-007614,2023-08-18,PRD-0006,WH-02,1114,432,543,1003,0,55.4,Safe
INV-007615,2023-06-09,PRD-0174,WH-08,1088,172,0,1260,0,999.0,Safe
INV-007616,2023-11-25,PRD-0166,WH-06,1792,30,25,1797,0,999.0,Safe
INV-007617,2023-06-24,PRD-0248,WH-08,1680,185,589,1276,0,65.0,Safe
INV-007618,2024-02-26,PRD-0404,WH-09,1937,120,147,1910,0,389.8,Safe
INV-007619,2024-05-10,PRD-0316,WH-10,609,408,165,852,0,154.9,Safe
INV-007620,2024-08-28,PRD-0344,WH-18,250,465,303,412,0,40.8,Safe
INV-007621,2023-06-16,PRD-0405,WH-08,1874,453,422,1905,0,135.4,Safe
INV-007622,2023-04-17,PRD-0212,WH-04,654,118,589,183,0,9.3,Warning
INV-007623,2023-07-03,PRD-0488,WH-04,1642,221,72,1791,0,746.2,Safe
INV-007624,2023-06-24,PRD-0012,WH-13,728,275,207,796,0,115.4,Safe
INV-007625,2024-01-29,PRD-0260,WH-14,1963,290,111,2142,0,578.9,Safe
INV-007626,2023-12-04,PRD-0116,WH-18,125,47,128,44,0,10.3,Warning
INV-007627,2023-10-22,PRD-0212,WH-14,1898,141,378,1661,0,131.8,Safe
INV-007628,2024-04-22,PRD-0146,WH-13,28,355,91,292,0,96.3,Safe
INV-007629,2023-06-03,PRD-0325,WH-06,709,200,146,763,0,156.8,Safe
INV-007630,2024-02-02,PRD-0381,WH-13,464,256,25,695,0,834.0,Safe
INV-007631,2023-05-16,PRD-0048,WH-08,1565,58,323,1300,0,120.7,Safe
INV-007632,2023-07-08,PRD-0240,WH-04,528,486,103,911,0,265.3,Safe
INV-007633,2024-07-19,PRD-0304,WH-14,1216,202,317,1101,0,104.2,Safe
INV-007634,2023-02-26,PRD-0235,WH-07,442,34,342,134,0,11.8,Warning
INV-007635,2023-05-04,PRD-0466,WH-07,1795,277,419,1653,0,118.4,Safe
INV-007636,2024-01-15,PRD-0289,WH-02,473,323,281,515,0,55.0,Safe
INV-007637,2023-01-27,PRD-0148,WH-20,1276,323,85,1514,0,534.4,Safe
INV-007638,2023-10-23,PRD-0496,WH-06,1306,461,134,1633,0,365.6,Safe
INV-007639,2023-06-22,PRD-0493,WH-07,268,351,168,451,0,80.5,Safe
INV-007640,2023-11-30,PRD-0395,WH-03,559,73,239,393,0,49.3,Safe
INV-007641,2024-09-19,PRD-0099,WH-13,1099,479,256,1322,0,154.9,Safe
INV-007642,2023-09-03,PRD-0029,WH-13,363,32,22,373,0,508.6,Safe
INV-007643,2024-02-17,PRD-0006,WH-12,850,118,211,757,0,107.6,Safe
INV-007644,2023-05-29,PRD-0220,WH-06,17,348,243,122,0,15.1,Safe
INV-007645,2023-09-02,PRD-0459,WH-03,1441,328,356,1413,0,119.1,Safe
INV-007646,2024-01-19,PRD-0155,WH-01,237,70,211,96,0,13.6,Warning
INV-007647,2023-04-21,PRD-0342,WH-16,190,479,231,438,0,56.9,Safe
INV-007648,2024-02-02,PRD-0050,WH-10,1009,34,316,727,0,69.0,Safe
INV-007649,2023-01-22,PRD-0081,WH-20,62,494,159,397,0,74.9,Safe
INV-007650,2024-10-01,PRD-0133,WH-02,1174,206,266,1114,0,125.6,Safe
INV-007651,2023-01-06,PRD-0218,WH-01,1532,232,484,1280,0,79.3,Safe
INV-007652,2024-03-17,PRD-0492,WH-11,123,456,138,441,0,95.9,Safe
INV-007653,2024-04-15,PRD-0220,WH-14,1042,173,594,621,0,31.4,Safe
INV-007654,2023-11-23,PRD-0225,WH-03,890,453,148,1195,0,242.2,Safe
INV-007655,2024-06-06,PRD-0493,WH-17,1963,436,504,1895,0,112.8,Safe
INV-007656,2024-04-01,PRD-0468,WH-17,1710,5,126,1589,0,378.3,Safe
INV-007657,2023-11-28,PRD-0100,WH-04,299,498,60,737,0,368.5,Safe
INV-007658,2024-07-03,PRD-0118,WH-09,1404,363,108,1659,0,460.8,Safe
INV-007659,2023-05-24,PRD-0409,WH-10,878,311,72,1117,0,465.4,Safe
INV-007660,2024-07-28,PRD-0300,WH-18,1752,354,196,1910,0,292.3,Safe
INV-007661,2023-05-29,PRD-0218,WH-08,798,389,179,1008,0,168.9,Safe
INV-007662,2023-03-19,PRD-0387,WH-16,95,444,170,369,0,65.1,Safe
INV-007663,2023-09-06,PRD-0091,WH-16,1938,497,160,2275,0,426.6,Safe
INV-007664,2023-04-29,PRD-0467,WH-14,346,253,156,443,0,85.2,Safe
INV-007665,2024-07-28,PRD-0390,WH-02,91,320,33,378,0,343.6,Safe
INV-007666,2023-07-26,PRD-0370,WH-19,1704,249,423,1530,0,108.5,Safe
INV-007667,2023-09-09,PRD-0112,WH-03,712,50,403,359,0,26.7,Safe
INV-007668,2023-11-14,PRD-0433,WH-18,116,165,40,241,0,180.8,Safe
INV-007669,2024-09-04,PRD-0229,WH-20,1015,294,31,1278,0,999.0,Safe
INV-007670,2024-05-25,PRD-0256,WH-03,384,190,50,524,0,314.4,Safe
INV-007671,2024-06-24,PRD-0175,WH-19,791,471,142,1120,0,236.6,Safe
INV-007672,2023-07-19,PRD-0479,WH-17,1954,469,414,2009,0,145.6,Safe
INV-007673,2023-04-09,PRD-0330,WH-05,1336,296,165,1467,0,266.7,Safe
INV-007674,2023-06-21,PRD-0377,WH-02,1504,197,591,1110,0,56.3,Safe
INV-007675,2024-05-27,PRD-0491,WH-11,1003,314,451,866,0,57.6,Safe
INV-007676,2023-03-29,PRD-0357,WH-06,1567,102,374,1295,0,103.9,Safe
INV-007677,2023-07-13,PRD-0048,WH-18,1242,174,447,969,0,65.0,Safe
INV-007678,2023-01-25,PRD-0228,WH-18,219,43,38,224,0,176.8,Safe
INV-007679,2024-05-16,PRD-0391,WH-17,270,490,27,733,0,814.4,Safe
INV-007680,2024-05-23,PRD-0496,WH-05,52,446,477,21,0,1.3,Critical
INV-007681,2024-02-04,PRD-0106,WH-19,418,51,401,68,0,5.1,Critical
INV-007682,2024-04-06,PRD-0361,WH-09,328,390,560,158,0,8.5,Warning
INV-007683,2023-09-13,PRD-0372,WH-10,862,379,470,771,0,49.2,Safe
INV-007684,2023-12-01,PRD-0077,WH-07,1989,93,378,1704,0,135.2,Safe
INV-007685,2023-07-16,PRD-0462,WH-19,1397,67,141,1323,0,281.5,Safe
INV-007686,2023-06-05,PRD-0240,WH-14,168,416,571,13,0,0.7,Critical
INV-007687,2023-11-13,PRD-0218,WH-07,1031,41,304,768,0,75.8,Safe
INV-007688,2024-08-28,PRD-0195,WH-04,144,455,169,430,0,76.3,Safe
INV-007689,2024-06-23,PRD-0421,WH-18,248,113,15,346,0,692.0,Safe
INV-007690,2023-08-18,PRD-0050,WH-05,1466,198,373,1291,0,103.8,Safe
INV-007691,2023-06-17,PRD-0399,WH-07,31,70,65,36,0,16.6,Safe
INV-007692,2024-03-21,PRD-0333,WH-03,1586,360,182,1764,0,290.8,Safe
INV-007693,2023-09-20,PRD-0327,WH-18,1540,262,6,1796,0,999.0,Safe
INV-007694,2023-02-18,PRD-0435,WH-15,970,175,396,749,0,56.7,Safe
INV-007695,2024-07-21,PRD-0400,WH-05,863,208,364,707,0,58.3,Safe
INV-007696,2024-01-07,PRD-0209,WH-05,826,412,153,1085,0,212.7,Safe
INV-007697,2024-04-04,PRD-0373,WH-01,1968,329,527,1770,0,100.8,Safe
INV-007698,2024-05-08,PRD-0403,WH-13,269,351,149,471,0,94.8,Safe
INV-007699,2024-05-26,PRD-0333,WH-06,1471,408,234,1645,0,210.9,Safe
INV-007700,2024-04-11,PRD-0153,WH-17,450,454,271,633,0,70.1,Safe
INV-007701,2023-01-10,PRD-0230,WH-05,608,363,127,844,0,199.4,Safe
INV-007702,2024-10-01,PRD-0092,WH-14,1737,335,223,1849,0,248.7,Safe
INV-007703,2023-04-14,PRD-0213,WH-13,9,127,23,113,0,147.4,Safe
INV-007704,2023-05-10,PRD-0226,WH-02,1777,484,158,2103,0,399.3,Safe
INV-007705,2024-01-02,PRD-0071,WH-13,1973,58,246,1785,0,217.7,Safe
INV-007706,2023-12-23,PRD-0203,WH-01,34,492,88,438,0,149.3,Safe
INV-007707,2023-04-03,PRD-0380,WH-13,1084,381,75,1390,0,556.0,Safe
INV-007708,2023-05-15,PRD-0466,WH-15,1670,125,317,1478,0,139.9,Safe
INV-007709,2023-08-20,PRD-0194,WH-04,1472,468,216,1724,0,239.4,Safe
INV-007710,2024-04-24,PRD-0105,WH-02,1209,394,281,1322,0,141.1,Safe
INV-007711,2023-12-20,PRD-0176,WH-16,481,478,525,434,0,24.8,Safe
INV-007712,2023-09-22,PRD-0166,WH-01,198,228,224,202,0,27.1,Safe
INV-007713,2023-07-19,PRD-0201,WH-13,144,377,427,94,0,6.6,Critical
INV-007714,2024-03-27,PRD-0434,WH-04,693,163,19,837,0,999.0,Safe
INV-007715,2023-05-18,PRD-0345,WH-14,33,247,109,171,0,47.1,Safe
INV-007716,2023-02-16,PRD-0086,WH-05,426,178,281,323,0,34.5,Safe
INV-007717,2024-05-15,PRD-0171,WH-09,284,25,135,174,0,38.7,Safe
INV-007718,2023-01-18,PRD-0425,WH-18,1704,219,192,1731,0,270.5,Safe
INV-007719,2023-08-17,PRD-0396,WH-15,315,88,288,115,0,12.0,Warning
INV-007720,2024-01-22,PRD-0286,WH-06,1134,366,587,913,0,46.7,Safe
INV-007721,2023-05-22,PRD-0360,WH-13,235,331,241,325,0,40.5,Safe
INV-007722,2024-05-20,PRD-0364,WH-05,1076,177,402,851,0,63.5,Safe
INV-007723,2024-03-31,PRD-0456,WH-10,1348,160,487,1021,0,62.9,Safe
INV-007724,2024-04-05,PRD-0411,WH-13,129,108,154,83,0,16.2,Safe
INV-007725,2023-06-26,PRD-0230,WH-08,1247,393,259,1381,0,160.0,Safe
INV-007726,2024-09-13,PRD-0273,WH-10,255,182,415,22,0,1.6,Critical
INV-007727,2023-06-30,PRD-0034,WH-12,521,266,50,737,0,442.2,Safe
INV-007728,2023-10-30,PRD-0421,WH-13,166,482,302,346,0,34.4,Safe
INV-007729,2023-08-26,PRD-0142,WH-11,1929,452,349,2032,0,174.7,Safe
INV-007730,2023-03-12,PRD-0253,WH-01,1537,344,482,1399,0,87.1,Safe
INV-007731,2024-01-24,PRD-0235,WH-08,676,219,45,850,0,566.7,Safe
INV-007732,2023-05-26,PRD-0051,WH-03,234,111,267,78,0,8.8,Warning
INV-007733,2023-09-27,PRD-0340,WH-05,1008,112,215,905,0,126.3,Safe
INV-007734,2024-07-15,PRD-0263,WH-13,743,90,589,244,0,12.4,Warning
INV-007735,2023-12-01,PRD-0242,WH-03,788,215,204,799,0,117.5,Safe
INV-007736,2023-10-15,PRD-0248,WH-11,1739,346,370,1715,0,139.1,Safe
INV-007737,2024-02-28,PRD-0230,WH-08,1604,149,449,1304,0,87.1,Safe
INV-007738,2024-04-13,PRD-0447,WH-09,1836,37,98,1775,0,543.4,Safe
INV-007739,2023-05-10,PRD-0216,WH-02,1633,356,45,1944,0,999.0,Safe
INV-007740,2024-06-22,PRD-0044,WH-16,401,299,216,484,0,67.2,Safe
INV-007741,2023-10-10,PRD-0056,WH-19,1026,392,181,1237,0,205.0,Safe
INV-007742,2023-08-09,PRD-0186,WH-07,825,97,461,461,0,30.0,Safe
INV-007743,2024-09-29,PRD-0269,WH-17,1695,289,203,1781,0,263.2,Safe
INV-007744,2024-02-23,PRD-0423,WH-08,1441,12,593,860,0,43.5,Safe
INV-007745,2024-02-03,PRD-0487,WH-04,1723,339,544,1518,0,83.7,Safe
INV-007746,2024-07-11,PRD-0243,WH-12,1902,283,371,1814,0,146.7,Safe
INV-007747,2023-12-17,PRD-0251,WH-18,1022,263,442,843,0,57.2,Safe
INV-007748,2024-01-22,PRD-0434,WH-12,87,195,17,265,0,467.6,Safe
INV-007749,2024-06-09,PRD-0040,WH-11,1621,287,590,1318,0,67.0,Safe
INV-007750,2024-03-16,PRD-0274,WH-16,1281,18,513,786,0,46.0,Safe
INV-007751,2024-08-17,PRD-0199,WH-11,1917,445,88,2274,0,775.2,Safe
INV-007752,2023-05-21,PRD-0154,WH-11,590,99,595,94,0,4.7,Critical
INV-007753,2023-02-04,PRD-0274,WH-10,1032,298,50,1280,0,768.0,Safe
INV-007754,2023-08-01,PRD-0379,WH-16,548,279,357,470,0,39.5,Safe
INV-007755,2023-02-09,PRD-0048,WH-08,1096,220,134,1182,0,264.6,Safe
INV-007756,2024-06-28,PRD-0034,WH-11,1594,33,526,1101,0,62.8,Safe
INV-007757,2024-06-21,PRD-0484,WH-06,180,343,65,458,0,211.4,Safe
INV-007758,2023-02-03,PRD-0353,WH-04,540,465,101,904,0,268.5,Safe
INV-007759,2023-09-24,PRD-0496,WH-17,341,82,58,365,0,188.8,Safe
INV-007760,2023-06-20,PRD-0209,WH-05,665,227,291,601,0,62.0,Safe
INV-007761,2023-03-24,PRD-0359,WH-16,1903,192,60,2035,0,999.0,Safe
INV-007762,2023-10-10,PRD-0295,WH-18,1902,278,378,1802,0,143.0,Safe
INV-007763,2023-12-03,PRD-0256,WH-13,1769,246,118,1897,0,482.3,Safe
INV-007764,2024-01-19,PRD-0405,WH-17,1978,301,201,2078,0,310.1,Safe
INV-007765,2023-10-15,PRD-0063,WH-03,1667,268,442,1493,0,101.3,Safe
INV-007766,2024-08-13,PRD-0238,WH-14,203,143,241,105,0,13.1,Warning
INV-007767,2023-07-22,PRD-0400,WH-09,1097,46,555,588,0,31.8,Safe
INV-007768,2024-07-17,PRD-0109,WH-12,760,163,411,512,0,37.4,Safe
INV-007769,2024-01-11,PRD-0162,WH-12,488,432,167,753,0,135.3,Safe
INV-007770,2023-08-06,PRD-0397,WH-14,1972,8,43,1937,0,999.0,Safe
INV-007771,2023-10-04,PRD-0250,WH-04,327,433,24,736,0,920.0,Safe
INV-007772,2023-05-21,PRD-0440,WH-18,1040,235,491,784,0,47.9,Safe
INV-007773,2024-01-31,PRD-0478,WH-17,1452,141,109,1484,0,408.4,Safe
INV-007774,2023-05-19,PRD-0090,WH-14,405,28,315,118,0,11.2,Warning
INV-007775,2024-06-18,PRD-0185,WH-09,629,456,422,663,0,47.1,Safe
INV-007776,2024-09-28,PRD-0328,WH-19,912,309,109,1112,0,306.1,Safe
INV-007777,2023-07-13,PRD-0092,WH-03,1159,12,437,734,0,50.4,Safe
INV-007778,2024-08-27,PRD-0466,WH-16,528,466,173,821,0,142.4,Safe
INV-007779,2024-02-19,PRD-0010,WH-12,1826,217,206,1837,0,267.5,Safe
INV-007780,2023-12-21,PRD-0149,WH-02,419,330,102,647,0,190.3,Safe
INV-007781,2023-07-20,PRD-0101,WH-07,1678,350,424,1604,0,113.5,Safe
INV-007782,2023-02-25,PRD-0347,WH-03,1508,77,369,1216,0,98.9,Safe
INV-007783,2024-07-30,PRD-0418,WH-13,833,105,373,565,0,45.4,Safe
INV-007784,2024-09-26,PRD-0460,WH-02,1545,234,71,1708,0,721.7,Safe
INV-007785,2023-05-06,PRD-0139,WH-12,1808,380,375,1813,0,145.0,Safe
INV-007786,2024-01-20,PRD-0260,WH-01,1560,267,452,1375,0,91.3,Safe
INV-007787,2023-05-06,PRD-0367,WH-17,23,134,107,50,0,14.0,Warning
INV-007788,2024-09-14,PRD-0397,WH-08,39,49,25,63,0,75.6,Safe
INV-007789,2024-02-14,PRD-0148,WH-11,1913,46,592,1367,0,69.3,Safe
INV-007790,2023-01-08,PRD-0091,WH-03,1440,298,479,1259,0,78.9,Safe
INV-007791,2023-12-27,PRD-0411,WH-20,162,194,233,123,0,15.8,Safe
INV-007792,2023-05-08,PRD-0173,WH-12,1756,420,26,2150,0,999.0,Safe
INV-007793,2024-08-07,PRD-0193,WH-01,1603,491,172,1922,0,335.2,Safe
INV-007794,2023-01-02,PRD-0314,WH-07,1131,396,534,993,0,55.8,Safe
INV-007795,2023-03-28,PRD-0217,WH-10,1175,328,427,1076,0,75.6,Safe
INV-007796,2024-06-22,PRD-0017,WH-19,836,275,446,665,0,44.7,Safe
INV-007797,2023-04-28,PRD-0073,WH-20,1081,317,308,1090,0,106.2,Safe
INV-007798,2023-03-14,PRD-0436,WH-10,1489,277,276,1490,0,162.0,Safe
INV-007799,2024-05-08,PRD-0416,WH-05,1017,224,600,641,0,32.0,Safe
INV-007800,2023-03-21,PRD-0064,WH-05,1069,471,386,1154,0,89.7,Safe
INV-007801,2023-10-13,PRD-0433,WH-09,13,496,256,253,0,29.6,Safe
INV-007802,2023-12-04,PRD-0014,WH-11,584,303,312,575,0,55.3,Safe
INV-007803,2023-05-22,PRD-0073,WH-17,118,481,168,431,0,77.0,Safe
INV-007804,2024-01-24,PRD-0262,WH-09,1599,399,529,1469,0,83.3,Safe
INV-007805,2024-09-27,PRD-0215,WH-03,860,390,383,867,0,67.9,Safe
INV-007806,2023-06-10,PRD-0180,WH-19,266,278,496,48,0,2.9,Critical
INV-007807,2024-06-15,PRD-0405,WH-19,783,292,582,493,0,25.4,Safe
INV-007808,2024-05-04,PRD-0027,WH-08,1766,374,43,2097,0,999.0,Safe
INV-007809,2023-12-03,PRD-0236,WH-12,1839,425,392,1872,0,143.3,Safe
INV-007810,2023-06-13,PRD-0137,WH-08,1675,382,407,1650,0,121.6,Safe
INV-007811,2024-06-13,PRD-0006,WH-17,209,454,440,223,0,15.2,Safe
INV-007812,2024-01-06,PRD-0466,WH-19,406,151,87,470,0,162.1,Safe
INV-007813,2024-05-12,PRD-0034,WH-20,548,24,313,259,0,24.8,Safe
INV-007814,2024-03-27,PRD-0391,WH-08,1812,98,453,1457,0,96.5,Safe
INV-007815,2023-08-13,PRD-0122,WH-10,81,237,132,186,0,42.3,Safe
INV-007816,2024-06-10,PRD-0458,WH-20,61,255,126,190,0,45.2,Safe
INV-007817,2023-09-07,PRD-0034,WH-20,1889,400,110,2179,0,594.3,Safe
INV-007818,2024-02-17,PRD-0272,WH-04,1334,96,134,1296,0,290.1,Safe
INV-007819,2023-11-17,PRD-0403,WH-04,1187,407,36,1558,0,999.0,Safe
INV-007820,2023-06-17,PRD-0208,WH-09,771,459,310,920,0,89.0,Safe
INV-007821,2024-05-12,PRD-0180,WH-01,756,163,104,815,0,235.1,Safe
INV-007822,2024-01-29,PRD-0106,WH-20,379,257,494,142,0,8.6,Warning
INV-007823,2023-07-19,PRD-0229,WH-13,484,23,237,270,0,34.2,Safe
INV-007824,2023-03-24,PRD-0251,WH-09,1918,350,521,1747,0,100.6,Safe
INV-007825,2024-01-29,PRD-0396,WH-01,390,368,313,445,0,42.7,Safe
INV-007826,2024-09-23,PRD-0027,WH-03,970,193,549,614,0,33.6,Safe
INV-007827,2024-02-14,PRD-0442,WH-02,1474,352,75,1751,0,700.4,Safe
INV-007828,2023-07-28,PRD-0338,WH-09,1869,255,549,1575,0,86.1,Safe
INV-007829,2023-04-02,PRD-0328,WH-09,64,452,479,37,0,2.3,Critical
INV-007830,2024-02-06,PRD-0271,WH-12,1204,310,36,1478,0,999.0,Safe
INV-007831,2023-06-22,PRD-0140,WH-17,151,149,46,254,0,165.7,Safe
INV-007832,2023-03-28,PRD-0439,WH-05,1988,80,577,1491,0,77.5,Safe
INV-007833,2023-06-10,PRD-0261,WH-09,755,233,319,669,0,62.9,Safe
INV-007834,2024-02-27,PRD-0496,WH-18,735,31,181,585,0,97.0,Safe
INV-007835,2023-11-10,PRD-0289,WH-12,1301,127,76,1352,0,533.7,Safe
INV-007836,2023-12-22,PRD-0216,WH-15,1965,280,500,1745,0,104.7,Safe
INV-007837,2024-02-28,PRD-0132,WH-19,1798,191,254,1735,0,204.9,Safe
INV-007838,2023-03-18,PRD-0481,WH-08,679,472,149,1002,0,201.7,Safe
INV-007839,2023-11-07,PRD-0418,WH-19,229,495,407,317,0,23.4,Safe
INV-007840,2023-07-20,PRD-0023,WH-07,556,241,59,738,0,375.3,Safe
INV-007841,2024-09-15,PRD-0388,WH-10,1577,297,360,1514,0,126.2,Safe
INV-007842,2023-03-11,PRD-0018,WH-03,1418,296,282,1432,0,152.3,Safe
INV-007843,2024-01-28,PRD-0235,WH-12,1040,2,226,816,0,108.3,Safe
INV-007844,2023-04-17,PRD-0098,WH-15,1992,288,265,2015,0,228.1,Safe
INV-007845,2023-02-26,PRD-0336,WH-09,1192,56,200,1048,0,157.2,Safe
INV-007846,2024-02-18,PRD-0371,WH-14,1895,149,504,1540,0,91.7,Safe
INV-007847,2024-09-22,PRD-0305,WH-08,1444,144,307,1281,0,125.2,Safe
INV-007848,2024-05-02,PRD-0373,WH-19,1980,286,575,1691,0,88.2,Safe
INV-007849,2023-04-17,PRD-0334,WH-15,1076,469,374,1171,0,93.9,Safe
INV-007850,2023-04-14,PRD-0087,WH-04,1412,105,266,1251,0,141.1,Safe
INV-007851,2024-07-13,PRD-0299,WH-13,978,170,494,654,0,39.7,Safe
INV-007852,2023-08-10,PRD-0478,WH-01,709,500,575,634,0,33.1,Safe
INV-007853,2024-07-13,PRD-0430,WH-16,1690,99,33,1756,0,999.0,Safe
INV-007854,2023-07-21,PRD-0382,WH-03,247,143,162,228,0,42.2,Safe
INV-007855,2023-04-10,PRD-0160,WH-19,1310,22,101,1231,0,365.6,Safe
INV-007856,2023-11-22,PRD-0283,WH-18,1265,498,57,1706,0,897.9,Safe
INV-007857,2024-02-03,PRD-0049,WH-06,529,496,560,465,0,24.9,Safe
INV-007858,2024-03-30,PRD-0380,WH-04,1312,259,208,1363,0,196.6,Safe
INV-007859,2024-02-03,PRD-0438,WH-09,1625,252,278,1599,0,172.6,Safe
INV-007860,2024-07-28,PRD-0274,WH-02,971,455,443,983,0,66.6,Safe
INV-007861,2023-03-25,PRD-0342,WH-15,1670,325,488,1507,0,92.6,Safe
INV-007862,2023-01-01,PRD-0009,WH-09,903,428,230,1101,0,143.6,Safe
INV-007863,2023-01-23,PRD-0083,WH-07,1954,364,352,1966,0,167.6,Safe
INV-007864,2024-05-16,PRD-0007,WH-12,721,76,166,631,0,114.0,Safe
INV-007865,2023-01-13,PRD-0093,WH-12,382,147,336,193,0,17.2,Safe
INV-007866,2023-01-23,PRD-0018,WH-10,1188,422,402,1208,0,90.1,Safe
INV-007867,2023-03-24,PRD-0270,WH-19,18,205,90,133,0,44.3,Safe
INV-007868,2023-01-25,PRD-0271,WH-19,1246,227,250,1223,0,146.8,Safe
INV-007869,2023-06-30,PRD-0328,WH-10,1731,313,413,1631,0,118.5,Safe
INV-007870,2023-08-16,PRD-0232,WH-02,856,84,309,631,0,61.3,Safe
INV-007871,2023-09-26,PRD-0114,WH-01,354,195,387,162,0,12.6,Warning
INV-007872,2024-03-01,PRD-0083,WH-08,96,339,431,4,0,0.3,Critical
INV-007873,2023-03-10,PRD-0438,WH-04,1655,44,499,1200,0,72.1,Safe
INV-007874,2023-09-28,PRD-0062,WH-19,69,448,112,405,0,108.5,Safe
INV-007875,2023-09-09,PRD-0271,WH-17,595,455,479,571,0,35.8,Safe
INV-007876,2023-05-26,PRD-0168,WH-09,236,164,13,387,0,893.1,Safe
INV-007877,2024-05-22,PRD-0157,WH-04,373,478,291,560,0,57.7,Safe
INV-007878,2023-06-01,PRD-0328,WH-08,1626,251,397,1480,0,111.8,Safe
INV-007879,2024-05-22,PRD-0262,WH-13,1027,229,554,702,0,38.0,Safe
INV-007880,2024-09-10,PRD-0125,WH-05,518,320,558,280,0,15.1,Safe
INV-007881,2024-06-25,PRD-0319,WH-14,176,127,183,120,0,19.7,Safe
INV-007882,2023-11-19,PRD-0162,WH-06,1127,67,567,627,0,33.2,Safe
INV-007883,2024-02-09,PRD-0383,WH-20,369,434,557,246,0,13.2,Warning
INV-007884,2023-04-29,PRD-0305,WH-05,687,239,473,453,0,28.7,Safe
INV-007885,2024-03-13,PRD-0115,WH-12,1892,48,261,1679,0,193.0,Safe
INV-007886,2024-08-26,PRD-0086,WH-04,450,133,482,101,0,6.3,Critical
INV-007887,2024-05-27,PRD-0213,WH-06,1139,116,101,1154,0,342.8,Safe
INV-007888,2023-12-23,PRD-0016,WH-15,1528,431,374,1585,0,127.1,Safe
INV-007889,2023-10-06,PRD-0235,WH-05,828,405,177,1056,0,179.0,Safe
INV-007890,2024-01-10,PRD-0069,WH-10,455,302,299,458,0,46.0,Safe
INV-007891,2024-05-29,PRD-0161,WH-08,1448,200,199,1449,0,218.4,Safe
INV-007892,2023-11-17,PRD-0039,WH-05,251,190,312,129,0,12.4,Warning
INV-007893,2023-07-12,PRD-0117,WH-02,201,261,287,175,0,18.3,Safe
INV-007894,2023-01-25,PRD-0060,WH-13,1391,265,143,1513,0,317.4,Safe
INV-007895,2024-09-17,PRD-0392,WH-19,1614,404,156,1862,0,358.1,Safe
INV-007896,2024-01-27,PRD-0053,WH-14,1917,334,209,2042,0,293.1,Safe
INV-007897,2024-02-17,PRD-0261,WH-20,737,193,440,490,0,33.4,Safe
INV-007898,2023-09-05,PRD-0120,WH-12,1715,335,226,1824,0,242.1,Safe
INV-007899,2023-03-04,PRD-0024,WH-18,1668,89,440,1317,0,89.8,Safe
INV-007900,2023-04-01,PRD-0219,WH-13,265,195,179,281,0,47.1,Safe
INV-007901,2024-02-11,PRD-0200,WH-09,671,227,318,580,0,54.7,Safe
INV-007902,2024-03-30,PRD-0076,WH-20,1137,157,514,780,0,45.5,Safe
INV-007903,2024-01-02,PRD-0401,WH-11,822,336,437,721,0,49.5,Safe
INV-007904,2024-02-14,PRD-0316,WH-05,354,332,22,664,0,905.5,Safe
INV-007905,2024-09-18,PRD-0299,WH-08,760,179,267,672,0,75.5,Safe
INV-007906,2024-05-18,PRD-0231,WH-11,798,276,492,582,0,35.5,Safe
INV-007907,2024-04-22,PRD-0443,WH-11,671,256,569,358,0,18.9,Safe
INV-007908,2023-03-06,PRD-0322,WH-01,1820,93,59,1854,0,942.7,Safe
INV-007909,2024-09-14,PRD-0277,WH-19,37,274,18,293,0,488.3,Safe
INV-007910,2023-05-23,PRD-0167,WH-12,1409,142,371,1180,0,95.4,Safe
INV-007911,2024-03-28,PRD-0216,WH-14,1909,414,94,2229,0,711.4,Safe
INV-007912,2024-03-26,PRD-0342,WH-10,1988,318,67,2239,0,999.0,Safe
INV-007913,2024-06-21,PRD-0402,WH-10,52,455,435,72,0,5.0,Critical
INV-007914,2023-05-18,PRD-0421,WH-11,1651,311,200,1762,0,264.3,Safe
INV-007915,2024-06-23,PRD-0369,WH-02,231,318,15,534,0,999.0,Safe
INV-007916,2024-06-21,PRD-0306,WH-16,1909,450,158,2201,0,417.9,Safe
INV-007917,2023-03-08,PRD-0272,WH-05,1657,298,169,1786,0,317.0,Safe
INV-007918,2023-10-12,PRD-0204,WH-11,1253,238,549,942,0,51.5,Safe
INV-007919,2024-02-10,PRD-0138,WH-07,940,486,506,920,0,54.5,Safe
INV-007920,2024-02-24,PRD-0048,WH-04,1209,263,519,953,0,55.1,Safe
INV-007921,2024-05-06,PRD-0230,WH-01,556,452,77,931,0,362.7,Safe
INV-007922,2024-05-10,PRD-0350,WH-07,1132,252,66,1318,0,599.1,Safe
INV-007923,2023-07-09,PRD-0182,WH-07,1614,458,510,1562,0,91.9,Safe
INV-007924,2024-02-11,PRD-0464,WH-14,1839,462,222,2079,0,280.9,Safe
INV-007925,2024-02-02,PRD-0128,WH-09,334,464,47,751,0,479.4,Safe
INV-007926,2024-08-09,PRD-0231,WH-17,314,135,202,247,0,36.7,Safe
INV-007927,2023-12-29,PRD-0010,WH-02,665,487,510,642,0,37.8,Safe
INV-007928,2024-03-01,PRD-0455,WH-04,1530,365,310,1585,0,153.4,Safe
INV-007929,2024-08-26,PRD-0233,WH-15,835,252,235,852,0,108.8,Safe
INV-007930,2024-04-28,PRD-0099,WH-17,1082,456,4,1534,0,999.0,Safe
INV-007931,2024-09-21,PRD-0344,WH-03,1936,141,457,1620,0,106.3,Safe
INV-007932,2023-08-10,PRD-0381,WH-03,1622,450,322,1750,0,163.0,Safe
INV-007933,2023-10-26,PRD-0009,WH-20,898,70,327,641,0,58.8,Safe
INV-007934,2023-07-09,PRD-0424,WH-04,646,338,196,788,0,120.6,Safe
INV-007935,2024-01-31,PRD-0478,WH-11,285,442,38,689,0,543.9,Safe
INV-007936,2024-01-04,PRD-0064,WH-10,1375,117,146,1346,0,276.6,Safe
INV-007937,2024-09-23,PRD-0372,WH-03,381,479,115,745,0,194.3,Safe
INV-007938,2023-09-25,PRD-0008,WH-19,730,404,125,1009,0,242.2,Safe
INV-007939,2024-04-08,PRD-0130,WH-19,1003,142,96,1049,0,327.8,Safe
INV-007940,2023-02-19,PRD-0008,WH-18,1621,236,502,1355,0,81.0,Safe
INV-007941,2024-02-11,PRD-0468,WH-14,477,223,323,377,0,35.0,Safe
INV-007942,2023-10-08,PRD-0402,WH-15,1722,274,26,1970,0,999.0,Safe
INV-007943,2023-03-30,PRD-0363,WH-16,1786,199,399,1586,0,119.2,Safe
INV-007944,2023-05-28,PRD-0421,WH-03,367,324,410,281,0,20.6,Safe
INV-007945,2023-05-05,PRD-0028,WH-02,1225,222,89,1358,0,457.8,Safe
INV-007946,2023-03-15,PRD-0015,WH-01,301,235,168,368,0,65.7,Safe
INV-007947,2024-07-13,PRD-0224,WH-01,1186,272,67,1391,0,622.8,Safe
INV-007948,2024-01-22,PRD-0249,WH-12,307,389,584,112,0,5.8,Critical
INV-007949,2023-06-11,PRD-0214,WH-04,302,126,293,135,0,13.8,Warning
INV-007950,2023-11-08,PRD-0155,WH-04,1896,473,125,2244,0,538.6,Safe
INV-007951,2023-06-11,PRD-0016,WH-07,340,496,386,450,0,35.0,Safe
INV-007952,2024-07-16,PRD-0318,WH-07,1195,178,359,1014,0,84.7,Safe
INV-007953,2024-09-20,PRD-0118,WH-15,1430,174,39,1565,0,999.0,Safe
INV-007954,2023-05-24,PRD-0055,WH-14,1818,83,41,1860,0,999.0,Safe
INV-007955,2023-06-15,PRD-0221,WH-12,953,33,307,679,0,66.4,Safe
INV-007956,2024-02-02,PRD-0431,WH-17,272,10,89,193,0,65.1,Safe
INV-007957,2023-02-16,PRD-0428,WH-11,814,303,506,611,0,36.2,Safe
INV-007958,2024-03-23,PRD-0042,WH-06,1465,99,33,1531,0,999.0,Safe
INV-007959,2023-06-27,PRD-0469,WH-01,920,444,297,1067,0,107.8,Safe
INV-007960,2024-02-13,PRD-0107,WH-20,457,182,107,532,0,149.2,Safe
INV-007961,2023-05-13,PRD-0077,WH-02,684,441,151,974,0,193.5,Safe
INV-007962,2023-10-06,PRD-0236,WH-07,1688,349,376,1661,0,132.5,Safe
INV-007963,2023-03-16,PRD-0083,WH-13,797,250,515,532,0,31.0,Safe
INV-007964,2023-03-04,PRD-0070,WH-12,804,407,253,958,0,113.6,Safe
INV-007965,2024-05-24,PRD-0386,WH-15,1643,160,388,1415,0,109.4,Safe
INV-007966,2024-08-12,PRD-0177,WH-17,1376,139,536,979,0,54.8,Safe
INV-007967,2023-06-11,PRD-0296,WH-12,1459,361,63,1757,0,836.7,Safe
INV-007968,2023-11-08,PRD-0118,WH-13,1997,262,202,2057,0,305.5,Safe
INV-007969,2024-07-28,PRD-0209,WH-15,1156,167,568,755,0,39.9,Safe
INV-007970,2023-12-03,PRD-0464,WH-16,1693,391,239,1845,0,231.6,Safe
INV-007971,2023-03-09,PRD-0128,WH-10,929,368,560,737,0,39.5,Safe
INV-007972,2023-06-24,PRD-0375,WH-07,194,171,193,172,0,26.7,Safe
INV-007973,2024-01-21,PRD-0383,WH-17,845,334,467,712,0,45.7,Safe
INV-007974,2023-06-10,PRD-0376,WH-20,1945,376,570,1751,0,92.2,Safe
INV-007975,2023-10-29,PRD-0110,WH-05,1760,352,221,1891,0,256.7,Safe
INV-007976,2024-06-12,PRD-0033,WH-11,1636,191,519,1308,0,75.6,Safe
INV-007977,2024-08-09,PRD-0236,WH-14,1714,50,395,1369,0,104.0,Safe
INV-007978,2023-03-13,PRD-0241,WH-02,260,112,155,217,0,42.0,Safe
INV-007979,2023-11-26,PRD-0485,WH-20,349,58,362,45,0,3.7,Critical
INV-007980,2023-03-14,PRD-0119,WH-19,1634,419,17,2036,0,999.0,Safe
INV-007981,2023-02-28,PRD-0378,WH-18,1100,431,77,1454,0,566.5,Safe
INV-007982,2023-12-26,PRD-0045,WH-10,386,256,185,457,0,74.1,Safe
INV-007983,2023-03-31,PRD-0355,WH-16,1630,215,195,1650,0,253.8,Safe
INV-007984,2024-07-30,PRD-0070,WH-13,534,60,422,172,0,12.2,Warning
INV-007985,2023-06-22,PRD-0123,WH-13,625,142,484,283,0,17.5,Safe
INV-007986,2024-06-13,PRD-0206,WH-14,1403,423,17,1809,0,999.0,Safe
INV-007987,2023-05-09,PRD-0290,WH-07,1750,341,320,1771,0,166.0,Safe
INV-007988,2023-06-06,PRD-0229,WH-10,112,385,453,44,0,2.9,Critical
INV-007989,2023-06-19,PRD-0029,WH-03,1383,126,544,965,0,53.2,Safe
INV-007990,2023-07-11,PRD-0391,WH-19,238,85,289,34,0,3.5,Critical
INV-007991,2023-07-05,PRD-0028,WH-08,94,51,46,99,0,64.6,Safe
INV-007992,2023-10-18,PRD-0161,WH-14,856,127,178,805,0,135.7,Safe
INV-007993,2024-02-27,PRD-0037,WH-07,1351,475,498,1328,0,80.0,Safe
INV-007994,2023-12-29,PRD-0058,WH-05,817,34,528,323,0,18.4,Safe
INV-007995,2024-07-13,PRD-0150,WH-06,579,498,385,692,0,53.9,Safe
INV-007996,2024-05-14,PRD-0362,WH-20,892,86,346,632,0,54.8,Safe
INV-007997,2023-08-01,PRD-0066,WH-10,542,361,257,646,0,75.4,Safe
INV-007998,2023-09-13,PRD-0158,WH-10,1296,65,40,1321,0,990.8,Safe
INV-007999,2024-05-27,PRD-0375,WH-19,814,44,192,666,0,104.1,Safe
INV-008000,2024-02-02,PRD-0241,WH-01,449,310,424,335,0,23.7,Safe
INV-008001,2023-11-04,PRD-0444,WH-19,1983,331,532,1782,0,100.5,Safe
INV-008002,2023-11-13,PRD-0253,WH-15,30,63,77,16,0,6.2,Critical
INV-008003,2023-12-22,PRD-0001,WH-08,662,213,5,870,0,999.0,Safe
INV-008004,2024-05-02,PRD-0122,WH-19,847,5,402,450,0,33.6,Safe
INV-008005,2023-09-04,PRD-0054,WH-06,1956,277,404,1829,0,135.8,Safe
INV-008006,2024-01-31,PRD-0224,WH-06,544,138,443,239,0,16.2,Safe
INV-008007,2024-09-30,PRD-0475,WH-18,1143,219,244,1118,0,137.5,Safe
INV-008008,2023-03-22,PRD-0335,WH-18,544,297,176,665,0,113.4,Safe
INV-008009,2023-08-04,PRD-0245,WH-04,1880,189,280,1789,0,191.7,Safe
INV-008010,2024-09-15,PRD-0289,WH-03,406,329,399,336,0,25.3,Safe
INV-008011,2024-08-30,PRD-0182,WH-01,1681,143,139,1685,0,363.7,Safe
INV-008012,2024-02-12,PRD-0476,WH-03,1662,47,179,1530,0,256.4,Safe
INV-008013,2023-06-05,PRD-0030,WH-13,0,368,44,324,0,220.9,Safe
INV-008014,2024-03-15,PRD-0003,WH-01,1522,433,342,1613,0,141.5,Safe
INV-008015,2023-01-20,PRD-0080,WH-17,1777,164,286,1655,0,173.6,Safe
INV-008016,2023-11-11,PRD-0180,WH-16,1932,8,275,1665,0,181.6,Safe
INV-008017,2024-05-25,PRD-0476,WH-06,760,438,161,1037,0,193.2,Safe
INV-008018,2024-05-18,PRD-0031,WH-17,686,29,101,614,0,182.4,Safe
INV-008019,2023-05-11,PRD-0325,WH-15,1622,207,478,1351,0,84.8,Safe
INV-008020,2024-01-05,PRD-0458,WH-14,1249,71,150,1170,0,234.0,Safe
INV-008021,2023-10-15,PRD-0275,WH-19,354,286,333,307,0,27.7,Safe
INV-008022,2023-04-23,PRD-0197,WH-07,1333,356,25,1664,0,999.0,Safe
INV-008023,2024-03-14,PRD-0016,WH-08,1741,422,448,1715,0,114.8,Safe
INV-008024,2024-07-23,PRD-0353,WH-09,604,307,574,337,0,17.6,Safe
INV-008025,2024-07-08,PRD-0297,WH-05,366,56,393,29,0,2.2,Critical
INV-008026,2023-10-10,PRD-0464,WH-09,219,422,137,504,0,110.4,Safe
INV-008027,2023-07-29,PRD-0175,WH-02,424,111,67,468,0,209.6,Safe
INV-008028,2023-03-16,PRD-0050,WH-19,34,329,224,139,0,18.6,Safe
INV-008029,2023-01-12,PRD-0052,WH-15,1423,52,147,1328,0,271.0,Safe
INV-008030,2024-01-21,PRD-0432,WH-11,117,84,30,171,0,171.0,Safe
INV-008031,2024-01-26,PRD-0413,WH-12,1846,453,333,1966,0,177.1,Safe
INV-008032,2023-06-11,PRD-0093,WH-13,600,408,542,466,0,25.8,Safe
INV-008033,2024-06-05,PRD-0436,WH-11,1674,486,544,1616,0,89.1,Safe
INV-008034,2023-04-10,PRD-0111,WH-04,1956,348,361,1943,0,161.5,Safe
INV-008035,2024-03-15,PRD-0343,WH-05,16,100,103,13,0,3.8,Critical
INV-008036,2023-12-01,PRD-0063,WH-04,330,405,236,499,0,63.4,Safe
INV-008037,2023-04-22,PRD-0486,WH-03,1286,87,46,1327,0,865.4,Safe
INV-008038,2023-03-03,PRD-0059,WH-15,431,489,357,563,0,47.3,Safe
INV-008039,2023-01-25,PRD-0343,WH-15,225,38,201,62,0,9.3,Warning
INV-008040,2023-12-11,PRD-0103,WH-10,396,274,414,256,0,18.6,Safe
INV-008041,2023-05-27,PRD-0140,WH-02,441,223,469,195,0,12.5,Warning
INV-008042,2023-05-23,PRD-0445,WH-10,768,6,248,526,0,63.6,Safe
INV-008043,2023-02-08,PRD-0389,WH-13,1628,187,594,1221,0,61.7,Safe
INV-008044,2023-01-06,PRD-0414,WH-04,836,468,509,795,0,46.9,Safe
INV-008045,2023-06-21,PRD-0440,WH-03,183,176,212,147,0,20.8,Safe
INV-008046,2024-07-15,PRD-0050,WH-20,106,97,108,95,0,26.4,Safe
INV-008047,2023-08-10,PRD-0291,WH-05,644,301,227,718,0,94.9,Safe
INV-008048,2023-05-11,PRD-0102,WH-01,1172,60,521,711,0,40.9,Safe
INV-008049,2024-07-15,PRD-0226,WH-01,1644,123,310,1457,0,141.0,Safe
INV-008050,2023-02-14,PRD-0466,WH-04,1225,103,18,1310,0,999.0,Safe
INV-008051,2023-07-22,PRD-0148,WH-19,589,440,109,920,0,253.2,Safe
INV-008052,2023-03-22,PRD-0172,WH-20,572,348,340,580,0,51.2,Safe
INV-008053,2024-08-18,PRD-0226,WH-14,543,463,365,641,0,52.7,Safe
INV-008054,2024-07-05,PRD-0295,WH-01,836,385,114,1107,0,291.3,Safe
INV-008055,2024-07-13,PRD-0270,WH-14,1510,496,219,1787,0,244.8,Safe
INV-008056,2023-04-16,PRD-0172,WH-12,1500,47,136,1411,0,311.2,Safe
INV-008057,2023-12-20,PRD-0162,WH-02,151,278,73,356,0,146.3,Safe
INV-008058,2023-01-21,PRD-0332,WH-15,159,98,176,81,0,13.8,Warning
INV-008059,2024-08-08,PRD-0287,WH-10,456,282,79,659,0,250.3,Safe
INV-008060,2023-11-25,PRD-0239,WH-18,838,315,599,554,0,27.7,Safe
INV-008061,2023-10-17,PRD-0408,WH-19,42,250,30,262,0,262.0,Safe
INV-008062,2023-11-29,PRD-0022,WH-18,810,444,342,912,0,80.0,Safe
INV-008063,2024-09-17,PRD-0188,WH-05,1452,286,8,1730,0,999.0,Safe
INV-008064,2023-04-10,PRD-0192,WH-04,733,370,215,888,0,123.9,Safe
INV-008065,2023-05-08,PRD-0428,WH-20,504,239,240,503,0,62.9,Safe
INV-008066,2024-06-03,PRD-0486,WH-04,1654,0,518,1136,0,65.8,Safe
INV-008067,2023-03-21,PRD-0244,WH-03,1610,23,402,1231,0,91.9,Safe
INV-008068,2023-10-12,PRD-0308,WH-20,848,189,463,574,0,37.2,Safe
INV-008069,2024-09-05,PRD-0375,WH-14,1419,428,529,1318,0,74.7,Safe
INV-008070,2024-03-04,PRD-0033,WH-05,445,203,42,606,0,432.9,Safe
INV-008071,2023-07-12,PRD-0167,WH-05,535,173,429,279,0,19.5,Safe
INV-008072,2023-02-02,PRD-0487,WH-11,1748,9,314,1443,0,137.9,Safe
INV-008073,2023-04-30,PRD-0220,WH-07,921,71,32,960,0,900.0,Safe
INV-008074,2023-09-05,PRD-0068,WH-05,199,350,234,315,0,40.4,Safe
INV-008075,2023-08-02,PRD-0421,WH-07,361,237,544,54,0,3.0,Critical
INV-008076,2024-01-15,PRD-0043,WH-08,238,44,231,51,0,6.6,Critical
INV-008077,2024-09-04,PRD-0113,WH-12,1484,486,37,1933,0,999.0,Safe
INV-008078,2024-04-11,PRD-0422,WH-10,1839,145,511,1473,0,86.5,Safe
INV-008079,2024-07-25,PRD-0132,WH-20,1705,380,437,1648,0,113.1,Safe
INV-008080,2023-08-07,PRD-0230,WH-13,1524,123,213,1434,0,202.0,Safe
INV-008081,2023-02-12,PRD-0319,WH-02,1275,333,26,1582,0,999.0,Safe
INV-008082,2024-09-29,PRD-0193,WH-12,1939,86,599,1426,0,71.4,Safe
INV-008083,2023-06-20,PRD-0154,WH-19,1643,83,229,1497,0,196.1,Safe
INV-008084,2023-03-26,PRD-0252,WH-12,135,100,38,197,0,155.5,Safe
INV-008085,2023-12-02,PRD-0269,WH-09,115,141,144,112,0,23.3,Safe
INV-008086,2023-08-20,PRD-0288,WH-11,1181,53,94,1140,0,363.8,Safe
INV-008087,2023-10-30,PRD-0356,WH-15,1468,144,501,1111,0,66.5,Safe
INV-008088,2023-08-29,PRD-0101,WH-05,175,283,38,420,0,331.6,Safe
INV-008089,2023-10-04,PRD-0165,WH-09,1783,301,156,1928,0,370.8,Safe
INV-008090,2024-02-10,PRD-0244,WH-14,1976,219,525,1670,0,95.4,Safe
INV-008091,2023-04-03,PRD-0461,WH-06,401,390,470,321,0,20.5,Safe
INV-008092,2023-03-18,PRD-0337,WH-04,285,337,199,423,0,63.8,Safe
INV-008093,2024-05-28,PRD-0372,WH-03,374,375,300,449,0,44.9,Safe
INV-008094,2024-01-28,PRD-0488,WH-14,965,498,13,1450,0,999.0,Safe
INV-008095,2023-05-14,PRD-0197,WH-04,1784,238,337,1685,0,150.0,Safe
INV-008096,2023-02-21,PRD-0117,WH-03,131,349,360,120,0,10.0,Warning
INV-008097,2023-11-26,PRD-0081,WH-05,1210,122,307,1025,0,100.2,Safe
INV-008098,2023-12-25,PRD-0479,WH-17,318,50,290,78,0,8.1,Warning
INV-008099,2023-03-10,PRD-0318,WH-10,1328,59,92,1295,0,422.3,Safe
INV-008100,2023-08-12,PRD-0230,WH-18,663,317,26,954,0,999.0,Safe
INV-008101,2024-02-03,PRD-0174,WH-08,530,102,260,372,0,42.9,Safe
INV-008102,2024-06-15,PRD-0468,WH-05,344,240,289,295,0,30.6,Safe
INV-008103,2024-01-20,PRD-0369,WH-14,1290,176,511,955,0,56.1,Safe
INV-008104,2024-06-19,PRD-0086,WH-18,1924,83,408,1599,0,117.6,Safe
INV-008105,2023-10-21,PRD-0335,WH-11,953,134,76,1011,0,399.1,Safe
INV-008106,2024-05-17,PRD-0015,WH-17,115,57,161,11,0,2.0,Critical
INV-008107,2023-08-19,PRD-0094,WH-16,1308,423,287,1444,0,150.9,Safe
INV-008108,2024-01-26,PRD-0028,WH-15,241,313,248,306,0,37.0,Safe
INV-008109,2024-08-18,PRD-0093,WH-03,286,130,248,168,0,20.3,Safe
INV-008110,2024-02-21,PRD-0218,WH-01,194,103,245,52,0,6.4,Critical
INV-008111,2024-04-21,PRD-0430,WH-08,1562,342,509,1395,0,82.2,Safe
INV-008112,2023-01-30,PRD-0221,WH-03,873,489,447,915,0,61.4,Safe
INV-008113,2024-05-04,PRD-0072,WH-07,1542,336,21,1857,0,999.0,Safe
INV-008114,2024-02-22,PRD-0372,WH-02,992,230,87,1135,0,391.4,Safe
INV-008115,2024-07-22,PRD-0106,WH-20,1997,332,86,2243,0,782.4,Safe
INV-008116,2024-03-19,PRD-0222,WH-19,1210,189,437,962,0,66.0,Safe
INV-008117,2023-08-30,PRD-0200,WH-07,1484,164,38,1610,0,999.0,Safe
INV-008118,2023-04-12,PRD-0365,WH-09,1150,22,185,987,0,160.1,Safe
INV-008119,2023-01-18,PRD-0460,WH-06,1447,147,587,1007,0,51.5,Safe
INV-008120,2024-05-30,PRD-0063,WH-04,1891,335,25,2201,0,999.0,Safe
INV-008121,2023-05-30,PRD-0312,WH-19,990,300,360,930,0,77.5,Safe
INV-008122,2024-05-05,PRD-0274,WH-17,1733,239,595,1377,0,69.4,Safe
INV-008123,2024-04-20,PRD-0469,WH-04,769,343,597,515,0,25.9,Safe
INV-008124,2023-10-19,PRD-0320,WH-11,1318,60,467,911,0,58.5,Safe
INV-008125,2024-08-02,PRD-0241,WH-05,1590,312,184,1718,0,280.1,Safe
INV-008126,2023-02-25,PRD-0139,WH-08,1942,475,356,2061,0,173.7,Safe
INV-008127,2023-07-28,PRD-0223,WH-20,593,283,308,568,0,55.3,Safe
INV-008128,2024-09-04,PRD-0248,WH-05,889,249,158,980,0,186.1,Safe
INV-008129,2024-03-17,PRD-0214,WH-05,937,214,286,865,0,90.7,Safe
INV-008130,2023-01-21,PRD-0172,WH-16,973,400,227,1146,0,151.5,Safe
INV-008131,2024-08-30,PRD-0417,WH-07,1060,420,271,1209,0,133.8,Safe
INV-008132,2023-01-20,PRD-0205,WH-20,571,385,327,629,0,57.7,Safe
INV-008133,2023-06-26,PRD-0318,WH-08,1791,215,44,1962,0,999.0,Safe
INV-008134,2023-06-24,PRD-0048,WH-18,1701,255,40,1916,0,999.0,Safe
INV-008135,2023-10-29,PRD-0370,WH-16,906,285,226,965,0,128.1,Safe
INV-008136,2024-06-20,PRD-0286,WH-10,1092,50,418,724,0,52.0,Safe
INV-008137,2023-10-28,PRD-0336,WH-08,1092,48,458,682,0,44.7,Safe
INV-008138,2023-05-30,PRD-0270,WH-17,1345,266,141,1470,0,312.8,Safe
INV-008139,2024-08-30,PRD-0476,WH-09,1361,343,411,1293,0,94.4,Safe
INV-008140,2023-05-09,PRD-0346,WH-08,58,454,37,475,0,385.1,Safe
INV-008141,2023-10-12,PRD-0483,WH-14,512,26,84,454,0,162.1,Safe
INV-008142,2024-04-23,PRD-0364,WH-13,1774,49,244,1579,0,194.1,Safe
INV-008143,2023-01-12,PRD-0200,WH-20,1544,290,98,1736,0,531.4,Safe
INV-008144,2023-02-22,PRD-0041,WH-15,1023,456,266,1213,0,136.8,Safe
INV-008145,2024-08-10,PRD-0173,WH-03,1874,378,417,1835,0,132.0,Safe
INV-008146,2023-05-28,PRD-0131,WH-10,250,396,66,580,0,263.6,Safe
INV-008147,2023-07-09,PRD-0196,WH-10,1583,185,42,1726,0,999.0,Safe
INV-008148,2024-04-23,PRD-0492,WH-18,373,447,308,512,0,49.9,Safe
INV-008149,2023-04-20,PRD-0254,WH-10,1881,453,489,1845,0,113.2,Safe
INV-008150,2023-07-07,PRD-0081,WH-11,1531,121,32,1620,0,999.0,Safe
INV-008151,2023-08-27,PRD-0053,WH-07,1775,161,27,1909,0,999.0,Safe
INV-008152,2024-03-14,PRD-0295,WH-04,979,88,76,991,0,391.2,Safe
INV-008153,2024-01-17,PRD-0179,WH-09,1608,476,522,1562,0,89.8,Safe
INV-008154,2023-05-27,PRD-0001,WH-06,1218,415,415,1218,0,88.0,Safe
INV-008155,2023-07-07,PRD-0487,WH-01,1177,261,190,1248,0,197.1,Safe
INV-008156,2024-07-06,PRD-0179,WH-20,1152,445,506,1091,0,64.7,Safe
INV-008157,2023-05-13,PRD-0422,WH-07,1476,444,31,1889,0,999.0,Safe
INV-008158,2023-09-15,PRD-0418,WH-02,1101,235,371,965,0,78.0,Safe
INV-008159,2024-06-05,PRD-0085,WH-10,1240,136,15,1361,0,999.0,Safe
INV-008160,2024-01-04,PRD-0020,WH-19,1140,369,270,1239,0,137.7,Safe
INV-008161,2024-06-05,PRD-0281,WH-18,594,190,331,453,0,41.1,Safe
INV-008162,2023-03-10,PRD-0142,WH-08,669,101,236,534,0,67.9,Safe
INV-008163,2023-08-03,PRD-0462,WH-02,1885,443,426,1902,0,133.9,Safe
INV-008164,2024-06-03,PRD-0147,WH-17,1221,257,21,1457,0,999.0,Safe
INV-008165,2023-11-27,PRD-0136,WH-12,655,131,351,435,0,37.2,Safe
INV-008166,2023-07-22,PRD-0316,WH-01,1702,442,166,1978,0,357.5,Safe
INV-008167,2023-04-28,PRD-0207,WH-14,1928,123,466,1585,0,102.0,Safe
INV-008168,2024-01-20,PRD-0312,WH-18,1423,114,172,1365,0,238.1,Safe
INV-008169,2024-08-25,PRD-0056,WH-04,407,35,44,398,0,271.4,Safe
INV-008170,2023-11-16,PRD-0067,WH-05,599,427,530,496,0,28.1,Safe
INV-008171,2024-09-24,PRD-0028,WH-13,446,486,13,919,0,999.0,Safe
INV-008172,2023-02-28,PRD-0298,WH-15,1235,384,304,1315,0,129.8,Safe
INV-008173,2023-01-15,PRD-0042,WH-08,1349,281,82,1548,0,566.3,Safe
INV-008174,2023-07-28,PRD-0082,WH-10,1038,124,28,1134,0,999.0,Safe
INV-008175,2024-02-10,PRD-0047,WH-06,1324,357,408,1273,0,93.6,Safe
INV-008176,2024-02-29,PRD-0267,WH-12,1704,323,120,1907,0,476.8,Safe
INV-008177,2024-06-10,PRD-0381,WH-15,1273,63,431,905,0,63.0,Safe
INV-008178,2023-08-30,PRD-0174,WH-16,1172,458,408,1222,0,89.9,Safe
INV-008179,2024-07-28,PRD-0158,WH-13,957,36,391,602,0,46.2,Safe
INV-008180,2024-08-26,PRD-0305,WH-17,563,356,552,367,0,19.9,Safe
INV-008181,2024-08-05,PRD-0133,WH-16,1947,335,318,1964,0,185.3,Safe
INV-008182,2023-04-12,PRD-0426,WH-11,889,294,276,907,0,98.6,Safe
INV-008183,2024-05-02,PRD-0088,WH-08,67,115,156,26,0,5.0,Critical
INV-008184,2024-06-27,PRD-0044,WH-18,1032,271,561,742,0,39.7,Safe
INV-008185,2023-01-26,PRD-0157,WH-09,1146,185,242,1089,0,135.0,Safe
INV-008186,2024-08-13,PRD-0062,WH-01,1244,381,584,1041,0,53.5,Safe
INV-008187,2023-10-09,PRD-0418,WH-06,886,432,145,1173,0,242.7,Safe
INV-008188,2024-01-28,PRD-0156,WH-01,145,167,74,238,0,96.5,Safe
INV-008189,2024-09-04,PRD-0498,WH-11,391,29,161,259,0,48.3,Safe
INV-008190,2023-12-30,PRD-0060,WH-18,26,130,25,131,0,157.2,Safe
INV-008191,2023-07-25,PRD-0065,WH-08,1667,415,73,2009,0,825.6,Safe
INV-008192,2024-08-07,PRD-0438,WH-03,197,98,227,68,0,9.0,Warning
INV-008193,2024-08-24,PRD-0003,WH-10,787,500,299,988,0,99.1,Safe
INV-008194,2023-06-18,PRD-0368,WH-09,588,312,281,619,0,66.1,Safe
INV-008195,2023-08-14,PRD-0261,WH-09,1918,210,588,1540,0,78.6,Safe
INV-008196,2024-06-26,PRD-0153,WH-15,727,253,69,911,0,396.1,Safe
INV-008197,2023-12-29,PRD-0387,WH-05,1373,126,197,1302,0,198.3,Safe
INV-008198,2023-05-10,PRD-0269,WH-06,656,0,16,640,0,999.0,Safe
INV-008199,2024-06-19,PRD-0249,WH-01,1633,483,483,1633,0,101.4,Safe
INV-008200,2024-08-27,PRD-0292,WH-08,672,195,189,678,0,107.6,Safe
INV-008201,2023-02-24,PRD-0328,WH-12,1915,432,558,1789,0,96.2,Safe
INV-008202,2023-10-16,PRD-0228,WH-06,423,64,25,462,0,554.4,Safe
INV-008203,2023-07-22,PRD-0486,WH-18,917,211,19,1109,0,999.0,Safe
INV-008204,2023-04-10,PRD-0390,WH-19,1279,494,75,1698,0,679.2,Safe
INV-008205,2023-09-03,PRD-0064,WH-03,1878,73,174,1777,0,306.4,Safe
INV-008206,2024-06-12,PRD-0080,WH-02,95,322,229,188,0,24.6,Safe
INV-008207,2024-01-21,PRD-0306,WH-16,1788,446,340,1894,0,167.1,Safe
INV-008208,2023-12-07,PRD-0282,WH-12,124,103,67,160,0,71.6,Safe
INV-008209,2023-11-14,PRD-0275,WH-04,564,180,317,427,0,40.4,Safe
INV-008210,2023-02-03,PRD-0171,WH-03,451,214,9,656,0,999.0,Safe
INV-008211,2024-04-08,PRD-0426,WH-14,830,51,238,643,0,81.1,Safe
INV-008212,2023-03-18,PRD-0441,WH-18,362,289,554,97,0,5.3,Critical
INV-008213,2024-07-14,PRD-0444,WH-11,439,48,311,176,0,17.0,Safe
INV-008214,2024-01-13,PRD-0131,WH-17,562,426,315,673,0,64.1,Safe
INV-008215,2024-06-04,PRD-0327,WH-20,713,330,174,869,0,149.8,Safe
INV-008216,2024-05-28,PRD-0255,WH-17,1964,453,141,2276,0,484.3,Safe
INV-008217,2024-06-28,PRD-0048,WH-14,1769,185,479,1475,0,92.4,Safe
INV-008218,2023-07-03,PRD-0432,WH-10,290,476,574,192,0,10.0,Warning
INV-008219,2023-09-08,PRD-0405,WH-18,746,102,418,430,0,30.9,Safe
INV-008220,2024-08-03,PRD-0216,WH-02,951,436,289,1098,0,114.0,Safe
INV-008221,2024-03-10,PRD-0016,WH-11,652,307,177,782,0,132.5,Safe
INV-008222,2023-02-24,PRD-0150,WH-04,740,215,333,622,0,56.0,Safe
INV-008223,2023-02-06,PRD-0174,WH-08,877,226,384,719,0,56.2,Safe
INV-008224,2024-09-22,PRD-0099,WH-06,1852,171,289,1734,0,180.0,Safe
INV-008225,2023-07-19,PRD-0311,WH-10,1009,452,381,1080,0,85.0,Safe
INV-008226,2024-05-24,PRD-0167,WH-11,241,182,417,6,0,0.4,Critical
INV-008227,2024-02-12,PRD-0423,WH-19,45,38,14,69,0,147.9,Safe
INV-008228,2023-07-13,PRD-0124,WH-04,2000,319,409,1910,0,140.1,Safe
INV-008229,2023-10-14,PRD-0144,WH-15,485,33,122,396,0,97.4,Safe
INV-008230,2023-11-02,PRD-0180,WH-19,137,341,369,109,0,8.9,Warning
INV-008231,2023-08-14,PRD-0018,WH-10,548,111,166,493,0,89.1,Safe
INV-008232,2024-05-12,PRD-0185,WH-15,211,458,535,134,0,7.5,Warning
INV-008233,2024-05-04,PRD-0005,WH-20,1550,45,210,1385,0,197.9,Safe
INV-008234,2024-06-07,PRD-0314,WH-17,1177,90,530,737,0,41.7,Safe
INV-008235,2024-05-30,PRD-0471,WH-05,1304,343,119,1528,0,385.2,Safe
INV-008236,2024-08-05,PRD-0332,WH-05,305,214,227,292,0,38.6,Safe
INV-008237,2023-07-03,PRD-0066,WH-04,1772,310,346,1736,0,150.5,Safe
INV-008238,2023-10-28,PRD-0061,WH-12,1052,302,84,1270,0,453.6,Safe
INV-008239,2023-02-12,PRD-0127,WH-02,576,101,19,658,0,999.0,Safe
INV-008240,2023-07-19,PRD-0173,WH-13,1056,440,338,1158,0,102.8,Safe
INV-008241,2023-07-02,PRD-0313,WH-09,978,18,358,638,0,53.5,Safe
INV-008242,2024-05-24,PRD-0485,WH-08,99,173,147,125,0,25.5,Safe
INV-008243,2023-12-04,PRD-0500,WH-10,996,88,513,571,0,33.4,Safe
INV-008244,2023-01-20,PRD-0420,WH-08,444,283,187,540,0,86.6,Safe
INV-008245,2024-06-14,PRD-0201,WH-20,1320,65,175,1210,0,207.4,Safe
INV-008246,2024-07-23,PRD-0292,WH-07,1891,28,87,1832,0,631.7,Safe
INV-008247,2024-01-20,PRD-0304,WH-13,1845,282,235,1892,0,241.5,Safe
INV-008248,2023-07-30,PRD-0416,WH-02,1202,140,298,1044,0,105.1,Safe
INV-008249,2024-08-28,PRD-0186,WH-16,1100,175,206,1069,0,155.7,Safe
INV-008250,2024-02-14,PRD-0391,WH-01,239,194,414,19,0,1.4,Critical
INV-008251,2023-02-13,PRD-0104,WH-02,1616,223,443,1396,0,94.5,Safe
INV-008252,2023-11-14,PRD-0072,WH-02,895,34,125,804,0,193.0,Safe
INV-008253,2024-04-17,PRD-0427,WH-19,673,264,457,480,0,31.5,Safe
INV-008254,2023-11-26,PRD-0461,WH-04,1166,223,474,915,0,57.9,Safe
INV-008255,2024-07-21,PRD-0274,WH-02,227,84,301,10,0,1.0,Critical
INV-008256,2023-06-18,PRD-0148,WH-15,186,258,444,0,1,0.0,Critical
INV-008257,2024-09-04,PRD-0061,WH-01,1795,153,519,1429,0,82.6,Safe
INV-008258,2023-01-26,PRD-0472,WH-08,301,61,206,156,0,22.7,Safe
INV-008259,2023-08-16,PRD-0243,WH-13,698,302,114,886,0,233.2,Safe
INV-008260,2023-08-08,PRD-0171,WH-03,376,55,277,154,0,16.7,Safe
INV-008261,2024-07-29,PRD-0494,WH-12,505,233,283,455,0,48.2,Safe
INV-008262,2024-07-11,PRD-0303,WH-15,453,25,46,432,0,281.7,Safe
INV-008263,2024-09-09,PRD-0296,WH-10,98,181,64,215,0,100.8,Safe
INV-008264,2023-07-31,PRD-0198,WH-13,1872,371,406,1837,0,135.7,Safe
INV-008265,2023-03-29,PRD-0042,WH-19,1186,484,304,1366,0,134.8,Safe
INV-008266,2024-04-08,PRD-0133,WH-15,1177,104,314,967,0,92.4,Safe
INV-008267,2023-01-25,PRD-0319,WH-11,586,295,551,330,0,18.0,Safe
INV-008268,2024-07-30,PRD-0078,WH-16,1548,23,510,1061,0,62.4,Safe
INV-008269,2023-12-02,PRD-0218,WH-10,1546,415,366,1595,0,130.7,Safe
INV-008270,2023-01-28,PRD-0023,WH-17,179,390,360,209,0,17.4,Safe
INV-008271,2023-11-14,PRD-0269,WH-08,1150,452,461,1141,0,74.3,Safe
INV-008272,2024-04-29,PRD-0479,WH-18,113,74,89,98,0,33.0,Safe
INV-008273,2023-01-01,PRD-0163,WH-19,743,15,115,643,0,167.7,Safe
INV-008274,2023-11-05,PRD-0450,WH-10,1516,105,201,1420,0,211.9,Safe
INV-008275,2024-05-19,PRD-0369,WH-04,1051,122,376,797,0,63.6,Safe
INV-008276,2024-01-28,PRD-0132,WH-14,1420,215,560,1075,0,57.6,Safe
INV-008277,2024-01-17,PRD-0304,WH-05,323,422,19,726,0,999.0,Safe
INV-008278,2024-09-15,PRD-0491,WH-20,1922,10,451,1481,0,98.5,Safe
INV-008279,2023-12-27,PRD-0370,WH-06,545,407,490,462,0,28.3,Safe
INV-008280,2024-07-28,PRD-0441,WH-11,1783,296,535,1544,0,86.6,Safe
INV-008281,2024-02-26,PRD-0451,WH-11,1052,30,529,553,0,31.4,Safe
INV-008282,2024-03-01,PRD-0049,WH-04,201,152,156,197,0,37.9,Safe
INV-008283,2023-06-18,PRD-0058,WH-12,835,366,514,687,0,40.1,Safe
INV-008284,2023-05-28,PRD-0200,WH-02,1631,330,463,1498,0,97.1,Safe
INV-008285,2023-02-20,PRD-0191,WH-08,1465,262,443,1284,0,87.0,Safe
INV-008286,2024-08-14,PRD-0355,WH-13,1177,77,301,953,0,95.0,Safe
INV-008287,2024-01-11,PRD-0433,WH-17,352,336,262,426,0,48.8,Safe
INV-008288,2023-07-16,PRD-0091,WH-06,1949,239,498,1690,0,101.8,Safe
INV-008289,2024-07-23,PRD-0030,WH-04,619,360,218,761,0,104.7,Safe
INV-008290,2024-04-03,PRD-0215,WH-06,429,181,144,466,0,97.1,Safe
INV-008291,2024-07-23,PRD-0058,WH-20,764,3,78,689,0,265.0,Safe
INV-008292,2023-12-14,PRD-0139,WH-05,1786,186,466,1506,0,97.0,Safe
INV-008293,2024-03-26,PRD-0296,WH-15,1352,329,147,1534,0,313.1,Safe
INV-008294,2023-12-10,PRD-0118,WH-17,1207,446,201,1452,0,216.7,Safe
INV-008295,2023-11-11,PRD-0193,WH-09,72,180,39,213,0,163.8,Safe
INV-008296,2024-07-14,PRD-0044,WH-08,6,106,71,41,0,17.3,Safe
INV-008297,2024-03-08,PRD-0110,WH-10,586,465,61,990,0,486.9,Safe
INV-008298,2023-06-17,PRD-0357,WH-03,125,400,9,516,0,999.0,Safe
INV-008299,2024-06-20,PRD-0097,WH-03,609,270,420,459,0,32.8,Safe
INV-008300,2023-06-18,PRD-0059,WH-13,403,125,414,114,0,8.3,Warning
INV-008301,2023-04-25,PRD-0175,WH-13,272,315,471,116,0,7.4,Warning
INV-008302,2024-05-22,PRD-0121,WH-04,1854,44,119,1779,0,448.5,Safe
INV-008303,2024-05-13,PRD-0170,WH-13,1011,418,13,1416,0,999.0,Safe
INV-008304,2024-06-06,PRD-0396,WH-05,1853,177,78,1952,0,750.8,Safe
INV-008305,2023-11-28,PRD-0190,WH-16,1002,398,349,1051,0,90.3,Safe
INV-008306,2024-02-17,PRD-0224,WH-05,360,409,424,345,0,24.4,Safe
INV-008307,2023-12-09,PRD-0329,WH-08,140,317,4,453,0,999.0,Safe
INV-008308,2024-03-07,PRD-0087,WH-11,774,24,170,628,0,110.8,Safe
INV-008309,2024-08-16,PRD-0155,WH-16,1283,341,466,1158,0,74.5,Safe
INV-008310,2023-06-24,PRD-0125,WH-19,296,110,79,327,0,124.2,Safe
INV-008311,2023-03-27,PRD-0356,WH-17,1111,124,39,1196,0,920.0,Safe
INV-008312,2024-07-16,PRD-0452,WH-06,1207,183,121,1269,0,314.6,Safe
INV-008313,2023-06-04,PRD-0280,WH-11,246,314,67,493,0,220.7,Safe
INV-008314,2023-06-28,PRD-0365,WH-15,765,244,35,974,0,834.9,Safe
INV-008315,2023-08-10,PRD-0096,WH-18,582,455,444,593,0,40.1,Safe
INV-008316,2023-05-29,PRD-0472,WH-04,897,44,519,422,0,24.4,Safe
INV-008317,2024-01-04,PRD-0481,WH-12,398,84,34,448,0,395.3,Safe
INV-008318,2023-04-13,PRD-0006,WH-05,1592,448,83,1957,0,707.3,Safe
INV-008319,2023-07-26,PRD-0149,WH-12,917,256,541,632,0,35.0,Safe
INV-008320,2023-07-04,PRD-0226,WH-11,1382,255,551,1086,0,59.1,Safe
INV-008321,2023-04-07,PRD-0042,WH-04,1323,466,352,1437,0,122.5,Safe
INV-008322,2024-07-01,PRD-0406,WH-02,710,270,255,725,0,85.3,Safe
INV-008323,2023-05-27,PRD-0480,WH-02,532,329,598,263,0,13.2,Warning
INV-008324,2023-05-28,PRD-0094,WH-15,914,88,191,811,0,127.4,Safe
INV-008325,2024-07-12,PRD-0055,WH-11,1898,380,529,1749,0,99.2,Safe
INV-008326,2023-05-17,PRD-0183,WH-06,1926,337,316,1947,0,184.8,Safe
INV-008327,2023-11-25,PRD-0430,WH-09,173,258,251,180,0,21.5,Safe
INV-008328,2023-06-13,PRD-0424,WH-12,1289,156,380,1065,0,84.1,Safe
INV-008329,2023-07-24,PRD-0295,WH-19,2,203,149,56,0,11.3,Warning
INV-008330,2023-11-21,PRD-0469,WH-01,1646,98,61,1683,0,827.7,Safe
INV-008331,2023-06-12,PRD-0345,WH-14,1954,32,4,1982,0,999.0,Safe
INV-008332,2024-08-08,PRD-0204,WH-19,1302,14,39,1277,0,982.3,Safe
INV-008333,2024-04-01,PRD-0306,WH-12,1402,446,138,1710,0,371.7,Safe
INV-008334,2023-06-12,PRD-0456,WH-05,1618,499,376,1741,0,138.9,Safe
INV-008335,2023-11-11,PRD-0454,WH-01,1083,480,285,1278,0,134.5,Safe
INV-008336,2023-08-10,PRD-0207,WH-02,1293,311,242,1362,0,168.8,Safe
INV-008337,2024-09-13,PRD-0112,WH-11,1728,414,413,1729,0,125.6,Safe
INV-008338,2024-08-31,PRD-0358,WH-04,56,92,56,92,0,49.3,Safe
INV-008339,2023-01-10,PRD-0143,WH-10,1974,349,542,1781,0,98.6,Safe
INV-008340,2023-11-20,PRD-0157,WH-14,1249,474,77,1646,0,641.3,Safe
INV-008341,2023-08-05,PRD-0368,WH-02,11,362,145,228,0,47.2,Safe
INV-008342,2024-02-19,PRD-0003,WH-09,1034,97,136,995,0,219.5,Safe
INV-008343,2024-02-05,PRD-0030,WH-02,493,226,38,681,0,537.6,Safe
INV-008344,2024-05-19,PRD-0458,WH-04,1084,175,270,989,0,109.9,Safe
INV-008345,2023-08-09,PRD-0142,WH-14,1726,58,239,1545,0,193.9,Safe
INV-008346,2024-06-08,PRD-0369,WH-20,974,174,505,643,0,38.2,Safe
INV-008347,2023-02-09,PRD-0439,WH-08,1343,431,240,1534,0,191.8,Safe
INV-008348,2023-11-15,PRD-0332,WH-07,1418,450,497,1371,0,82.8,Safe
INV-008349,2023-04-12,PRD-0323,WH-17,300,288,417,171,0,12.3,Warning
INV-008350,2023-03-17,PRD-0293,WH-18,559,286,54,791,0,439.4,Safe
INV-008351,2024-06-24,PRD-0474,WH-09,992,96,576,512,0,26.7,Safe
INV-008352,2024-05-06,PRD-0281,WH-15,703,316,18,1001,0,999.0,Safe
INV-008353,2023-07-26,PRD-0234,WH-12,1950,446,426,1970,0,138.7,Safe
INV-008354,2024-01-04,PRD-0391,WH-07,125,200,321,4,0,0.4,Critical
INV-008355,2023-11-13,PRD-0382,WH-13,422,492,390,524,0,40.3,Safe
INV-008356,2023-09-04,PRD-0374,WH-14,1579,62,515,1126,0,65.6,Safe
INV-008357,2023-01-16,PRD-0216,WH-11,388,358,492,254,0,15.5,Safe
INV-008358,2024-09-07,PRD-0361,WH-10,1530,408,483,1455,0,90.4,Safe
INV-008359,2024-07-18,PRD-0106,WH-18,527,383,163,747,0,137.5,Safe
INV-008360,2024-08-03,PRD-0289,WH-11,1356,273,27,1602,0,999.0,Safe
INV-008361,2023-01-30,PRD-0385,WH-01,989,267,421,835,0,59.5,Safe
INV-008362,2024-10-01,PRD-0354,WH-16,1569,81,388,1262,0,97.6,Safe
INV-008363,2024-06-16,PRD-0371,WH-05,1073,181,545,709,0,39.0,Safe
INV-008364,2023-12-22,PRD-0243,WH-03,54,259,247,66,0,8.0,Warning
INV-008365,2024-06-12,PRD-0207,WH-05,1886,238,126,1998,0,475.7,Safe
INV-008366,2024-08-07,PRD-0438,WH-20,1777,188,331,1634,0,148.1,Safe
INV-008367,2024-03-05,PRD-0029,WH-01,1537,58,474,1121,0,70.9,Safe
INV-008368,2024-09-02,PRD-0200,WH-13,620,8,135,493,0,109.6,Safe
INV-008369,2024-02-15,PRD-0458,WH-20,1653,60,520,1193,0,68.8,Safe
INV-008370,2023-04-15,PRD-0097,WH-03,832,348,46,1134,0,739.6,Safe
INV-008371,2023-06-13,PRD-0203,WH-16,974,479,432,1021,0,70.9,Safe
INV-008372,2023-03-09,PRD-0467,WH-02,928,313,235,1006,0,128.4,Safe
INV-008373,2024-07-25,PRD-0262,WH-14,607,290,201,696,0,103.9,Safe
INV-008374,2023-09-09,PRD-0362,WH-06,1623,0,21,1602,0,999.0,Safe
INV-008375,2024-08-11,PRD-0495,WH-02,1038,351,174,1215,0,209.5,Safe
INV-008376,2023-03-17,PRD-0328,WH-19,1362,499,375,1486,0,118.9,Safe
INV-008377,2023-01-11,PRD-0325,WH-16,1203,158,431,930,0,64.7,Safe
INV-008378,2024-06-02,PRD-0498,WH-10,1235,418,200,1453,0,217.9,Safe
INV-008379,2023-02-21,PRD-0207,WH-15,1173,325,582,916,0,47.2,Safe
INV-008380,2024-04-06,PRD-0152,WH-07,1681,7,445,1243,0,83.8,Safe
INV-008381,2023-04-28,PRD-0409,WH-14,1591,157,546,1202,0,66.0,Safe
INV-008382,2023-06-01,PRD-0345,WH-04,135,299,109,325,0,89.4,Safe
INV-008383,2023-08-07,PRD-0070,WH-11,1215,303,442,1076,0,73.0,Safe
INV-008384,2023-03-21,PRD-0137,WH-11,371,140,92,419,0,136.6,Safe
INV-008385,2023-05-05,PRD-0126,WH-12,856,428,14,1270,0,999.0,Safe
INV-008386,2023-04-20,PRD-0360,WH-13,607,257,110,754,0,205.6,Safe
INV-008387,2024-01-11,PRD-0286,WH-18,1952,408,282,2078,0,221.1,Safe
INV-008388,2023-02-04,PRD-0144,WH-12,24,391,374,41,0,3.3,Critical
INV-008389,2024-04-16,PRD-0024,WH-11,559,152,598,113,0,5.7,Critical
INV-008390,2024-04-01,PRD-0271,WH-08,1206,339,379,1166,0,92.3,Safe
INV-008391,2023-02-20,PRD-0329,WH-03,1843,473,316,2000,0,189.9,Safe
INV-008392,2024-03-14,PRD-0365,WH-15,1133,174,519,788,0,45.5,Safe
INV-008393,2023-01-15,PRD-0016,WH-18,1778,251,23,2006,0,999.0,Safe
INV-008394,2023-01-26,PRD-0370,WH-01,819,126,562,383,0,20.4,Safe
INV-008395,2024-06-21,PRD-0159,WH-13,1602,288,379,1511,0,119.6,Safe
INV-008396,2023-10-28,PRD-0241,WH-19,1324,337,412,1249,0,90.9,Safe
INV-008397,2023-03-28,PRD-0492,WH-20,1195,249,379,1065,0,84.3,Safe
INV-008398,2024-03-02,PRD-0047,WH-09,1072,263,79,1256,0,477.0,Safe
INV-008399,2024-02-03,PRD-0107,WH-17,1203,213,518,898,0,52.0,Safe
INV-008400,2024-01-04,PRD-0115,WH-06,250,452,337,365,0,32.5,Safe
INV-008401,2023-03-04,PRD-0129,WH-15,429,74,221,282,0,38.3,Safe
INV-008402,2023-11-23,PRD-0109,WH-16,559,216,296,479,0,48.5,Safe
INV-008403,2024-09-13,PRD-0187,WH-01,1855,156,539,1472,0,81.9,Safe
INV-008404,2023-04-11,PRD-0238,WH-07,592,248,444,396,0,26.8,Safe
INV-008405,2024-02-26,PRD-0462,WH-18,1053,356,248,1161,0,140.4,Safe
INV-008406,2023-12-10,PRD-0119,WH-05,232,320,358,194,0,16.3,Safe
INV-008407,2023-01-20,PRD-0405,WH-09,1229,171,64,1336,0,626.2,Safe
INV-008408,2023-10-20,PRD-0321,WH-02,683,177,82,778,0,284.6,Safe
INV-008409,2023-07-27,PRD-0385,WH-03,1753,496,116,2133,0,551.6,Safe
INV-008410,2024-05-02,PRD-0237,WH-18,869,175,288,756,0,78.8,Safe
INV-008411,2023-11-12,PRD-0260,WH-14,1058,169,213,1014,0,142.8,Safe
INV-008412,2024-06-30,PRD-0220,WH-01,712,238,595,355,0,17.9,Safe
INV-008413,2023-05-29,PRD-0212,WH-02,516,157,181,492,0,81.5,Safe
INV-008414,2023-06-24,PRD-0448,WH-13,1234,248,309,1173,0,113.9,Safe
INV-008415,2024-09-13,PRD-0279,WH-19,194,299,333,160,0,14.4,Safe
INV-008416,2023-06-09,PRD-0112,WH-12,900,133,262,771,0,88.3,Safe
INV-008417,2024-08-31,PRD-0297,WH-02,1823,215,135,1903,0,422.9,Safe
INV-008418,2023-09-26,PRD-0329,WH-17,96,260,164,192,0,35.1,Safe
INV-008419,2024-07-25,PRD-0408,WH-07,1224,53,483,794,0,49.3,Safe
INV-008420,2023-08-31,PRD-0050,WH-07,547,96,214,429,0,60.1,Safe
INV-008421,2024-08-20,PRD-0251,WH-11,1570,17,319,1268,0,119.2,Safe
INV-008422,2024-01-23,PRD-0027,WH-01,1361,36,338,1059,0,94.0,Safe
INV-008423,2023-02-12,PRD-0193,WH-10,1891,332,521,1702,0,98.0,Safe
INV-008424,2023-11-15,PRD-0438,WH-14,1340,9,69,1280,0,556.5,Safe
INV-008425,2023-04-30,PRD-0476,WH-14,1287,29,263,1053,0,120.1,Safe
INV-008426,2024-04-06,PRD-0323,WH-02,56,238,44,250,0,170.5,Safe
INV-008427,2024-02-27,PRD-0313,WH-20,1598,205,4,1799,0,999.0,Safe
INV-008428,2023-07-02,PRD-0149,WH-08,1570,403,366,1607,0,131.7,Safe
INV-008429,2024-06-02,PRD-0329,WH-04,1233,88,199,1122,0,169.1,Safe
INV-008430,2023-08-21,PRD-0227,WH-07,1812,194,55,1951,0,999.0,Safe
INV-008431,2023-12-06,PRD-0227,WH-08,1218,261,403,1076,0,80.1,Safe
INV-008432,2023-10-19,PRD-0425,WH-19,1455,232,81,1606,0,594.8,Safe
INV-008433,2023-04-15,PRD-0383,WH-03,1311,351,486,1176,0,72.6,Safe
INV-008434,2023-05-31,PRD-0283,WH-09,1169,216,292,1093,0,112.3,Safe
INV-008435,2023-06-13,PRD-0429,WH-20,1007,264,438,833,0,57.1,Safe
INV-008436,2024-01-19,PRD-0009,WH-10,1049,100,153,996,0,195.3,Safe
INV-008437,2023-09-25,PRD-0351,WH-19,865,106,336,635,0,56.7,Safe
INV-008438,2023-06-11,PRD-0035,WH-14,144,377,76,445,0,175.7,Safe
INV-008439,2023-10-10,PRD-0249,WH-14,750,185,272,663,0,73.1,Safe
INV-008440,2023-11-25,PRD-0272,WH-15,1884,58,16,1926,0,999.0,Safe
INV-008441,2023-09-05,PRD-0235,WH-10,686,290,408,568,0,41.8,Safe
INV-008442,2024-01-28,PRD-0152,WH-01,1424,52,247,1229,0,149.3,Safe
INV-008443,2023-04-21,PRD-0270,WH-04,201,0,6,195,0,975.0,Safe
INV-008444,2024-03-05,PRD-0172,WH-05,830,253,33,1050,0,954.5,Safe
INV-008445,2024-06-14,PRD-0356,WH-20,1184,417,571,1030,0,54.1,Safe
INV-008446,2023-04-21,PRD-0443,WH-09,189,414,243,360,0,44.4,Safe
INV-008447,2023-03-21,PRD-0062,WH-14,1251,184,83,1352,0,488.7,Safe
INV-008448,2023-04-02,PRD-0414,WH-18,1214,63,39,1238,0,952.3,Safe
INV-008449,2024-08-27,PRD-0428,WH-08,1511,214,323,1402,0,130.2,Safe
INV-008450,2024-02-12,PRD-0070,WH-05,1621,496,313,1804,0,172.9,Safe
INV-008451,2023-05-08,PRD-0253,WH-13,514,139,552,101,0,5.5,Critical
INV-008452,2023-08-17,PRD-0246,WH-01,1067,60,421,706,0,50.3,Safe
INV-008453,2023-08-03,PRD-0232,WH-17,1058,195,438,815,0,55.8,Safe
INV-008454,2024-01-19,PRD-0120,WH-09,1848,358,26,2180,0,999.0,Safe
INV-008455,2024-07-21,PRD-0130,WH-18,133,449,157,425,0,81.2,Safe
INV-008456,2024-07-11,PRD-0040,WH-09,1106,408,574,940,0,49.1,Safe
INV-008457,2023-04-16,PRD-0294,WH-03,276,348,436,188,0,12.9,Warning
INV-008458,2024-06-25,PRD-0111,WH-20,1622,68,385,1305,0,101.7,Safe
INV-008459,2024-06-05,PRD-0201,WH-07,60,9,31,38,0,36.8,Safe
INV-008460,2024-03-11,PRD-0379,WH-07,594,160,317,437,0,41.4,Safe
INV-008461,2023-09-14,PRD-0071,WH-06,1437,445,502,1380,0,82.5,Safe
INV-008462,2024-04-12,PRD-0293,WH-10,1331,386,493,1224,0,74.5,Safe
INV-008463,2024-07-19,PRD-0183,WH-01,354,27,209,172,0,24.7,Safe
INV-008464,2023-03-09,PRD-0163,WH-09,1170,389,444,1115,0,75.3,Safe
INV-008465,2023-09-17,PRD-0086,WH-14,1225,353,173,1405,0,243.6,Safe
INV-008466,2023-02-07,PRD-0089,WH-17,1774,396,149,2021,0,406.9,Safe
INV-008467,2023-07-24,PRD-0184,WH-14,471,379,125,725,0,174.0,Safe
INV-008468,2024-03-29,PRD-0164,WH-04,932,114,170,876,0,154.6,Safe
INV-008469,2023-06-10,PRD-0168,WH-02,522,209,272,459,0,50.6,Safe
INV-008470,2024-03-01,PRD-0379,WH-17,1930,303,309,1924,0,186.8,Safe
INV-008471,2023-07-11,PRD-0207,WH-13,214,113,314,13,0,1.2,Critical
INV-008472,2023-04-18,PRD-0394,WH-16,428,78,299,207,0,20.8,Safe
INV-008473,2023-07-19,PRD-0042,WH-09,1596,101,190,1507,0,237.9,Safe
INV-008474,2023-08-25,PRD-0058,WH-06,1777,360,534,1603,0,90.1,Safe
INV-008475,2023-12-06,PRD-0022,WH-04,1339,406,292,1453,0,149.3,Safe
INV-008476,2024-05-07,PRD-0399,WH-01,1368,293,56,1605,0,859.8,Safe
INV-008477,2023-03-17,PRD-0380,WH-10,197,451,86,562,0,196.0,Safe
INV-008478,2023-12-14,PRD-0181,WH-14,1982,290,597,1675,0,84.2,Safe
INV-008479,2024-01-10,PRD-0490,WH-07,1016,452,20,1448,0,999.0,Safe
INV-008480,2023-03-24,PRD-0493,WH-02,1970,324,64,2230,0,999.0,Safe
INV-008481,2023-02-15,PRD-0135,WH-16,252,153,65,340,0,156.9,Safe
INV-008482,2023-05-09,PRD-0419,WH-02,1452,459,280,1631,0,174.8,Safe
INV-008483,2024-03-04,PRD-0275,WH-11,556,415,29,942,0,974.5,Safe
INV-008484,2023-01-02,PRD-0457,WH-14,869,177,562,484,0,25.8,Safe
INV-008485,2023-09-24,PRD-0425,WH-15,389,335,288,436,0,45.4,Safe
INV-008486,2023-05-09,PRD-0328,WH-13,1958,491,313,2136,0,204.7,Safe
INV-008487,2023-05-26,PRD-0142,WH-06,1136,194,446,884,0,59.5,Safe
INV-008488,2024-01-07,PRD-0050,WH-14,1815,33,464,1384,0,89.5,Safe
INV-008489,2023-03-17,PRD-0401,WH-08,1749,231,15,1965,0,999.0,Safe
INV-008490,2024-09-22,PRD-0472,WH-12,794,280,317,757,0,71.6,Safe
INV-008491,2024-02-14,PRD-0050,WH-12,753,264,75,942,0,376.8,Safe
INV-008492,2024-01-21,PRD-0283,WH-14,1880,117,452,1545,0,102.5,Safe
INV-008493,2024-03-14,PRD-0014,WH-10,1364,79,565,878,0,46.6,Safe
INV-008494,2023-12-08,PRD-0284,WH-20,831,93,172,752,0,131.2,Safe
INV-008495,2023-12-14,PRD-0285,WH-04,170,167,39,298,0,229.2,Safe
INV-008496,2023-11-27,PRD-0168,WH-02,458,209,138,529,0,115.0,Safe
INV-008497,2024-01-04,PRD-0401,WH-11,1292,379,128,1543,0,361.6,Safe
INV-008498,2023-07-10,PRD-0007,WH-18,830,282,278,834,0,90.0,Safe
INV-008499,2024-04-01,PRD-0371,WH-10,513,61,80,494,0,185.2,Safe
INV-008500,2023-06-13,PRD-0253,WH-15,1276,169,544,901,0,49.7,Safe
INV-008501,2023-02-04,PRD-0385,WH-09,271,345,337,279,0,24.8,Safe
INV-008502,2024-02-24,PRD-0001,WH-01,672,444,175,941,0,161.3,Safe
INV-008503,2024-04-28,PRD-0034,WH-19,214,472,490,196,0,12.0,Warning
INV-008504,2024-07-19,PRD-0291,WH-15,1847,99,467,1479,0,95.0,Safe
INV-008505,2023-04-10,PRD-0118,WH-03,1311,45,49,1307,0,800.2,Safe
INV-008506,2023-05-28,PRD-0003,WH-03,633,318,90,861,0,287.0,Safe
INV-008507,2023-01-17,PRD-0487,WH-04,1868,388,195,2061,0,317.1,Safe
INV-008508,2023-05-09,PRD-0212,WH-18,1738,262,11,1989,0,999.0,Safe
INV-008509,2024-09-13,PRD-0094,WH-06,450,217,273,394,0,43.3,Safe
INV-008510,2023-03-31,PRD-0110,WH-11,1573,440,351,1662,0,142.1,Safe
INV-008511,2024-05-05,PRD-0427,WH-13,173,53,96,130,0,40.6,Safe
INV-008512,2023-10-16,PRD-0233,WH-18,1449,79,251,1277,0,152.6,Safe
INV-008513,2023-12-18,PRD-0214,WH-14,1607,2,475,1134,0,71.6,Safe
INV-008514,2023-04-10,PRD-0153,WH-01,1921,154,444,1631,0,110.2,Safe
INV-008515,2023-10-08,PRD-0238,WH-19,523,361,497,387,0,23.4,Safe
INV-008516,2023-04-21,PRD-0165,WH-12,1293,140,190,1243,0,196.3,Safe
INV-008517,2023-08-17,PRD-0118,WH-13,108,481,158,431,0,81.8,Safe
INV-008518,2024-04-18,PRD-0385,WH-11,319,114,46,387,0,252.4,Safe
INV-008519,2023-02-28,PRD-0414,WH-04,447,133,403,177,0,13.2,Warning
INV-008520,2023-10-13,PRD-0022,WH-14,1470,37,112,1395,0,373.7,Safe
INV-008521,2023-03-12,PRD-0100,WH-19,291,333,516,108,0,6.3,Critical
INV-008522,2024-05-15,PRD-0158,WH-10,1655,231,416,1470,0,106.0,Safe
INV-008523,2024-08-01,PRD-0041,WH-13,1669,411,268,1812,0,202.8,Safe
INV-008524,2024-09-18,PRD-0223,WH-07,1744,155,302,1597,0,158.6,Safe
INV-008525,2024-01-09,PRD-0142,WH-07,381,22,234,169,0,21.7,Safe
INV-008526,2024-06-17,PRD-0398,WH-11,185,412,277,320,0,34.7,Safe
INV-008527,2024-03-17,PRD-0318,WH-11,1954,347,416,1885,0,135.9,Safe
INV-008528,2023-10-25,PRD-0401,WH-06,154,454,576,32,0,1.7,Critical
INV-008529,2023-02-06,PRD-0262,WH-11,912,354,472,794,0,50.5,Safe
INV-008530,2023-04-05,PRD-0334,WH-07,690,145,494,341,0,20.7,Safe
INV-008531,2024-02-07,PRD-0446,WH-02,1825,158,420,1563,0,111.6,Safe
INV-008532,2024-08-16,PRD-0398,WH-08,596,324,298,622,0,62.6,Safe
INV-008533,2024-02-06,PRD-0221,WH-02,151,254,173,232,0,40.2,Safe
INV-008534,2024-05-18,PRD-0447,WH-15,275,284,330,229,0,20.8,Safe
INV-008535,2024-02-26,PRD-0134,WH-15,694,84,5,773,0,999.0,Safe
INV-008536,2023-09-30,PRD-0288,WH-03,1214,245,412,1047,0,76.2,Safe
INV-008537,2023-05-15,PRD-0100,WH-09,234,499,228,505,0,66.4,Safe
INV-008538,2023-03-05,PRD-0176,WH-11,1966,94,47,2013,0,999.0,Safe
INV-008539,2023-02-13,PRD-0457,WH-05,1933,452,360,2025,0,168.8,Safe
INV-008540,2023-03-17,PRD-0139,WH-01,1207,147,313,1041,0,99.8,Safe
INV-008541,2024-05-11,PRD-0338,WH-06,1640,488,320,1808,0,169.5,Safe
INV-008542,2024-09-10,PRD-0195,WH-17,1157,388,559,986,0,52.9,Safe
INV-008543,2024-08-18,PRD-0090,WH-09,1796,344,189,1951,0,309.7,Safe
INV-008544,2024-03-14,PRD-0153,WH-18,881,23,461,443,0,28.8,Safe
INV-008545,2024-01-11,PRD-0335,WH-07,1259,105,422,942,0,67.0,Safe
INV-008546,2023-10-04,PRD-0410,WH-20,1198,225,600,823,0,41.1,Safe
INV-008547,2024-07-11,PRD-0197,WH-06,90,20,88,22,0,7.5,Warning
INV-008548,2024-06-06,PRD-0063,WH-15,568,300,416,452,0,32.6,Safe
INV-008549,2024-01-27,PRD-0165,WH-07,894,141,410,625,0,45.7,Safe
INV-008550,2023-03-19,PRD-0132,WH-09,270,334,211,393,0,55.9,Safe
INV-008551,2023-11-08,PRD-0468,WH-03,625,78,124,579,0,140.1,Safe
INV-008552,2024-07-27,PRD-0276,WH-19,994,496,351,1139,0,97.4,Safe
INV-008553,2024-02-21,PRD-0019,WH-10,1962,406,500,1868,0,112.1,Safe
INV-008554,2024-09-12,PRD-0019,WH-01,722,295,466,551,0,35.5,Safe
INV-008555,2024-02-01,PRD-0453,WH-12,1818,244,237,1825,0,231.0,Safe
INV-008556,2024-01-12,PRD-0205,WH-06,1814,86,11,1889,0,999.0,Safe
INV-008557,2023-07-05,PRD-0328,WH-06,1182,373,490,1065,0,65.2,Safe
INV-008558,2024-08-31,PRD-0040,WH-08,1927,154,95,1986,0,627.2,Safe
INV-008559,2024-07-24,PRD-0173,WH-08,439,195,508,126,0,7.4,Warning
INV-008560,2023-08-03,PRD-0305,WH-16,239,445,515,169,0,9.8,Warning
INV-008561,2023-08-01,PRD-0155,WH-06,379,183,526,36,0,2.1,Critical
INV-008562,2023-05-28,PRD-0384,WH-05,1575,442,59,1958,0,995.6,Safe
INV-008563,2024-08-14,PRD-0326,WH-15,900,445,276,1069,0,116.2,Safe
INV-008564,2023-05-29,PRD-0422,WH-10,1994,154,116,2032,0,525.5,Safe
INV-008565,2024-06-22,PRD-0235,WH-08,1948,81,375,1654,0,132.3,Safe
INV-008566,2024-02-22,PRD-0035,WH-03,1847,454,6,2295,0,999.0,Safe
INV-008567,2024-05-21,PRD-0227,WH-09,104,327,415,16,0,1.2,Critical
INV-008568,2024-06-27,PRD-0407,WH-12,412,133,203,342,0,50.5,Safe
INV-008569,2023-03-23,PRD-0424,WH-15,519,182,488,213,0,13.1,Warning
INV-008570,2023-04-25,PRD-0332,WH-05,817,170,165,822,0,149.5,Safe
INV-008571,2023-05-17,PRD-0228,WH-11,1426,392,79,1739,0,660.4,Safe
INV-008572,2023-10-02,PRD-0269,WH-19,1159,129,34,1254,0,999.0,Safe
INV-008573,2023-05-11,PRD-0058,WH-04,1245,162,596,811,0,40.8,Safe
INV-008574,2024-02-22,PRD-0230,WH-06,1520,121,253,1388,0,164.6,Safe
INV-008575,2023-03-19,PRD-0263,WH-12,199,380,35,544,0,466.3,Safe
INV-008576,2024-03-23,PRD-0088,WH-10,951,494,391,1054,0,80.9,Safe
INV-008577,2024-01-14,PRD-0434,WH-08,1549,267,154,1662,0,323.8,Safe
INV-008578,2023-08-23,PRD-0429,WH-09,1475,495,462,1508,0,97.9,Safe
INV-008579,2023-11-12,PRD-0357,WH-14,1393,328,302,1419,0,141.0,Safe
INV-008580,2024-07-22,PRD-0010,WH-01,916,108,15,1009,0,999.0,Safe
INV-008581,2024-08-06,PRD-0342,WH-10,846,114,159,801,0,151.1,Safe
INV-008582,2023-11-24,PRD-0339,WH-16,383,131,310,204,0,19.7,Safe
INV-008583,2023-05-08,PRD-0312,WH-08,1912,122,410,1624,0,118.8,Safe
INV-008584,2023-11-04,PRD-0118,WH-06,422,357,104,675,0,194.7,Safe
INV-008585,2024-07-18,PRD-0394,WH-15,477,203,284,396,0,41.8,Safe
INV-008586,2023-04-28,PRD-0196,WH-11,1159,425,316,1268,0,120.4,Safe
INV-008587,2023-01-03,PRD-0234,WH-19,1858,366,405,1819,0,134.7,Safe
INV-008588,2024-01-31,PRD-0317,WH-08,1425,338,417,1346,0,96.8,Safe
INV-008589,2024-04-19,PRD-0146,WH-05,459,12,227,244,0,32.2,Safe
INV-008590,2023-11-22,PRD-0276,WH-02,349,85,425,9,0,0.6,Critical
INV-008591,2023-08-31,PRD-0162,WH-14,237,276,99,414,0,125.5,Safe
INV-008592,2023-09-14,PRD-0217,WH-13,1490,484,477,1497,0,94.2,Safe
INV-008593,2024-02-28,PRD-0373,WH-16,1053,113,563,603,0,32.1,Safe
INV-008594,2023-03-08,PRD-0233,WH-18,835,275,563,547,0,29.1,Safe
INV-008595,2023-01-27,PRD-0477,WH-17,1389,471,207,1653,0,239.6,Safe
INV-008596,2023-01-08,PRD-0408,WH-08,25,21,42,4,0,2.9,Critical
INV-008597,2024-08-07,PRD-0203,WH-07,1651,199,37,1813,0,999.0,Safe
INV-008598,2024-06-24,PRD-0175,WH-15,1169,400,518,1051,0,60.9,Safe
INV-008599,2023-08-17,PRD-0096,WH-09,904,421,475,850,0,53.7,Safe
INV-008600,2024-04-26,PRD-0455,WH-10,823,163,18,968,0,999.0,Safe
INV-008601,2023-04-18,PRD-0214,WH-12,1628,460,503,1585,0,94.5,Safe
INV-008602,2024-04-08,PRD-0388,WH-19,65,110,78,97,0,37.3,Safe
INV-008603,2023-07-16,PRD-0367,WH-07,705,41,188,558,0,89.0,Safe
INV-008604,2024-08-12,PRD-0203,WH-01,1536,198,60,1674,0,837.0,Safe
INV-008605,2023-09-12,PRD-0227,WH-10,365,209,23,551,0,718.7,Safe
INV-008606,2024-07-14,PRD-0131,WH-08,1894,494,426,1962,0,138.2,Safe
INV-008607,2024-07-26,PRD-0437,WH-06,582,124,131,575,0,131.7,Safe
INV-008608,2023-09-19,PRD-0473,WH-16,707,304,347,664,0,57.4,Safe
INV-008609,2024-01-21,PRD-0274,WH-12,525,78,133,470,0,106.0,Safe
INV-008610,2023-04-22,PRD-0301,WH-15,1994,407,48,2353,0,999.0,Safe
INV-008611,2023-10-12,PRD-0293,WH-06,734,273,430,577,0,40.3,Safe
INV-008612,2024-07-03,PRD-0082,WH-07,223,23,104,142,0,41.0,Safe
INV-008613,2024-05-07,PRD-0040,WH-07,23,398,96,325,0,101.6,Safe
INV-008614,2024-09-07,PRD-0379,WH-11,1109,40,416,733,0,52.9,Safe
INV-008615,2024-08-14,PRD-0466,WH-09,1682,57,248,1491,0,180.4,Safe
INV-008616,2024-08-15,PRD-0404,WH-12,1422,474,217,1679,0,232.1,Safe
INV-008617,2024-01-24,PRD-0030,WH-10,406,63,179,290,0,48.6,Safe
INV-008618,2024-05-27,PRD-0102,WH-09,729,431,63,1097,0,522.4,Safe
INV-008619,2023-01-21,PRD-0256,WH-18,1829,348,405,1772,0,131.3,Safe
INV-008620,2024-03-04,PRD-0220,WH-09,1401,359,7,1753,0,999.0,Safe
INV-008621,2024-03-02,PRD-0068,WH-09,681,404,412,673,0,49.0,Safe
INV-008622,2023-11-01,PRD-0220,WH-17,325,96,53,368,0,208.3,Safe
INV-008623,2024-03-28,PRD-0060,WH-18,935,448,132,1251,0,284.3,Safe
INV-008624,2023-02-02,PRD-0147,WH-14,1099,9,478,630,0,39.5,Safe
INV-008625,2023-02-14,PRD-0493,WH-05,1297,389,200,1486,0,222.9,Safe
INV-008626,2023-04-23,PRD-0080,WH-09,1807,59,194,1672,0,258.6,Safe
INV-008627,2024-03-21,PRD-0459,WH-01,772,177,195,754,0,116.0,Safe
INV-008628,2023-09-22,PRD-0232,WH-04,1849,488,516,1821,0,105.9,Safe
INV-008629,2024-01-21,PRD-0368,WH-19,1689,75,183,1581,0,259.2,Safe
INV-008630,2024-03-02,PRD-0182,WH-01,1260,59,567,752,0,39.8,Safe
INV-008631,2024-06-27,PRD-0191,WH-20,982,334,275,1041,0,113.6,Safe
INV-008632,2023-01-15,PRD-0407,WH-18,778,468,596,650,0,32.7,Safe
INV-008633,2023-12-21,PRD-0167,WH-15,1100,339,217,1222,0,168.9,Safe
INV-008634,2024-07-17,PRD-0438,WH-06,900,303,110,1093,0,298.1,Safe
INV-008635,2024-09-25,PRD-0128,WH-14,1440,206,231,1415,0,183.8,Safe
INV-008636,2023-05-11,PRD-0209,WH-17,1545,115,130,1530,0,353.1,Safe
INV-008637,2023-11-20,PRD-0205,WH-15,948,59,503,504,0,30.1,Safe
INV-008638,2024-06-07,PRD-0173,WH-18,1807,189,74,1922,0,779.2,Safe
INV-008639,2024-02-26,PRD-0388,WH-18,888,62,130,820,0,189.2,Safe
INV-008640,2023-05-04,PRD-0381,WH-06,350,227,482,95,0,5.9,Critical
INV-008641,2024-07-15,PRD-0329,WH-02,480,442,23,899,0,999.0,Safe
INV-008642,2023-07-31,PRD-0117,WH-09,1196,370,378,1188,0,94.3,Safe
INV-008643,2024-02-27,PRD-0260,WH-11,109,338,39,408,0,313.8,Safe
INV-008644,2023-05-09,PRD-0387,WH-05,959,395,357,997,0,83.8,Safe
INV-008645,2023-04-10,PRD-0194,WH-14,1080,10,320,770,0,72.2,Safe
INV-008646,2024-08-04,PRD-0374,WH-10,1033,437,301,1169,0,116.5,Safe
INV-008647,2023-12-31,PRD-0023,WH-14,542,167,337,372,0,33.1,Safe
INV-008648,2023-07-15,PRD-0128,WH-18,1432,209,554,1087,0,58.9,Safe
INV-008649,2023-06-17,PRD-0247,WH-09,983,160,216,927,0,128.8,Safe
INV-008650,2023-09-23,PRD-0049,WH-20,1732,30,266,1496,0,168.7,Safe
INV-008651,2023-05-17,PRD-0053,WH-03,1406,300,223,1483,0,199.5,Safe
INV-008652,2023-05-23,PRD-0450,WH-07,1334,354,62,1626,0,786.8,Safe
INV-008653,2024-02-10,PRD-0249,WH-09,199,461,58,602,0,311.4,Safe
INV-008654,2024-07-28,PRD-0085,WH-18,14,193,159,48,0,9.1,Warning
INV-008655,2023-03-03,PRD-0239,WH-16,380,376,4,752,0,999.0,Safe
INV-008656,2023-01-19,PRD-0487,WH-06,497,307,415,389,0,28.1,Safe
INV-008657,2023-03-16,PRD-0295,WH-03,1368,302,231,1439,0,186.9,Safe
INV-008658,2024-06-27,PRD-0136,WH-02,1788,301,403,1686,0,125.5,Safe
INV-008659,2023-11-11,PRD-0243,WH-13,1568,250,455,1363,0,89.9,Safe
INV-008660,2024-04-28,PRD-0169,WH-07,207,437,492,152,0,9.3,Warning
INV-008661,2023-03-08,PRD-0256,WH-20,509,57,117,449,0,115.1,Safe
INV-008662,2023-08-24,PRD-0164,WH-06,544,406,447,503,0,33.8,Safe
INV-008663,2023-12-16,PRD-0066,WH-05,1408,400,513,1295,0,75.7,Safe
INV-008664,2024-06-11,PRD-0351,WH-18,866,278,214,930,0,130.4,Safe
INV-008665,2023-08-21,PRD-0120,WH-08,256,195,90,361,0,120.3,Safe
INV-008666,2024-04-10,PRD-0409,WH-08,1852,346,374,1824,0,146.3,Safe
INV-008667,2024-08-30,PRD-0449,WH-10,1732,329,552,1509,0,82.0,Safe
INV-008668,2023-08-26,PRD-0401,WH-11,1684,211,189,1706,0,270.8,Safe
INV-008669,2023-11-27,PRD-0319,WH-19,964,165,378,751,0,59.6,Safe
INV-008670,2023-09-17,PRD-0427,WH-01,1421,207,21,1607,0,999.0,Safe
INV-008671,2023-10-09,PRD-0374,WH-18,594,416,245,765,0,93.7,Safe
INV-008672,2023-01-06,PRD-0215,WH-09,384,478,393,469,0,35.8,Safe
INV-008673,2024-03-23,PRD-0016,WH-07,1347,351,165,1533,0,278.7,Safe
INV-008674,2023-02-05,PRD-0448,WH-19,1422,184,171,1435,0,251.8,Safe
INV-008675,2024-07-09,PRD-0431,WH-07,1574,111,9,1676,0,999.0,Safe
INV-008676,2023-10-21,PRD-0199,WH-04,1562,228,362,1428,0,118.3,Safe
INV-008677,2023-02-07,PRD-0029,WH-17,779,415,546,648,0,35.6,Safe
INV-008678,2024-08-13,PRD-0258,WH-07,1962,444,455,1951,0,128.6,Safe
INV-008679,2023-03-12,PRD-0217,WH-14,636,450,400,686,0,51.5,Safe
INV-008680,2023-01-25,PRD-0270,WH-08,899,301,259,941,0,109.0,Safe
INV-008681,2023-01-19,PRD-0395,WH-03,920,72,594,398,0,20.1,Safe
INV-008682,2023-02-08,PRD-0271,WH-19,224,248,15,457,0,914.0,Safe
INV-008683,2023-08-14,PRD-0474,WH-04,503,324,392,435,0,33.3,Safe
INV-008684,2024-09-23,PRD-0401,WH-18,825,479,185,1119,0,181.5,Safe
INV-008685,2023-03-09,PRD-0434,WH-12,1894,375,400,1869,0,140.2,Safe
INV-008686,2023-05-13,PRD-0374,WH-17,1971,44,36,1979,0,999.0,Safe
INV-008687,2024-03-16,PRD-0109,WH-03,611,415,591,435,0,22.1,Safe
INV-008688,2023-06-30,PRD-0416,WH-18,468,136,45,559,0,372.7,Safe
INV-008689,2024-03-21,PRD-0453,WH-11,1193,184,520,857,0,49.4,Safe
INV-008690,2023-01-04,PRD-0305,WH-10,1090,396,335,1151,0,103.1,Safe
INV-008691,2024-07-05,PRD-0436,WH-07,1476,105,495,1086,0,65.8,Safe
INV-008692,2023-02-06,PRD-0500,WH-14,1216,306,202,1320,0,196.0,Safe
INV-008693,2024-04-21,PRD-0059,WH-10,1062,85,469,678,0,43.4,Safe
INV-008694,2023-08-18,PRD-0200,WH-19,750,381,397,734,0,55.5,Safe
INV-008695,2024-06-15,PRD-0218,WH-20,1539,499,226,1812,0,240.5,Safe
INV-008696,2024-05-23,PRD-0322,WH-15,502,429,497,434,0,26.2,Safe
INV-008697,2024-09-26,PRD-0031,WH-01,582,261,165,678,0,123.3,Safe
INV-008698,2023-03-17,PRD-0345,WH-01,934,54,429,559,0,39.1,Safe
INV-008699,2023-09-01,PRD-0484,WH-01,966,257,282,941,0,100.1,Safe
INV-008700,2023-07-08,PRD-0270,WH-04,944,52,395,601,0,45.6,Safe
INV-008701,2024-02-02,PRD-0234,WH-10,1358,98,365,1091,0,89.7,Safe
INV-008702,2024-07-02,PRD-0290,WH-20,629,56,41,644,0,471.2,Safe
INV-008703,2023-06-21,PRD-0302,WH-06,142,150,63,229,0,109.0,Safe
INV-008704,2023-03-03,PRD-0064,WH-02,1770,237,132,1875,0,426.1,Safe
INV-008705,2024-08-27,PRD-0296,WH-13,1031,445,91,1385,0,456.6,Safe
INV-008706,2023-09-01,PRD-0292,WH-03,1902,232,503,1631,0,97.3,Safe
INV-008707,2023-07-20,PRD-0012,WH-17,1732,435,561,1606,0,85.9,Safe
INV-008708,2024-08-05,PRD-0435,WH-05,384,68,217,235,0,32.5,Safe
INV-008709,2023-06-23,PRD-0482,WH-05,1724,391,105,2010,0,574.3,Safe
INV-008710,2024-07-06,PRD-0086,WH-15,497,423,369,551,0,44.8,Safe
INV-008711,2023-07-20,PRD-0418,WH-18,1844,62,118,1788,0,454.6,Safe
INV-008712,2024-08-09,PRD-0363,WH-13,728,15,489,254,0,15.6,Safe
INV-008713,2023-12-01,PRD-0162,WH-03,575,39,185,429,0,69.6,Safe
INV-008714,2024-06-15,PRD-0351,WH-05,358,53,186,225,0,36.3,Safe
INV-008715,2023-02-19,PRD-0362,WH-17,1092,339,311,1120,0,108.0,Safe
INV-008716,2023-12-27,PRD-0095,WH-02,1874,402,179,2097,0,351.5,Safe
INV-008717,2023-12-07,PRD-0486,WH-08,1862,155,131,1886,0,431.9,Safe
INV-008718,2023-03-07,PRD-0196,WH-02,1080,227,460,847,0,55.2,Safe
INV-008719,2023-02-09,PRD-0307,WH-18,1577,192,387,1382,0,107.1,Safe
INV-008720,2024-03-29,PRD-0148,WH-02,661,497,182,976,0,160.9,Safe
INV-008721,2023-01-23,PRD-0237,WH-17,810,117,466,461,0,29.7,Safe
INV-008722,2024-06-14,PRD-0423,WH-17,1676,454,357,1773,0,149.0,Safe
INV-008723,2023-09-07,PRD-0270,WH-11,744,255,310,689,0,66.7,Safe
INV-008724,2023-06-05,PRD-0257,WH-20,1914,392,52,2254,0,999.0,Safe
INV-008725,2024-07-12,PRD-0322,WH-14,1595,261,410,1446,0,105.8,Safe
INV-008726,2024-02-24,PRD-0363,WH-07,1377,294,509,1162,0,68.5,Safe
INV-008727,2023-04-25,PRD-0313,WH-02,332,29,335,26,0,2.3,Critical
INV-008728,2024-09-29,PRD-0445,WH-07,1127,147,471,803,0,51.1,Safe
INV-008729,2023-06-09,PRD-0129,WH-10,1317,174,121,1370,0,339.7,Safe
INV-008730,2023-03-21,PRD-0177,WH-10,1932,1,486,1447,0,89.3,Safe
INV-008731,2023-02-14,PRD-0200,WH-18,999,318,493,824,0,50.1,Safe
INV-008732,2024-06-23,PRD-0183,WH-10,1589,138,288,1439,0,149.9,Safe
INV-008733,2024-01-26,PRD-0382,WH-08,1669,151,66,1754,0,797.3,Safe
INV-008734,2024-03-08,PRD-0027,WH-09,1556,221,445,1332,0,89.8,Safe
INV-008735,2024-07-10,PRD-0096,WH-04,641,359,168,832,0,148.6,Safe
INV-008736,2023-04-26,PRD-0384,WH-16,1401,338,14,1725,0,999.0,Safe
INV-008737,2024-01-01,PRD-0474,WH-08,1967,310,326,1951,0,179.5,Safe
INV-008738,2023-01-08,PRD-0467,WH-07,1624,444,500,1568,0,94.1,Safe
INV-008739,2023-08-05,PRD-0489,WH-13,1146,284,353,1077,0,91.5,Safe
INV-008740,2024-02-28,PRD-0447,WH-17,639,65,167,537,0,96.5,Safe
INV-008741,2023-05-04,PRD-0333,WH-03,378,273,370,281,0,22.8,Safe
INV-008742,2023-12-31,PRD-0218,WH-15,1458,213,546,1125,0,61.8,Safe
INV-008743,2023-06-04,PRD-0454,WH-09,1045,286,46,1285,0,838.0,Safe
INV-008744,2024-01-21,PRD-0133,WH-19,34,45,45,34,0,22.7,Safe
INV-008745,2024-01-30,PRD-0107,WH-17,1322,354,259,1417,0,164.1,Safe
INV-008746,2023-12-16,PRD-0009,WH-05,34,162,27,169,0,187.8,Safe
INV-008747,2024-08-24,PRD-0034,WH-18,960,337,428,869,0,60.9,Safe
INV-008748,2024-08-01,PRD-0237,WH-15,1509,122,393,1238,0,94.5,Safe
INV-008749,2023-01-24,PRD-0153,WH-01,1453,388,203,1638,0,242.1,Safe
INV-008750,2024-03-30,PRD-0456,WH-15,1905,454,540,1819,0,101.1,Safe
INV-008751,2023-05-29,PRD-0136,WH-03,954,340,479,815,0,51.0,Safe
INV-008752,2023-08-09,PRD-0163,WH-20,942,357,177,1122,0,190.2,Safe
INV-008753,2024-08-23,PRD-0388,WH-17,1641,176,109,1708,0,470.1,Safe
INV-008754,2023-05-27,PRD-0148,WH-13,27,461,72,416,0,173.3,Safe
INV-008755,2024-02-12,PRD-0069,WH-16,944,348,593,699,0,35.4,Safe
INV-008756,2023-04-30,PRD-0312,WH-20,1330,281,171,1440,0,252.6,Safe
INV-008757,2023-03-22,PRD-0010,WH-19,1117,442,150,1409,0,281.8,Safe
INV-008758,2023-02-09,PRD-0234,WH-08,1688,422,19,2091,0,999.0,Safe
INV-008759,2024-02-13,PRD-0047,WH-13,658,485,544,599,0,33.0,Safe
INV-008760,2023-09-22,PRD-0013,WH-02,481,55,433,103,0,7.1,Warning
INV-008761,2024-03-18,PRD-0461,WH-06,1594,263,121,1736,0,430.4,Safe
INV-008762,2023-05-21,PRD-0273,WH-01,1052,459,392,1119,0,85.6,Safe
INV-008763,2024-05-25,PRD-0427,WH-20,576,11,537,50,0,2.8,Critical
INV-008764,2023-04-06,PRD-0488,WH-08,469,255,512,212,0,12.4,Warning
INV-008765,2024-08-21,PRD-0170,WH-14,314,309,131,492,0,112.7,Safe
INV-008766,2024-04-27,PRD-0360,WH-02,251,51,128,174,0,40.8,Safe
INV-008767,2024-03-05,PRD-0067,WH-09,129,371,290,210,0,21.7,Safe
INV-008768,2024-03-22,PRD-0497,WH-20,1293,194,282,1205,0,128.2,Safe
INV-008769,2023-08-21,PRD-0132,WH-02,1855,44,325,1574,0,145.3,Safe
INV-008770,2024-09-06,PRD-0275,WH-15,1054,98,592,560,0,28.4,Safe
INV-008771,2023-08-15,PRD-0212,WH-04,88,419,464,43,0,2.8,Critical
INV-008772,2023-11-08,PRD-0290,WH-02,848,308,365,791,0,65.0,Safe
INV-008773,2023-04-13,PRD-0013,WH-19,1585,489,208,1866,0,269.1,Safe
INV-008774,2023-05-04,PRD-0022,WH-04,1168,426,368,1226,0,99.9,Safe
INV-008775,2024-05-20,PRD-0327,WH-09,754,37,44,747,0,509.3,Safe
INV-008776,2024-07-03,PRD-0192,WH-01,1518,199,376,1341,0,107.0,Safe
INV-008777,2024-01-25,PRD-0134,WH-12,1365,242,254,1353,0,159.8,Safe
INV-008778,2023-02-07,PRD-0116,WH-13,505,26,30,501,0,501.0,Safe
INV-008779,2024-05-25,PRD-0041,WH-14,1216,160,26,1350,0,999.0,Safe
INV-008780,2023-11-21,PRD-0388,WH-20,1562,133,314,1381,0,131.9,Safe
INV-008781,2023-03-15,PRD-0068,WH-09,701,353,231,823,0,106.9,Safe
INV-008782,2023-08-11,PRD-0113,WH-09,1005,81,253,833,0,98.8,Safe
INV-008783,2024-09-21,PRD-0493,WH-09,1670,242,332,1580,0,142.8,Safe
INV-008784,2023-11-02,PRD-0183,WH-19,1600,490,149,1941,0,390.8,Safe
INV-008785,2024-07-11,PRD-0394,WH-02,805,380,440,745,0,50.8,Safe
INV-008786,2023-07-24,PRD-0294,WH-06,1578,288,596,1270,0,63.9,Safe
INV-008787,2023-02-11,PRD-0105,WH-03,1989,375,119,2245,0,566.0,Safe
INV-008788,2023-09-17,PRD-0160,WH-14,180,37,211,6,0,0.9,Critical
INV-008789,2023-03-09,PRD-0424,WH-19,1088,283,280,1091,0,116.9,Safe
INV-008790,2023-12-25,PRD-0406,WH-09,1955,171,355,1771,0,149.7,Safe
INV-008791,2024-03-31,PRD-0269,WH-11,856,230,163,923,0,169.9,Safe
INV-008792,2024-09-25,PRD-0419,WH-07,1598,229,314,1513,0,144.6,Safe
INV-008793,2023-06-15,PRD-0126,WH-11,459,439,351,547,0,46.8,Safe
INV-008794,2024-04-02,PRD-0038,WH-13,1583,334,138,1779,0,386.7,Safe
INV-008795,2024-06-30,PRD-0457,WH-12,407,309,578,138,0,7.2,Warning
INV-008796,2024-05-05,PRD-0224,WH-10,1225,421,362,1284,0,106.4,Safe
INV-008797,2024-02-04,PRD-0156,WH-07,1213,431,21,1623,0,999.0,Safe
INV-008798,2024-08-24,PRD-0188,WH-19,194,8,109,93,0,25.6,Safe
INV-008799,2023-05-09,PRD-0166,WH-16,328,2,118,212,0,53.9,Safe
INV-008800,2023-10-17,PRD-0473,WH-06,501,247,308,440,0,42.9,Safe
INV-008801,2023-08-07,PRD-0339,WH-05,553,177,447,283,0,19.0,Safe
INV-008802,2024-09-20,PRD-0275,WH-14,388,195,277,306,0,33.1,Safe
INV-008803,2023-04-14,PRD-0158,WH-15,1170,402,102,1470,0,432.4,Safe
INV-008804,2023-09-17,PRD-0413,WH-16,870,205,458,617,0,40.4,Safe
INV-008805,2023-02-03,PRD-0112,WH-10,251,258,92,417,0,136.0,Safe
INV-008806,2024-05-25,PRD-0288,WH-02,783,228,238,773,0,97.4,Safe
INV-008807,2023-10-17,PRD-0150,WH-11,1531,294,492,1333,0,81.3,Safe
INV-008808,2024-08-26,PRD-0057,WH-02,1372,93,423,1042,0,73.9,Safe
INV-008809,2023-02-14,PRD-0184,WH-07,1466,86,398,1154,0,87.0,Safe
INV-008810,2023-11-08,PRD-0043,WH-19,359,344,124,579,0,140.1,Safe
INV-008811,2023-09-11,PRD-0021,WH-14,159,277,194,242,0,37.4,Safe
INV-008812,2024-03-03,PRD-0432,WH-14,1976,204,133,2047,0,461.7,Safe
INV-008813,2023-08-04,PRD-0059,WH-03,1319,146,158,1307,0,248.2,Safe
INV-008814,2023-08-01,PRD-0380,WH-07,803,137,594,346,0,17.5,Safe
INV-008815,2024-06-30,PRD-0026,WH-20,1382,23,128,1277,0,299.3,Safe
INV-008816,2023-03-10,PRD-0248,WH-01,1734,62,57,1739,0,915.3,Safe
INV-008817,2023-06-24,PRD-0440,WH-10,1579,69,49,1599,0,979.0,Safe
INV-008818,2023-10-18,PRD-0449,WH-14,1585,336,417,1504,0,108.2,Safe
INV-008819,2024-01-04,PRD-0374,WH-04,416,142,21,537,0,767.1,Safe
INV-008820,2024-06-28,PRD-0023,WH-02,1275,373,347,1301,0,112.5,Safe
INV-008821,2023-12-28,PRD-0254,WH-07,1397,484,228,1653,0,217.5,Safe
INV-008822,2024-08-14,PRD-0419,WH-17,548,6,1,553,0,999.0,Safe
INV-008823,2023-09-29,PRD-0459,WH-03,680,78,83,675,0,244.0,Safe
INV-008824,2024-04-12,PRD-0289,WH-15,939,152,491,600,0,36.7,Safe
INV-008825,2023-04-27,PRD-0063,WH-14,68,212,95,185,0,58.4,Safe
INV-008826,2023-06-06,PRD-0422,WH-01,939,316,475,780,0,49.3,Safe
INV-008827,2024-04-18,PRD-0020,WH-15,1867,276,235,1908,0,243.6,Safe
INV-008828,2023-12-18,PRD-0001,WH-05,1110,12,456,666,0,43.8,Safe
INV-008829,2024-03-16,PRD-0187,WH-03,1772,494,446,1820,0,122.4,Safe
INV-008830,2023-07-30,PRD-0326,WH-16,449,50,231,268,0,34.8,Safe
INV-008831,2023-06-26,PRD-0127,WH-20,447,242,76,613,0,242.0,Safe
INV-008832,2024-04-19,PRD-0419,WH-11,324,191,475,40,0,2.5,Critical
INV-008833,2023-02-27,PRD-0239,WH-13,1808,465,366,1907,0,156.3,Safe
INV-008834,2023-04-11,PRD-0491,WH-20,1747,198,268,1677,0,187.7,Safe
INV-008835,2023-08-05,PRD-0174,WH-17,1127,156,583,700,0,36.0,Safe
INV-008836,2024-09-19,PRD-0207,WH-14,1115,197,36,1276,0,999.0,Safe
INV-008837,2024-03-21,PRD-0313,WH-16,1154,270,569,855,0,45.1,Safe
INV-008838,2023-10-26,PRD-0043,WH-04,566,299,21,844,0,999.0,Safe
INV-008839,2023-05-18,PRD-0421,WH-09,985,397,143,1239,0,259.9,Safe
INV-008840,2023-01-08,PRD-0455,WH-04,21,435,373,83,0,6.7,Critical
INV-008841,2024-06-16,PRD-0006,WH-07,760,148,440,468,0,31.9,Safe
INV-008842,2024-01-27,PRD-0232,WH-06,1064,104,160,1008,0,189.0,Safe
INV-008843,2023-06-07,PRD-0444,WH-19,824,42,419,447,0,32.0,Safe
INV-008844,2023-08-07,PRD-0467,WH-09,1318,393,368,1343,0,109.5,Safe
INV-008845,2024-08-15,PRD-0383,WH-19,450,2,306,146,0,14.3,Safe
INV-008846,2023-01-01,PRD-0358,WH-12,445,404,159,690,0,130.2,Safe
INV-008847,2023-10-18,PRD-0242,WH-14,601,33,579,55,0,2.8,Critical
INV-008848,2023-08-30,PRD-0107,WH-12,1039,124,590,573,0,29.1,Safe
INV-008849,2024-05-17,PRD-0286,WH-12,811,120,232,699,0,90.4,Safe
INV-008850,2023-01-12,PRD-0079,WH-13,225,58,182,101,0,16.6,Safe
INV-008851,2023-05-25,PRD-0043,WH-12,202,192,163,231,0,42.5,Safe
INV-008852,2024-05-01,PRD-0384,WH-12,529,464,97,896,0,277.1,Safe
INV-008853,2023-06-05,PRD-0012,WH-11,1214,358,240,1332,0,166.5,Safe
INV-008854,2024-08-06,PRD-0012,WH-20,1366,31,330,1067,0,97.0,Safe
INV-008855,2024-08-26,PRD-0373,WH-10,699,386,405,680,0,50.4,Safe
INV-008856,2024-05-21,PRD-0178,WH-10,346,166,224,288,0,38.6,Safe
INV-008857,2023-12-22,PRD-0287,WH-06,41,429,263,207,0,23.6,Safe
INV-008858,2023-02-28,PRD-0249,WH-19,546,362,399,509,0,38.3,Safe
INV-008859,2024-03-17,PRD-0426,WH-09,384,321,122,583,0,143.4,Safe
INV-008860,2023-10-05,PRD-0065,WH-14,1033,96,240,889,0,111.1,Safe
INV-008861,2023-10-30,PRD-0045,WH-16,162,281,82,361,0,132.1,Safe
INV-008862,2024-01-09,PRD-0394,WH-06,576,112,587,101,0,5.2,Critical
INV-008863,2024-05-05,PRD-0235,WH-10,1096,497,486,1107,0,68.3,Safe
INV-008864,2023-01-20,PRD-0090,WH-11,573,319,165,727,0,132.2,Safe
INV-008865,2023-08-22,PRD-0244,WH-06,279,312,148,443,0,89.8,Safe
INV-008866,2023-09-09,PRD-0241,WH-16,220,433,470,183,0,11.7,Warning
INV-008867,2023-02-25,PRD-0460,WH-03,330,264,205,389,0,56.9,Safe
INV-008868,2024-06-12,PRD-0451,WH-16,443,220,124,539,0,130.4,Safe
INV-008869,2023-04-10,PRD-0410,WH-20,966,142,365,743,0,61.1,Safe
INV-008870,2024-02-25,PRD-0330,WH-18,1538,175,517,1196,0,69.4,Safe
INV-008871,2023-02-10,PRD-0255,WH-05,611,465,362,714,0,59.2,Safe
INV-008872,2024-05-17,PRD-0070,WH-01,1195,450,542,1103,0,61.1,Safe
INV-008873,2023-01-02,PRD-0326,WH-06,367,87,273,181,0,19.9,Safe
INV-008874,2024-04-23,PRD-0185,WH-01,1584,38,516,1106,0,64.3,Safe
INV-008875,2023-10-16,PRD-0290,WH-17,1184,187,228,1143,0,150.4,Safe
INV-008876,2023-10-29,PRD-0038,WH-19,807,198,331,674,0,61.1,Safe
INV-008877,2023-04-08,PRD-0082,WH-03,75,379,234,220,0,28.2,Safe
INV-008878,2023-09-13,PRD-0301,WH-16,968,83,155,896,0,173.4,Safe
INV-008879,2023-10-12,PRD-0026,WH-12,1436,266,600,1102,0,55.1,Safe
INV-008880,2023-10-15,PRD-0142,WH-04,28,499,454,73,0,4.8,Critical
INV-008881,2024-09-26,PRD-0337,WH-06,390,73,1,462,0,999.0,Safe
INV-008882,2024-06-20,PRD-0028,WH-07,1085,0,12,1073,0,999.0,Safe
INV-008883,2024-07-30,PRD-0121,WH-04,499,405,200,704,0,105.6,Safe
INV-008884,2024-03-01,PRD-0321,WH-13,1542,280,107,1715,0,480.8,Safe
INV-008885,2023-01-03,PRD-0135,WH-13,1331,128,594,865,0,43.7,Safe
INV-008886,2024-05-19,PRD-0095,WH-19,1504,305,401,1408,0,105.3,Safe
INV-008887,2023-05-29,PRD-0195,WH-04,1950,174,55,2069,0,999.0,Safe
INV-008888,2023-05-30,PRD-0404,WH-09,1163,194,147,1210,0,246.9,Safe
INV-008889,2023-08-13,PRD-0338,WH-15,190,393,447,136,0,9.1,Warning
INV-008890,2023-04-04,PRD-0103,WH-07,1172,44,428,788,0,55.2,Safe
INV-008891,2023-04-14,PRD-0023,WH-02,67,152,206,13,0,1.9,Critical
INV-008892,2023-04-21,PRD-0041,WH-13,922,265,585,602,0,30.9,Safe
INV-008893,2023-08-20,PRD-0162,WH-02,942,70,505,507,0,30.1,Safe
INV-008894,2024-09-13,PRD-0457,WH-18,1374,108,364,1118,0,92.1,Safe
INV-008895,2024-09-14,PRD-0474,WH-06,69,172,143,98,0,20.6,Safe
INV-008896,2023-08-15,PRD-0196,WH-02,789,270,563,496,0,26.4,Safe
INV-008897,2023-12-08,PRD-0004,WH-19,1514,355,60,1809,0,904.5,Safe
INV-008898,2023-07-06,PRD-0104,WH-14,876,356,53,1179,0,667.4,Safe
INV-008899,2023-07-24,PRD-0035,WH-17,987,113,558,542,0,29.1,Safe
INV-008900,2024-03-06,PRD-0196,WH-01,892,19,192,719,0,112.3,Safe
INV-008901,2024-04-16,PRD-0219,WH-05,371,322,33,660,0,600.0,Safe
INV-008902,2023-02-12,PRD-0097,WH-06,1351,401,521,1231,0,70.9,Safe
INV-008903,2023-04-27,PRD-0099,WH-04,1319,295,172,1442,0,251.5,Safe
INV-008904,2024-02-16,PRD-0206,WH-20,1881,21,465,1437,0,92.7,Safe
INV-008905,2024-09-21,PRD-0337,WH-13,113,413,189,337,0,53.5,Safe
INV-008906,2023-01-06,PRD-0028,WH-07,739,243,441,541,0,36.8,Safe
INV-008907,2024-06-13,PRD-0319,WH-06,289,184,0,473,0,999.0,Safe
INV-008908,2024-04-13,PRD-0179,WH-14,1284,492,10,1766,0,999.0,Safe
INV-008909,2024-01-24,PRD-0357,WH-11,545,414,393,566,0,43.2,Safe
INV-008910,2024-07-08,PRD-0251,WH-19,446,206,208,444,0,64.0,Safe
INV-008911,2023-09-22,PRD-0162,WH-19,1439,88,237,1290,0,163.3,Safe
INV-008912,2024-07-09,PRD-0242,WH-05,994,23,357,660,0,55.5,Safe
INV-008913,2024-04-11,PRD-0391,WH-03,1088,335,593,830,0,42.0,Safe
INV-008914,2023-08-23,PRD-0122,WH-18,587,490,286,791,0,83.0,Safe
INV-008915,2023-08-13,PRD-0195,WH-01,787,79,589,277,0,14.1,Safe
INV-008916,2023-04-27,PRD-0483,WH-06,518,32,370,180,0,14.6,Safe
INV-008917,2023-02-13,PRD-0120,WH-16,1351,295,120,1526,0,381.5,Safe
INV-008918,2023-02-27,PRD-0260,WH-07,1007,224,468,763,0,48.9,Safe
INV-008919,2023-06-02,PRD-0422,WH-17,757,123,396,484,0,36.7,Safe
INV-008920,2023-06-11,PRD-0109,WH-11,741,300,396,645,0,48.9,Safe
INV-008921,2024-06-09,PRD-0292,WH-05,654,288,212,730,0,103.3,Safe
INV-008922,2023-06-06,PRD-0201,WH-11,1744,113,307,1550,0,151.5,Safe
INV-008923,2024-05-04,PRD-0119,WH-10,708,156,146,718,0,147.5,Safe
INV-008924,2023-03-25,PRD-0374,WH-05,487,442,377,552,0,43.9,Safe
INV-008925,2024-08-07,PRD-0471,WH-05,1512,44,487,1069,0,65.9,Safe
INV-008926,2023-01-21,PRD-0141,WH-08,317,12,49,280,0,171.4,Safe
INV-008927,2023-08-15,PRD-0188,WH-18,1447,185,415,1217,0,88.0,Safe
INV-008928,2024-04-24,PRD-0396,WH-16,1728,115,118,1725,0,438.6,Safe
INV-008929,2024-06-02,PRD-0493,WH-16,567,456,43,980,0,683.7,Safe
INV-008930,2023-09-10,PRD-0064,WH-08,263,387,34,616,0,543.5,Safe
INV-008931,2023-09-13,PRD-0460,WH-07,1051,5,401,655,0,49.0,Safe
INV-008932,2024-01-31,PRD-0473,WH-20,978,420,579,819,0,42.4,Safe
INV-008933,2023-01-14,PRD-0381,WH-14,528,419,250,697,0,83.6,Safe
INV-008934,2024-07-12,PRD-0013,WH-18,1542,186,330,1398,0,127.1,Safe
INV-008935,2024-01-02,PRD-0452,WH-10,1598,162,597,1163,0,58.4,Safe
INV-008936,2024-04-26,PRD-0079,WH-02,1068,407,344,1131,0,98.6,Safe
INV-008937,2024-03-19,PRD-0197,WH-01,792,323,570,545,0,28.7,Safe
INV-008938,2023-12-17,PRD-0402,WH-08,89,489,390,188,0,14.5,Safe
INV-008939,2024-01-22,PRD-0432,WH-04,1553,384,460,1477,0,96.3,Safe
INV-008940,2023-10-26,PRD-0119,WH-13,556,246,590,212,0,10.8,Warning
INV-008941,2024-04-05,PRD-0011,WH-04,1497,391,180,1708,0,284.7,Safe
INV-008942,2023-01-18,PRD-0205,WH-12,1200,280,450,1030,0,68.7,Safe
INV-008943,2023-06-16,PRD-0486,WH-06,12,104,11,105,0,286.4,Safe
INV-008944,2023-11-08,PRD-0443,WH-09,673,331,493,511,0,31.1,Safe
INV-008945,2023-01-20,PRD-0419,WH-08,869,140,339,670,0,59.3,Safe
INV-008946,2023-05-30,PRD-0390,WH-08,892,462,473,881,0,55.9,Safe
INV-008947,2023-11-17,PRD-0123,WH-05,979,261,1,1239,0,999.0,Safe
INV-008948,2023-08-03,PRD-0269,WH-01,418,435,589,264,0,13.4,Warning
INV-008949,2023-08-11,PRD-0004,WH-16,1988,176,563,1601,0,85.3,Safe
INV-008950,2024-07-31,PRD-0319,WH-11,457,60,461,56,0,3.6,Critical
INV-008951,2023-02-09,PRD-0356,WH-01,1736,138,29,1845,0,999.0,Safe
INV-008952,2023-12-11,PRD-0313,WH-07,988,363,363,988,0,81.7,Safe
INV-008953,2023-09-16,PRD-0368,WH-18,487,163,285,365,0,38.4,Safe
INV-008954,2023-02-13,PRD-0073,WH-03,1588,311,106,1793,0,507.5,Safe
INV-008955,2023-01-20,PRD-0274,WH-01,375,75,210,240,0,34.3,Safe
INV-008956,2023-05-11,PRD-0328,WH-01,1635,170,32,1773,0,999.0,Safe
INV-008957,2023-11-09,PRD-0206,WH-18,358,8,292,74,0,7.6,Warning
INV-008958,2023-01-20,PRD-0417,WH-05,2000,370,103,2267,0,660.3,Safe
INV-008959,2023-10-04,PRD-0439,WH-20,826,487,119,1194,0,301.0,Safe
INV-008960,2024-09-28,PRD-0377,WH-05,1392,217,348,1261,0,108.7,Safe
INV-008961,2024-06-10,PRD-0187,WH-20,1115,319,158,1276,0,242.3,Safe
INV-008962,2024-06-03,PRD-0271,WH-01,1149,430,201,1378,0,205.7,Safe
INV-008963,2023-10-07,PRD-0420,WH-06,1974,35,33,1976,0,999.0,Safe
INV-008964,2023-10-13,PRD-0069,WH-12,1283,268,207,1344,0,194.8,Safe
INV-008965,2023-07-21,PRD-0310,WH-07,491,44,391,144,0,11.0,Warning
INV-008966,2023-08-31,PRD-0040,WH-03,1215,333,377,1171,0,93.2,Safe
INV-008967,2024-04-23,PRD-0164,WH-13,1798,204,176,1826,0,311.2,Safe
INV-008968,2024-04-26,PRD-0382,WH-07,1337,402,517,1222,0,70.9,Safe
INV-008969,2024-03-03,PRD-0346,WH-07,835,260,480,615,0,38.4,Safe
INV-008970,2023-06-06,PRD-0141,WH-04,1165,338,319,1184,0,111.3,Safe
INV-008971,2024-02-26,PRD-0100,WH-04,1499,118,467,1150,0,73.9,Safe
INV-008972,2023-05-04,PRD-0048,WH-14,1582,466,147,1901,0,388.0,Safe
INV-008973,2023-08-10,PRD-0197,WH-05,225,470,369,326,0,26.5,Safe
INV-008974,2024-06-01,PRD-0448,WH-13,1083,154,42,1195,0,853.6,Safe
INV-008975,2023-06-03,PRD-0126,WH-08,1685,274,53,1906,0,999.0,Safe
INV-008976,2023-06-23,PRD-0275,WH-07,334,188,404,118,0,8.8,Warning
INV-008977,2024-06-29,PRD-0421,WH-19,437,477,344,570,0,49.7,Safe
INV-008978,2023-07-21,PRD-0330,WH-14,1059,318,558,819,0,44.0,Safe
INV-008979,2024-03-15,PRD-0284,WH-11,1422,430,134,1718,0,384.6,Safe
INV-008980,2024-01-02,PRD-0051,WH-09,1401,394,558,1237,0,66.5,Safe
INV-008981,2023-10-18,PRD-0437,WH-15,1447,329,384,1392,0,108.8,Safe
INV-008982,2023-10-21,PRD-0118,WH-15,417,322,471,268,0,17.1,Safe
INV-008983,2023-04-20,PRD-0285,WH-09,1923,313,425,1811,0,127.8,Safe
INV-008984,2024-01-02,PRD-0014,WH-05,1367,487,546,1308,0,71.9,Safe
INV-008985,2024-03-29,PRD-0325,WH-14,1625,443,509,1559,0,91.9,Safe
INV-008986,2023-01-31,PRD-0173,WH-06,1724,432,192,1964,0,306.9,Safe
INV-008987,2024-02-21,PRD-0083,WH-17,913,79,317,675,0,63.9,Safe
INV-008988,2023-08-06,PRD-0345,WH-18,252,147,217,182,0,25.2,Safe
INV-008989,2024-02-18,PRD-0428,WH-04,223,351,96,478,0,149.4,Safe
INV-008990,2023-04-22,PRD-0068,WH-17,1356,59,583,832,0,42.8,Safe
INV-008991,2023-02-17,PRD-0410,WH-16,333,395,500,228,0,13.7,Warning
INV-008992,2023-10-20,PRD-0198,WH-03,1104,39,91,1052,0,346.8,Safe
INV-008993,2023-05-12,PRD-0460,WH-16,1344,460,364,1440,0,118.7,Safe
INV-008994,2023-05-23,PRD-0207,WH-01,1068,149,245,972,0,119.0,Safe
INV-008995,2024-01-25,PRD-0012,WH-13,571,57,492,136,0,8.3,Warning
INV-008996,2024-03-09,PRD-0157,WH-03,302,195,55,442,0,241.1,Safe
INV-008997,2024-05-09,PRD-0490,WH-15,1686,257,81,1862,0,689.6,Safe
INV-008998,2024-01-13,PRD-0159,WH-05,528,255,543,240,0,13.3,Warning
INV-008999,2023-07-23,PRD-0157,WH-04,702,448,398,752,0,56.7,Safe
INV-009000,2023-03-07,PRD-0115,WH-14,668,374,82,960,0,351.2,Safe
INV-009001,2024-01-28,PRD-0475,WH-19,935,404,517,822,0,47.7,Safe
INV-009002,2024-05-15,PRD-0101,WH-11,77,286,106,257,0,72.7,Safe
INV-009003,2024-01-11,PRD-0341,WH-20,33,245,178,100,0,16.9,Safe
INV-009004,2023-04-05,PRD-0201,WH-19,1628,45,349,1324,0,113.8,Safe
INV-009005,2024-08-15,PRD-0461,WH-02,1066,462,334,1194,0,107.2,Safe
INV-009006,2023-12-07,PRD-0220,WH-16,632,292,331,593,0,53.7,Safe
INV-009007,2023-04-17,PRD-0030,WH-10,1069,352,58,1363,0,705.0,Safe
INV-009008,2024-09-21,PRD-0076,WH-13,1637,192,430,1399,0,97.6,Safe
INV-009009,2023-01-26,PRD-0105,WH-19,1055,238,203,1090,0,161.1,Safe
INV-009010,2023-03-11,PRD-0263,WH-03,15,50,58,7,0,3.6,Critical
INV-009011,2023-08-10,PRD-0303,WH-06,314,325,261,378,0,43.4,Safe
INV-009012,2024-09-18,PRD-0041,WH-07,773,338,68,1043,0,460.1,Safe
INV-009013,2023-10-24,PRD-0054,WH-02,782,344,138,988,0,214.8,Safe
INV-009014,2024-07-12,PRD-0022,WH-11,1448,2,58,1392,0,720.0,Safe
INV-009015,2024-07-10,PRD-0315,WH-12,122,237,232,127,0,16.4,Safe
INV-009016,2023-03-26,PRD-0249,WH-03,1016,148,497,667,0,40.3,Safe
INV-009017,2023-12-17,PRD-0065,WH-18,1588,490,75,2003,0,801.2,Safe
INV-009018,2024-07-12,PRD-0120,WH-10,1663,252,506,1409,0,83.5,Safe
INV-009019,2023-05-09,PRD-0006,WH-10,62,7,22,47,0,64.1,Safe
INV-009020,2023-01-09,PRD-0359,WH-19,303,330,310,323,0,31.3,Safe
INV-009021,2023-07-10,PRD-0492,WH-01,160,3,126,37,0,8.8,Warning
INV-009022,2024-01-21,PRD-0054,WH-11,1427,462,175,1714,0,293.8,Safe
INV-009023,2023-12-09,PRD-0339,WH-14,90,399,43,446,0,311.2,Safe
INV-009024,2024-08-05,PRD-0029,WH-08,1855,37,546,1346,0,74.0,Safe
INV-009025,2023-07-31,PRD-0177,WH-17,1477,348,97,1728,0,534.4,Safe
INV-009026,2024-07-24,PRD-0379,WH-17,18,49,55,12,0,6.5,Critical
INV-009027,2023-10-06,PRD-0366,WH-17,1242,379,510,1111,0,65.4,Safe
INV-009028,2024-09-24,PRD-0198,WH-02,1476,416,18,1874,0,999.0,Safe
INV-009029,2024-07-15,PRD-0052,WH-03,1753,471,316,1908,0,181.1,Safe
INV-009030,2023-09-04,PRD-0032,WH-04,1997,393,236,2154,0,273.8,Safe
INV-009031,2024-02-01,PRD-0293,WH-17,1414,151,491,1074,0,65.6,Safe
INV-009032,2023-07-03,PRD-0310,WH-04,424,373,544,253,0,14.0,Warning
INV-009033,2023-06-06,PRD-0282,WH-18,1811,121,290,1642,0,169.9,Safe
INV-009034,2023-01-25,PRD-0273,WH-02,1255,404,35,1624,0,999.0,Safe
INV-009035,2023-12-11,PRD-0225,WH-19,1977,20,76,1921,0,758.3,Safe
INV-009036,2023-09-17,PRD-0089,WH-09,1647,49,258,1438,0,167.2,Safe
INV-009037,2024-01-23,PRD-0415,WH-18,781,56,573,264,0,13.8,Warning
INV-009038,2023-08-02,PRD-0395,WH-10,1619,280,110,1789,0,487.9,Safe
INV-009039,2023-03-31,PRD-0243,WH-07,741,77,559,259,0,13.9,Warning
INV-009040,2024-08-01,PRD-0306,WH-19,224,333,14,543,0,999.0,Safe
INV-009041,2023-07-16,PRD-0305,WH-06,565,426,295,696,0,70.8,Safe
INV-009042,2024-02-16,PRD-0128,WH-08,1227,190,508,909,0,53.7,Safe
INV-009043,2023-07-27,PRD-0134,WH-15,560,124,297,387,0,39.1,Safe
INV-009044,2024-02-06,PRD-0429,WH-12,1980,406,336,2050,0,183.0,Safe
INV-009045,2023-05-19,PRD-0297,WH-01,53,44,51,46,0,27.1,Safe
INV-009046,2024-04-11,PRD-0227,WH-19,1668,378,254,1792,0,211.7,Safe
INV-009047,2024-03-06,PRD-0311,WH-06,214,12,144,82,0,17.1,Safe
INV-009048,2024-05-23,PRD-0332,WH-05,1340,495,505,1330,0,79.0,Safe
INV-009049,2023-07-21,PRD-0313,WH-04,812,392,216,988,0,137.2,Safe
INV-009050,2024-05-12,PRD-0347,WH-13,1094,296,5,1385,0,999.0,Safe
INV-009051,2024-05-20,PRD-0152,WH-15,1326,456,34,1748,0,999.0,Safe
INV-009052,2023-06-29,PRD-0011,WH-13,1069,344,131,1282,0,293.6,Safe
INV-009053,2024-08-03,PRD-0037,WH-02,529,43,199,373,0,56.2,Safe
INV-009054,2023-12-08,PRD-0124,WH-02,642,358,440,560,0,38.2,Safe
INV-009055,2023-06-10,PRD-0210,WH-11,1452,178,171,1459,0,256.0,Safe
INV-009056,2024-04-28,PRD-0187,WH-03,1900,497,484,1913,0,118.6,Safe
INV-009057,2023-01-12,PRD-0015,WH-16,40,158,88,110,0,37.5,Safe
INV-009058,2023-08-12,PRD-0475,WH-06,1794,360,48,2106,0,999.0,Safe
INV-009059,2024-07-03,PRD-0204,WH-02,1592,6,352,1246,0,106.2,Safe
INV-009060,2024-06-23,PRD-0459,WH-10,1497,483,322,1658,0,154.5,Safe
INV-009061,2024-01-10,PRD-0234,WH-18,1297,76,87,1286,0,443.4,Safe
INV-009062,2023-10-26,PRD-0171,WH-18,785,269,210,844,0,120.6,Safe
INV-009063,2023-09-17,PRD-0419,WH-13,621,311,566,366,0,19.4,Safe
INV-009064,2024-05-27,PRD-0397,WH-06,334,133,461,6,0,0.4,Critical
INV-009065,2024-04-26,PRD-0295,WH-03,228,136,355,9,0,0.8,Critical
INV-009066,2023-02-04,PRD-0024,WH-09,131,375,29,477,0,493.4,Safe
INV-009067,2024-09-21,PRD-0217,WH-15,507,145,38,614,0,484.7,Safe
INV-009068,2024-04-25,PRD-0020,WH-15,1964,457,242,2179,0,270.1,Safe
INV-009069,2023-02-10,PRD-0482,WH-09,502,35,394,143,0,10.9,Warning
INV-009070,2023-02-19,PRD-0277,WH-04,368,400,413,355,0,25.8,Safe
INV-009071,2023-08-28,PRD-0084,WH-04,1343,17,92,1268,0,413.5,Safe
INV-009072,2023-07-09,PRD-0206,WH-15,1606,430,249,1787,0,215.3,Safe
INV-009073,2023-03-04,PRD-0049,WH-05,1611,279,381,1509,0,118.8,Safe
INV-009074,2023-08-30,PRD-0154,WH-08,1988,400,523,1865,0,107.0,Safe
INV-009075,2024-07-29,PRD-0149,WH-09,50,248,197,101,0,15.4,Safe
INV-009076,2024-06-15,PRD-0017,WH-04,814,41,541,314,0,17.4,Safe
INV-009077,2023-06-02,PRD-0385,WH-06,1173,449,299,1323,0,132.7,Safe
INV-009078,2024-04-24,PRD-0117,WH-08,422,204,258,368,0,42.8,Safe
INV-009079,2024-07-25,PRD-0094,WH-01,628,455,231,852,0,110.6,Safe
INV-009080,2023-04-08,PRD-0331,WH-14,144,78,138,84,0,18.3,Safe
INV-009081,2023-04-01,PRD-0187,WH-15,342,411,517,236,0,13.7,Warning
INV-009082,2023-01-15,PRD-0153,WH-13,493,255,96,652,0,203.8,Safe
INV-009083,2024-07-16,PRD-0383,WH-15,620,270,279,611,0,65.7,Safe
INV-009084,2023-11-25,PRD-0204,WH-16,905,308,540,673,0,37.4,Safe
INV-009085,2024-01-09,PRD-0477,WH-13,309,452,461,300,0,19.5,Safe
INV-009086,2023-02-07,PRD-0284,WH-18,784,87,357,514,0,43.2,Safe
INV-009087,2024-01-11,PRD-0227,WH-02,1168,407,108,1467,0,407.5,Safe
INV-009088,2023-07-17,PRD-0305,WH-12,691,372,219,844,0,115.6,Safe
INV-009089,2023-01-22,PRD-0331,WH-04,258,286,359,185,0,15.5,Safe
INV-009090,2023-05-01,PRD-0122,WH-09,327,226,491,62,0,3.8,Critical
INV-009091,2024-09-16,PRD-0137,WH-06,1822,311,389,1744,0,134.5,Safe
INV-009092,2023-12-23,PRD-0278,WH-06,1514,343,182,1675,0,276.1,Safe
INV-009093,2023-09-13,PRD-0135,WH-02,1116,164,158,1122,0,213.0,Safe
INV-009094,2023-09-04,PRD-0452,WH-14,1081,224,425,880,0,62.1,Safe
INV-009095,2024-06-13,PRD-0105,WH-16,1849,109,313,1645,0,157.7,Safe
INV-009096,2024-02-16,PRD-0093,WH-08,1125,260,185,1200,0,194.6,Safe
INV-009097,2023-08-16,PRD-0250,WH-05,1117,410,518,1009,0,58.4,Safe
INV-009098,2023-10-28,PRD-0265,WH-16,1387,448,431,1404,0,97.7,Safe
INV-009099,2023-08-07,PRD-0449,WH-09,1996,211,298,1909,0,192.2,Safe
INV-009100,2023-09-04,PRD-0072,WH-15,215,437,2,650,0,999.0,Safe
INV-009101,2024-04-01,PRD-0293,WH-06,834,274,6,1102,0,999.0,Safe
INV-009102,2024-01-19,PRD-0267,WH-07,876,315,496,695,0,42.0,Safe
INV-009103,2023-04-28,PRD-0276,WH-14,77,328,48,357,0,223.1,Safe
INV-009104,2023-05-13,PRD-0430,WH-10,635,127,60,702,0,351.0,Safe
INV-009105,2024-06-08,PRD-0410,WH-12,1131,52,585,598,0,30.7,Safe
INV-009106,2023-09-19,PRD-0075,WH-10,1623,222,251,1594,0,190.5,Safe
INV-009107,2023-12-14,PRD-0499,WH-04,401,195,319,277,0,26.1,Safe
INV-009108,2023-08-16,PRD-0328,WH-13,773,437,476,734,0,46.3,Safe
INV-009109,2023-03-17,PRD-0169,WH-06,1226,403,138,1491,0,324.1,Safe
INV-009110,2023-12-24,PRD-0108,WH-05,610,259,583,286,0,14.7,Safe
INV-009111,2024-01-28,PRD-0212,WH-05,328,62,63,327,0,155.7,Safe
INV-009112,2024-05-26,PRD-0195,WH-07,787,237,366,658,0,53.9,Safe
INV-009113,2023-10-19,PRD-0192,WH-04,1536,104,226,1414,0,187.7,Safe
INV-009114,2023-07-28,PRD-0220,WH-05,1898,138,585,1451,0,74.4,Safe
INV-009115,2024-09-20,PRD-0482,WH-09,1758,178,380,1556,0,122.8,Safe
INV-009116,2024-03-16,PRD-0463,WH-15,529,106,278,357,0,38.5,Safe
INV-009117,2024-03-07,PRD-0303,WH-17,1836,238,413,1661,0,120.7,Safe
INV-009118,2023-05-23,PRD-0221,WH-16,918,191,303,806,0,79.8,Safe
INV-009119,2023-05-26,PRD-0125,WH-02,472,485,382,575,0,45.2,Safe
INV-009120,2024-09-07,PRD-0269,WH-01,1304,32,523,813,0,46.6,Safe
INV-009121,2024-03-06,PRD-0105,WH-09,1838,245,51,2032,0,999.0,Safe
INV-009122,2023-04-11,PRD-0102,WH-18,1297,204,506,995,0,59.0,Safe
INV-009123,2024-03-04,PRD-0472,WH-13,1717,148,593,1272,0,64.4,Safe
INV-009124,2024-07-30,PRD-0232,WH-08,991,135,254,872,0,103.0,Safe
INV-009125,2024-03-31,PRD-0485,WH-05,397,170,173,394,0,68.3,Safe
INV-009126,2023-11-07,PRD-0287,WH-16,1081,260,324,1017,0,94.2,Safe
INV-009127,2024-08-12,PRD-0086,WH-03,1681,130,431,1380,0,96.1,Safe
INV-009128,2023-11-17,PRD-0251,WH-03,1392,154,558,988,0,53.1,Safe
INV-009129,2023-06-23,PRD-0460,WH-12,864,71,593,342,0,17.3,Safe
INV-009130,2023-02-23,PRD-0097,WH-08,558,487,68,977,0,431.0,Safe
INV-009131,2023-07-23,PRD-0163,WH-07,1576,20,536,1060,0,59.3,Safe
INV-009132,2023-12-02,PRD-0134,WH-17,989,132,182,939,0,154.8,Safe
INV-009133,2023-06-13,PRD-0444,WH-13,1254,298,163,1389,0,255.6,Safe
INV-009134,2023-01-31,PRD-0027,WH-07,1286,365,529,1122,0,63.6,Safe
INV-009135,2024-07-24,PRD-0223,WH-07,71,187,158,100,0,19.0,Safe
INV-009136,2023-02-20,PRD-0251,WH-13,262,239,229,272,0,35.6,Safe
INV-009137,2024-09-11,PRD-0211,WH-02,1838,405,113,2130,0,565.5,Safe
INV-009138,2024-02-13,PRD-0169,WH-06,1642,272,87,1827,0,630.0,Safe
INV-009139,2023-05-10,PRD-0419,WH-15,108,93,47,154,0,98.3,Safe
INV-009140,2023-06-07,PRD-0219,WH-14,1350,469,162,1657,0,306.9,Safe
INV-009141,2024-07-21,PRD-0089,WH-19,168,230,395,3,0,0.2,Critical
INV-009142,2023-06-07,PRD-0271,WH-09,87,286,236,137,0,17.4,Safe
INV-009143,2024-03-30,PRD-0081,WH-03,1528,409,209,1728,0,248.0,Safe
INV-009144,2023-10-18,PRD-0285,WH-18,1628,446,549,1525,0,83.3,Safe
INV-009145,2024-06-18,PRD-0012,WH-02,1990,19,422,1587,0,112.8,Safe
INV-009146,2023-12-03,PRD-0370,WH-16,1583,75,132,1526,0,346.8,Safe
INV-009147,2023-07-26,PRD-0125,WH-15,1377,344,386,1335,0,103.8,Safe
INV-009148,2024-07-07,PRD-0265,WH-15,924,425,144,1205,0,251.0,Safe
INV-009149,2023-10-25,PRD-0460,WH-03,481,286,75,692,0,276.8,Safe
INV-009150,2024-08-29,PRD-0125,WH-01,1638,211,197,1652,0,251.6,Safe
INV-009151,2024-09-03,PRD-0268,WH-04,1801,353,465,1689,0,109.0,Safe
INV-009152,2023-05-13,PRD-0162,WH-10,1277,124,434,967,0,66.8,Safe
INV-009153,2024-05-26,PRD-0207,WH-07,1562,223,378,1407,0,111.7,Safe
INV-009154,2023-03-14,PRD-0341,WH-06,1517,419,492,1444,0,88.0,Safe
INV-009155,2023-08-08,PRD-0079,WH-14,1245,392,63,1574,0,749.5,Safe
INV-009156,2023-01-26,PRD-0060,WH-16,765,471,45,1191,0,794.0,Safe
INV-009157,2023-03-08,PRD-0299,WH-02,607,164,267,504,0,56.6,Safe
INV-009158,2024-01-13,PRD-0244,WH-06,1541,261,287,1515,0,158.4,Safe
INV-009159,2024-06-17,PRD-0127,WH-07,485,424,322,587,0,54.7,Safe
INV-009160,2024-04-17,PRD-0070,WH-05,1166,198,153,1211,0,237.5,Safe
INV-009161,2023-12-15,PRD-0499,WH-20,1064,129,74,1119,0,453.6,Safe
INV-009162,2023-08-31,PRD-0330,WH-10,1872,27,531,1368,0,77.3,Safe
INV-009163,2023-03-04,PRD-0378,WH-01,10,430,285,155,0,16.3,Safe
INV-009164,2023-05-17,PRD-0372,WH-15,42,314,294,62,0,6.3,Critical
INV-009165,2023-05-26,PRD-0340,WH-03,1360,372,246,1486,0,181.2,Safe
INV-009166,2023-03-17,PRD-0404,WH-17,142,249,337,54,0,4.8,Critical
INV-009167,2023-12-12,PRD-0080,WH-13,323,493,83,733,0,264.9,Safe
INV-009168,2024-07-01,PRD-0068,WH-11,872,8,14,866,0,999.0,Safe
INV-009169,2023-03-20,PRD-0380,WH-16,443,393,145,691,0,143.0,Safe
INV-009170,2024-09-22,PRD-0068,WH-15,1544,113,172,1485,0,259.0,Safe
INV-009171,2024-01-17,PRD-0285,WH-04,1152,425,474,1103,0,69.8,Safe
INV-009172,2023-04-20,PRD-0452,WH-16,412,20,100,332,0,99.6,Safe
INV-009173,2024-01-06,PRD-0324,WH-13,1833,55,170,1718,0,303.2,Safe
INV-009174,2023-03-24,PRD-0072,WH-20,547,366,39,874,0,672.3,Safe
INV-009175,2023-10-25,PRD-0101,WH-17,171,8,138,41,0,8.9,Warning
INV-009176,2024-06-23,PRD-0071,WH-16,112,499,305,306,0,30.1,Safe
INV-009177,2023-10-22,PRD-0174,WH-12,1032,189,523,698,0,40.0,Safe
INV-009178,2024-08-26,PRD-0324,WH-05,980,44,400,624,0,46.8,Safe
INV-009179,2024-09-16,PRD-0165,WH-12,1502,458,108,1852,0,514.4,Safe
INV-009180,2023-02-17,PRD-0380,WH-12,807,386,77,1116,0,434.8,Safe
INV-009181,2024-07-02,PRD-0107,WH-09,1818,491,371,1938,0,156.7,Safe
INV-009182,2024-06-09,PRD-0362,WH-06,640,97,54,683,0,379.4,Safe
INV-009183,2023-09-15,PRD-0487,WH-18,38,352,190,200,0,31.6,Safe
INV-009184,2024-06-04,PRD-0428,WH-02,513,429,547,395,0,21.7,Safe
INV-009185,2024-02-18,PRD-0170,WH-01,1026,421,226,1221,0,162.1,Safe
INV-009186,2023-10-20,PRD-0064,WH-07,357,339,221,475,0,64.5,Safe
INV-009187,2023-04-26,PRD-0301,WH-16,963,375,545,793,0,43.7,Safe
INV-009188,2023-10-17,PRD-0116,WH-18,248,376,156,468,0,90.0,Safe
INV-009189,2023-06-17,PRD-0020,WH-13,492,314,413,393,0,28.5,Safe
INV-009190,2024-06-19,PRD-0189,WH-19,1417,68,462,1023,0,66.4,Safe
INV-009191,2023-08-24,PRD-0436,WH-03,1970,212,518,1664,0,96.4,Safe
INV-009192,2023-03-09,PRD-0481,WH-11,1156,301,66,1391,0,632.3,Safe
INV-009193,2024-06-14,PRD-0250,WH-05,1219,235,335,1119,0,100.2,Safe
INV-009194,2023-03-31,PRD-0279,WH-08,1897,354,439,1812,0,123.8,Safe
INV-009195,2024-08-23,PRD-0435,WH-14,1622,264,249,1637,0,197.2,Safe
INV-009196,2023-08-19,PRD-0471,WH-20,1108,261,520,849,0,49.0,Safe
INV-009197,2024-08-08,PRD-0448,WH-02,780,244,48,976,0,610.0,Safe
INV-009198,2023-07-12,PRD-0257,WH-06,761,43,505,299,0,17.8,Safe
INV-009199,2023-09-11,PRD-0092,WH-04,706,335,168,873,0,155.9,Safe
INV-009200,2023-08-31,PRD-0276,WH-02,744,267,80,931,0,349.1,Safe
INV-009201,2024-01-14,PRD-0112,WH-03,1974,57,311,1720,0,165.9,Safe
INV-009202,2023-04-22,PRD-0354,WH-09,588,151,540,199,0,11.1,Warning
INV-009203,2023-08-14,PRD-0157,WH-14,1211,334,274,1271,0,139.2,Safe
INV-009204,2023-02-06,PRD-0047,WH-16,1604,74,368,1310,0,106.8,Safe
INV-009205,2024-08-10,PRD-0105,WH-20,266,486,318,434,0,40.9,Safe
INV-009206,2023-09-30,PRD-0068,WH-09,710,144,367,487,0,39.8,Safe
INV-009207,2023-05-08,PRD-0090,WH-08,1217,314,180,1351,0,225.2,Safe
INV-009208,2023-12-17,PRD-0175,WH-08,1261,61,475,847,0,53.5,Safe
INV-009209,2023-05-07,PRD-0479,WH-18,11,340,253,98,0,11.6,Warning
INV-009210,2023-09-25,PRD-0034,WH-05,1381,230,510,1101,0,64.8,Safe
INV-009211,2023-05-19,PRD-0009,WH-07,749,488,519,718,0,41.5,Safe
INV-009212,2024-06-08,PRD-0367,WH-04,1443,470,428,1485,0,104.1,Safe
INV-009213,2024-05-01,PRD-0234,WH-13,1908,352,302,1958,0,194.5,Safe
INV-009214,2024-05-18,PRD-0259,WH-11,1241,488,128,1601,0,375.2,Safe
INV-009215,2024-05-16,PRD-0299,WH-19,1875,309,442,1742,0,118.2,Safe
INV-009216,2023-09-08,PRD-0210,WH-19,891,157,502,546,0,32.6,Safe
INV-009217,2023-03-18,PRD-0055,WH-04,1143,385,155,1373,0,265.7,Safe
INV-009218,2023-10-06,PRD-0058,WH-07,1321,215,518,1018,0,59.0,Safe
INV-009219,2023-08-15,PRD-0439,WH-17,1882,75,242,1715,0,212.6,Safe
INV-009220,2024-02-12,PRD-0158,WH-06,1796,115,227,1684,0,222.6,Safe
INV-009221,2024-02-06,PRD-0223,WH-17,1333,261,299,1295,0,129.9,Safe
INV-009222,2023-01-17,PRD-0278,WH-06,383,243,294,332,0,33.9,Safe
INV-009223,2023-03-28,PRD-0135,WH-09,705,321,240,786,0,98.2,Safe
INV-009224,2024-01-21,PRD-0148,WH-01,495,331,367,459,0,37.5,Safe
INV-009225,2023-06-07,PRD-0208,WH-12,489,317,565,241,0,12.8,Warning
INV-009226,2024-07-16,PRD-0439,WH-15,1186,311,410,1087,0,79.5,Safe
INV-009227,2023-12-04,PRD-0303,WH-17,647,22,206,463,0,67.4,Safe
INV-009228,2023-09-06,PRD-0333,WH-17,1639,145,226,1558,0,206.8,Safe
INV-009229,2024-01-31,PRD-0011,WH-03,1238,425,504,1159,0,69.0,Safe
INV-009230,2023-03-31,PRD-0007,WH-06,262,465,406,321,0,23.7,Safe
INV-009231,2023-07-21,PRD-0496,WH-03,1560,221,488,1293,0,79.5,Safe
INV-009232,2023-05-11,PRD-0405,WH-05,331,56,88,299,0,101.9,Safe
INV-009233,2024-03-25,PRD-0185,WH-13,916,284,112,1088,0,291.4,Safe
INV-009234,2023-08-17,PRD-0123,WH-04,1170,245,50,1365,0,819.0,Safe
INV-009235,2024-03-15,PRD-0044,WH-10,167,251,234,184,0,23.6,Safe
INV-009236,2024-05-15,PRD-0035,WH-07,1532,350,83,1799,0,650.2,Safe
INV-009237,2023-07-04,PRD-0482,WH-04,245,154,359,40,0,3.3,Critical
INV-009238,2024-03-24,PRD-0195,WH-04,371,233,229,375,0,49.1,Safe
INV-009239,2023-01-31,PRD-0035,WH-08,1209,180,318,1071,0,101.0,Safe
INV-009240,2023-08-15,PRD-0218,WH-19,253,120,24,349,0,436.2,Safe
INV-009241,2024-03-18,PRD-0101,WH-02,1235,106,84,1257,0,448.9,Safe
INV-009242,2024-01-08,PRD-0398,WH-07,184,254,34,404,0,356.5,Safe
INV-009243,2024-06-12,PRD-0272,WH-16,771,446,556,661,0,35.7,Safe
INV-009244,2023-07-08,PRD-0251,WH-17,1450,380,558,1272,0,68.4,Safe
INV-009245,2023-03-17,PRD-0483,WH-06,1041,171,193,1019,0,158.4,Safe
INV-009246,2023-12-27,PRD-0256,WH-20,1461,68,274,1255,0,137.4,Safe
INV-009247,2023-07-07,PRD-0041,WH-06,554,227,173,608,0,105.4,Safe
INV-009248,2023-03-15,PRD-0303,WH-17,1424,380,499,1305,0,78.5,Safe
INV-009249,2023-03-20,PRD-0433,WH-13,1957,14,162,1809,0,335.0,Safe
INV-009250,2024-09-08,PRD-0343,WH-03,1489,464,100,1853,0,555.9,Safe
INV-009251,2023-06-10,PRD-0276,WH-09,1754,169,214,1709,0,239.6,Safe
INV-009252,2024-09-25,PRD-0265,WH-20,1482,7,471,1018,0,64.8,Safe
INV-009253,2023-12-14,PRD-0131,WH-13,33,167,61,139,0,68.4,Safe
INV-009254,2023-06-23,PRD-0050,WH-13,226,241,426,41,0,2.9,Critical
INV-009255,2023-08-03,PRD-0198,WH-14,448,441,2,887,0,999.0,Safe
INV-009256,2024-07-31,PRD-0124,WH-06,1273,269,291,1251,0,129.0,Safe
INV-009257,2023-06-18,PRD-0258,WH-10,164,337,320,181,0,17.0,Safe
INV-009258,2024-04-06,PRD-0499,WH-17,277,96,107,266,0,74.6,Safe
INV-009259,2024-02-07,PRD-0214,WH-13,66,8,11,63,0,171.8,Safe
INV-009260,2023-02-17,PRD-0309,WH-07,1022,111,80,1053,0,394.9,Safe
INV-009261,2023-08-21,PRD-0176,WH-08,771,208,479,500,0,31.3,Safe
INV-009262,2023-09-21,PRD-0040,WH-14,542,188,359,371,0,31.0,Safe
INV-009263,2024-08-25,PRD-0280,WH-14,1386,237,206,1417,0,206.4,Safe
INV-009264,2024-03-09,PRD-0220,WH-10,193,415,370,238,0,19.3,Safe
INV-009265,2023-06-07,PRD-0119,WH-13,1486,452,398,1540,0,116.1,Safe
INV-009266,2024-09-12,PRD-0467,WH-12,41,326,191,176,0,27.6,Safe
INV-009267,2023-09-13,PRD-0450,WH-19,1795,250,323,1722,0,159.9,Safe
INV-009268,2023-06-24,PRD-0315,WH-09,277,482,58,701,0,362.6,Safe
INV-009269,2023-07-19,PRD-0008,WH-20,148,398,546,0,1,0.0,Critical
INV-009270,2024-03-26,PRD-0491,WH-15,840,291,491,640,0,39.1,Safe
INV-009271,2023-08-30,PRD-0424,WH-14,233,389,277,345,0,37.4,Safe
INV-009272,2023-05-02,PRD-0196,WH-14,289,347,399,237,0,17.8,Safe
INV-009273,2023-10-05,PRD-0323,WH-06,139,124,195,68,0,10.5,Warning
INV-009274,2024-02-12,PRD-0437,WH-01,1846,42,478,1410,0,88.5,Safe
INV-009275,2024-02-24,PRD-0367,WH-12,1436,284,439,1281,0,87.5,Safe
INV-009276,2024-04-06,PRD-0255,WH-17,415,483,294,604,0,61.6,Safe
INV-009277,2024-01-10,PRD-0172,WH-09,539,283,598,224,0,11.2,Warning
INV-009278,2023-09-11,PRD-0401,WH-03,1970,36,241,1765,0,219.7,Safe
INV-009279,2023-04-06,PRD-0003,WH-15,99,103,134,68,0,15.2,Safe
INV-009280,2023-10-26,PRD-0030,WH-16,847,371,208,1010,0,145.7,Safe
INV-009281,2024-02-18,PRD-0153,WH-04,1217,480,135,1562,0,347.1,Safe
INV-009282,2023-02-07,PRD-0213,WH-15,1434,385,459,1360,0,88.9,Safe
INV-009283,2023-01-27,PRD-0445,WH-12,991,268,196,1063,0,162.7,Safe
INV-009284,2023-08-13,PRD-0035,WH-02,392,113,308,197,0,19.2,Safe
INV-009285,2024-05-03,PRD-0068,WH-14,1401,494,591,1304,0,66.2,Safe
INV-009286,2023-05-23,PRD-0135,WH-15,1474,183,199,1458,0,219.8,Safe
INV-009287,2023-08-06,PRD-0137,WH-09,257,16,261,12,0,1.4,Critical
INV-009288,2023-07-23,PRD-0346,WH-18,1383,12,590,805,0,40.9,Safe
INV-009289,2023-08-27,PRD-0463,WH-09,1414,287,139,1562,0,337.1,Safe
INV-009290,2024-05-10,PRD-0256,WH-11,1292,304,285,1311,0,138.0,Safe
INV-009291,2023-08-28,PRD-0227,WH-19,1411,310,475,1246,0,78.7,Safe
INV-009292,2024-09-29,PRD-0169,WH-10,200,5,81,124,0,45.9,Safe
INV-009293,2023-04-09,PRD-0092,WH-09,1687,443,486,1644,0,101.5,Safe
INV-009294,2024-03-07,PRD-0191,WH-05,237,440,24,653,0,816.2,Safe
INV-009295,2023-12-04,PRD-0220,WH-19,1021,318,496,843,0,51.0,Safe
INV-009296,2023-11-05,PRD-0381,WH-13,920,71,83,908,0,328.2,Safe
INV-009297,2024-09-27,PRD-0472,WH-17,1554,87,183,1458,0,239.0,Safe
INV-009298,2023-05-04,PRD-0142,WH-01,1447,372,540,1279,0,71.1,Safe
INV-009299,2023-06-30,PRD-0311,WH-16,51,182,191,42,0,6.6,Critical
INV-009300,2024-03-22,PRD-0276,WH-14,992,415,124,1283,0,310.4,Safe
INV-009301,2023-06-22,PRD-0311,WH-11,152,117,130,139,0,32.1,Safe
INV-009302,2023-04-16,PRD-0388,WH-19,1989,408,554,1843,0,99.8,Safe
INV-009303,2023-03-25,PRD-0018,WH-14,1679,459,123,2015,0,491.5,Safe
INV-009304,2023-11-25,PRD-0215,WH-10,50,463,146,367,0,75.4,Safe
INV-009305,2023-12-31,PRD-0422,WH-19,1716,8,125,1599,0,383.8,Safe
INV-009306,2023-04-01,PRD-0222,WH-13,1324,312,316,1320,0,125.3,Safe
INV-009307,2023-06-25,PRD-0179,WH-18,247,36,86,197,0,68.7,Safe
INV-009308,2023-08-29,PRD-0172,WH-20,1803,138,465,1476,0,95.2,Safe
INV-009309,2023-09-21,PRD-0083,WH-01,1761,85,5,1841,0,999.0,Safe
INV-009310,2023-12-09,PRD-0426,WH-20,317,60,289,88,0,9.1,Warning
INV-009311,2023-09-20,PRD-0436,WH-04,548,157,560,145,0,7.8,Warning
INV-009312,2023-05-31,PRD-0274,WH-16,1203,332,271,1264,0,139.9,Safe
INV-009313,2024-09-06,PRD-0092,WH-17,614,449,35,1028,0,881.1,Safe
INV-009314,2024-02-18,PRD-0260,WH-06,1946,280,350,1876,0,160.8,Safe
INV-009315,2023-03-20,PRD-0332,WH-18,1539,180,305,1414,0,139.1,Safe
INV-009316,2023-05-16,PRD-0210,WH-02,363,444,170,637,0,112.4,Safe
INV-009317,2023-11-14,PRD-0104,WH-01,1094,478,374,1198,0,96.1,Safe
INV-009318,2023-05-26,PRD-0300,WH-17,1262,435,380,1317,0,104.0,Safe
INV-009319,2023-07-12,PRD-0016,WH-06,145,353,68,430,0,189.7,Safe
INV-009320,2023-02-18,PRD-0386,WH-16,1892,3,182,1713,0,282.4,Safe
INV-009321,2024-04-16,PRD-0418,WH-07,939,28,410,557,0,40.8,Safe
INV-009322,2024-09-25,PRD-0462,WH-05,1244,458,444,1258,0,85.0,Safe
INV-009323,2023-11-02,PRD-0169,WH-08,1385,344,174,1555,0,268.1,Safe
INV-009324,2023-07-27,PRD-0161,WH-01,862,405,26,1241,0,999.0,Safe
INV-009325,2024-06-16,PRD-0255,WH-06,845,465,426,884,0,62.3,Safe
INV-009326,2023-07-11,PRD-0008,WH-04,1657,490,282,1865,0,198.4,Safe
INV-009327,2023-10-13,PRD-0414,WH-12,212,485,163,534,0,98.3,Safe
INV-009328,2023-04-25,PRD-0276,WH-01,1846,310,53,2103,0,999.0,Safe
INV-009329,2024-08-27,PRD-0110,WH-02,604,464,113,955,0,253.5,Safe
INV-009330,2024-01-16,PRD-0233,WH-01,1084,108,59,1133,0,576.1,Safe
INV-009331,2023-02-26,PRD-0328,WH-04,1006,467,441,1032,0,70.2,Safe
INV-009332,2023-12-25,PRD-0461,WH-11,1275,16,422,869,0,61.8,Safe
INV-009333,2024-03-11,PRD-0351,WH-17,1348,111,150,1309,0,261.8,Safe
INV-009334,2023-12-09,PRD-0210,WH-10,1886,135,408,1613,0,118.6,Safe
INV-009335,2024-04-01,PRD-0189,WH-12,267,72,76,263,0,103.8,Safe
INV-009336,2024-01-05,PRD-0467,WH-08,1374,311,443,1242,0,84.1,Safe
INV-009337,2024-03-14,PRD-0222,WH-20,1775,24,262,1537,0,176.0,Safe
INV-009338,2023-03-30,PRD-0095,WH-10,287,159,66,380,0,172.7,Safe
INV-009339,2023-11-26,PRD-0324,WH-11,1101,327,145,1283,0,265.4,Safe
INV-009340,2024-06-11,PRD-0335,WH-09,1892,420,319,1993,0,187.4,Safe
INV-009341,2024-08-26,PRD-0049,WH-03,639,285,255,669,0,78.7,Safe
INV-009342,2024-09-22,PRD-0239,WH-14,1931,264,356,1839,0,155.0,Safe
INV-009343,2023-02-04,PRD-0372,WH-16,1222,104,71,1255,0,530.3,Safe
INV-009344,2023-01-03,PRD-0060,WH-05,991,193,514,670,0,39.1,Safe
INV-009345,2023-10-14,PRD-0319,WH-12,267,173,99,341,0,103.3,Safe
INV-009346,2024-07-16,PRD-0316,WH-06,438,35,321,152,0,14.2,Safe
INV-009347,2023-02-24,PRD-0131,WH-16,1099,182,74,1207,0,489.3,Safe
INV-009348,2023-06-09,PRD-0474,WH-03,1166,353,531,988,0,55.8,Safe
INV-009349,2024-05-07,PRD-0218,WH-04,1535,61,39,1557,0,999.0,Safe
INV-009350,2023-07-06,PRD-0032,WH-05,1448,1,379,1070,0,84.7,Safe
INV-009351,2023-06-09,PRD-0141,WH-18,1752,345,77,2020,0,787.0,Safe
INV-009352,2023-06-11,PRD-0375,WH-01,758,441,126,1073,0,255.5,Safe
INV-009353,2024-09-23,PRD-0010,WH-04,1363,463,85,1741,0,614.5,Safe
INV-009354,2024-09-26,PRD-0449,WH-13,1312,286,186,1412,0,227.7,Safe
INV-009355,2023-02-08,PRD-0222,WH-19,1083,198,104,1177,0,339.5,Safe
INV-009356,2023-09-24,PRD-0394,WH-19,1612,195,246,1561,0,190.4,Safe
INV-009357,2023-12-02,PRD-0232,WH-14,748,352,530,570,0,32.3,Safe
INV-009358,2023-06-22,PRD-0021,WH-09,1066,324,299,1091,0,109.5,Safe
INV-009359,2023-12-28,PRD-0483,WH-05,55,325,86,294,0,102.6,Safe
INV-009360,2023-07-05,PRD-0016,WH-20,698,6,539,165,0,9.2,Warning
INV-009361,2024-09-11,PRD-0032,WH-18,1673,462,95,2040,0,644.2,Safe
INV-009362,2023-08-06,PRD-0090,WH-14,468,237,477,228,0,14.3,Safe
INV-009363,2023-03-28,PRD-0348,WH-17,108,128,32,204,0,191.2,Safe
INV-009364,2023-09-29,PRD-0230,WH-03,764,183,119,828,0,208.7,Safe
INV-009365,2023-08-07,PRD-0466,WH-04,448,413,424,437,0,30.9,Safe
INV-009366,2023-11-03,PRD-0351,WH-13,441,404,397,448,0,33.9,Safe
INV-009367,2023-03-13,PRD-0286,WH-03,514,188,335,367,0,32.9,Safe
INV-009368,2024-07-02,PRD-0041,WH-14,1504,355,379,1480,0,117.2,Safe
INV-009369,2023-02-22,PRD-0254,WH-16,531,419,108,842,0,233.9,Safe
INV-009370,2024-08-21,PRD-0274,WH-10,1276,119,205,1190,0,174.1,Safe
INV-009371,2024-01-23,PRD-0252,WH-19,875,235,298,812,0,81.7,Safe
INV-009372,2024-07-24,PRD-0133,WH-09,1411,373,74,1710,0,693.2,Safe
INV-009373,2023-03-04,PRD-0123,WH-20,1845,48,70,1823,0,781.3,Safe
INV-009374,2023-04-18,PRD-0165,WH-03,1033,101,204,930,0,136.8,Safe
INV-009375,2023-12-01,PRD-0204,WH-12,1864,188,555,1497,0,80.9,Safe
INV-009376,2024-03-23,PRD-0274,WH-11,1774,50,59,1765,0,897.5,Safe
INV-009377,2024-04-15,PRD-0236,WH-18,1558,351,2,1907,0,999.0,Safe
INV-009378,2024-03-06,PRD-0299,WH-17,792,15,351,456,0,39.0,Safe
INV-009379,2023-03-03,PRD-0464,WH-02,1547,469,566,1450,0,76.9,Safe
INV-009380,2023-04-11,PRD-0037,WH-12,1618,221,8,1831,0,999.0,Safe
INV-009381,2024-08-26,PRD-0321,WH-08,294,158,170,282,0,49.8,Safe
INV-009382,2023-05-06,PRD-0088,WH-19,1678,95,521,1252,0,72.1,Safe
INV-009383,2023-01-31,PRD-0387,WH-14,51,467,99,419,0,127.0,Safe
INV-009384,2023-06-01,PRD-0133,WH-05,469,272,413,328,0,23.8,Safe
INV-009385,2023-07-29,PRD-0129,WH-13,1315,226,280,1261,0,135.1,Safe
INV-009386,2024-09-26,PRD-0411,WH-04,1398,88,248,1238,0,149.8,Safe
INV-009387,2023-04-30,PRD-0219,WH-08,1532,199,386,1345,0,104.5,Safe
INV-009388,2024-06-09,PRD-0340,WH-16,610,335,164,781,0,142.9,Safe
INV-009389,2024-05-01,PRD-0062,WH-13,1446,219,296,1369,0,138.8,Safe
INV-009390,2023-05-09,PRD-0069,WH-06,891,450,65,1276,0,588.9,Safe
INV-009391,2024-03-01,PRD-0412,WH-03,360,495,365,490,0,40.3,Safe
INV-009392,2023-05-26,PRD-0187,WH-02,1639,210,527,1322,0,75.3,Safe
INV-009393,2024-07-19,PRD-0198,WH-17,1514,246,209,1551,0,222.6,Safe
INV-009394,2023-10-06,PRD-0460,WH-11,1312,147,127,1332,0,314.6,Safe
INV-009395,2024-06-27,PRD-0073,WH-14,38,320,204,154,0,22.6,Safe
INV-009396,2023-06-19,PRD-0494,WH-06,650,99,174,575,0,99.1,Safe
INV-009397,2023-07-21,PRD-0464,WH-20,1161,56,286,931,0,97.7,Safe
INV-009398,2024-09-02,PRD-0035,WH-06,772,202,302,672,0,66.8,Safe
INV-009399,2023-05-21,PRD-0093,WH-20,893,485,276,1102,0,119.8,Safe
INV-009400,2023-03-26,PRD-0009,WH-19,137,284,93,328,0,105.8,Safe
INV-009401,2023-10-07,PRD-0300,WH-10,70,463,199,334,0,50.4,Safe
INV-009402,2023-05-05,PRD-0368,WH-20,1908,203,582,1529,0,78.8,Safe
INV-009403,2023-11-04,PRD-0101,WH-16,1877,470,103,2244,0,653.6,Safe
INV-009404,2023-04-25,PRD-0410,WH-12,567,351,545,373,0,20.5,Safe
INV-009405,2024-07-08,PRD-0214,WH-05,707,68,69,706,0,307.0,Safe
INV-009406,2024-09-17,PRD-0187,WH-18,1913,337,81,2169,0,803.3,Safe
INV-009407,2024-02-14,PRD-0010,WH-20,94,426,28,492,0,527.1,Safe
INV-009408,2023-07-08,PRD-0230,WH-13,1073,178,492,759,0,46.3,Safe
INV-009409,2023-01-05,PRD-0290,WH-09,928,81,366,643,0,52.7,Safe
INV-009410,2023-03-08,PRD-0477,WH-01,638,401,94,945,0,301.6,Safe
INV-009411,2024-01-27,PRD-0448,WH-08,222,392,430,184,0,12.8,Warning
INV-009412,2024-08-07,PRD-0070,WH-12,1051,246,215,1082,0,151.0,Safe
INV-009413,2024-07-20,PRD-0243,WH-17,791,100,158,733,0,139.2,Safe
INV-009414,2024-07-10,PRD-0251,WH-09,1483,21,360,1144,0,95.3,Safe
INV-009415,2023-07-04,PRD-0136,WH-11,1803,60,588,1275,0,65.1,Safe
INV-009416,2024-02-01,PRD-0356,WH-01,816,276,504,588,0,35.0,Safe
INV-009417,2024-01-27,PRD-0191,WH-16,1572,446,59,1959,0,996.1,Safe
INV-009418,2024-03-06,PRD-0094,WH-16,1110,16,8,1118,0,999.0,Safe
INV-009419,2024-01-02,PRD-0182,WH-20,1098,325,523,900,0,51.6,Safe
INV-009420,2024-10-01,PRD-0045,WH-03,331,46,255,122,0,14.4,Safe
INV-009421,2023-06-06,PRD-0448,WH-08,1319,316,269,1366,0,152.3,Safe
INV-009422,2024-03-10,PRD-0303,WH-06,973,147,560,560,0,30.0,Safe
INV-009423,2024-04-19,PRD-0263,WH-19,1212,497,209,1500,0,215.3,Safe
INV-009424,2024-01-15,PRD-0366,WH-14,226,490,242,474,0,58.8,Safe
INV-009425,2024-02-15,PRD-0478,WH-16,1263,302,93,1472,0,474.8,Safe
INV-009426,2023-11-06,PRD-0064,WH-20,351,321,161,511,0,95.2,Safe
INV-009427,2023-07-13,PRD-0120,WH-16,1412,350,491,1271,0,77.7,Safe
INV-009428,2023-07-31,PRD-0325,WH-07,1050,112,157,1005,0,192.0,Safe
INV-009429,2023-12-31,PRD-0171,WH-20,1606,353,48,1911,0,999.0,Safe
INV-009430,2024-08-11,PRD-0161,WH-19,1549,459,335,1673,0,149.8,Safe
INV-009431,2024-07-15,PRD-0092,WH-20,1511,274,443,1342,0,90.9,Safe
INV-009432,2024-04-20,PRD-0427,WH-15,669,305,220,754,0,102.8,Safe
INV-009433,2023-04-11,PRD-0368,WH-02,750,272,471,551,0,35.1,Safe
INV-009434,2023-07-01,PRD-0499,WH-16,1854,326,530,1650,0,93.4,Safe
INV-009435,2023-06-27,PRD-0336,WH-18,1653,48,102,1599,0,470.3,Safe
INV-009436,2023-05-09,PRD-0226,WH-19,1669,408,63,2014,0,959.0,Safe
INV-009437,2023-05-08,PRD-0187,WH-13,765,56,282,539,0,57.3,Safe
INV-009438,2023-11-28,PRD-0470,WH-12,804,47,126,725,0,172.6,Safe
INV-009439,2023-05-10,PRD-0240,WH-04,138,106,231,13,0,1.7,Critical
INV-009440,2023-11-30,PRD-0182,WH-09,1439,277,250,1466,0,175.9,Safe
INV-009441,2023-08-21,PRD-0171,WH-11,1528,257,532,1253,0,70.7,Safe
INV-009442,2023-04-09,PRD-0213,WH-10,343,72,178,237,0,39.9,Safe
INV-009443,2023-03-07,PRD-0198,WH-16,1961,385,558,1788,0,96.1,Safe
INV-009444,2023-03-11,PRD-0397,WH-09,247,446,129,564,0,131.2,Safe
INV-009445,2023-01-28,PRD-0076,WH-01,33,415,412,36,0,2.6,Critical
INV-009446,2023-07-22,PRD-0328,WH-07,551,283,98,736,0,225.3,Safe
INV-009447,2023-08-07,PRD-0235,WH-08,134,196,4,326,0,999.0,Safe
INV-009448,2023-12-01,PRD-0301,WH-04,1442,405,537,1310,0,73.2,Safe
INV-009449,2024-09-13,PRD-0095,WH-11,383,405,546,242,0,13.3,Warning
INV-009450,2023-12-05,PRD-0354,WH-18,1615,269,191,1693,0,265.9,Safe
INV-009451,2024-02-15,PRD-0281,WH-08,1644,360,440,1564,0,106.6,Safe
INV-009452,2023-11-14,PRD-0427,WH-14,511,289,128,672,0,157.5,Safe
INV-009453,2023-05-29,PRD-0180,WH-13,1475,28,537,966,0,54.0,Safe
INV-009454,2024-08-13,PRD-0246,WH-10,258,249,210,297,0,42.4,Safe
INV-009455,2023-08-23,PRD-0400,WH-03,1268,103,405,966,0,71.6,Safe
INV-009456,2024-05-15,PRD-0304,WH-06,477,127,555,49,0,2.6,Critical
INV-009457,2024-05-09,PRD-0041,WH-12,1116,205,523,798,0,45.8,Safe
INV-009458,2023-09-12,PRD-0341,WH-08,298,92,308,82,0,8.0,Warning
INV-009459,2023-04-07,PRD-0399,WH-05,245,250,58,437,0,226.0,Safe
INV-009460,2023-12-03,PRD-0265,WH-08,1678,465,20,2123,0,999.0,Safe
INV-009461,2024-07-04,PRD-0265,WH-04,540,405,416,529,0,38.1,Safe
INV-009462,2024-04-18,PRD-0130,WH-12,311,346,553,104,0,5.6,Critical
INV-009463,2023-11-07,PRD-0361,WH-02,1422,406,43,1785,0,999.0,Safe
INV-009464,2024-03-21,PRD-0054,WH-05,592,71,13,650,0,999.0,Safe
INV-009465,2023-10-09,PRD-0235,WH-16,410,422,388,444,0,34.3,Safe
INV-009466,2023-01-18,PRD-0488,WH-10,1766,188,385,1569,0,122.3,Safe
INV-009467,2024-09-28,PRD-0042,WH-10,1817,125,333,1609,0,145.0,Safe
INV-009468,2024-08-15,PRD-0217,WH-09,516,446,556,406,0,21.9,Safe
INV-009469,2024-08-16,PRD-0100,WH-12,627,249,146,730,0,150.0,Safe
INV-009470,2023-07-25,PRD-0322,WH-16,1579,455,321,1713,0,160.1,Safe
INV-009471,2023-09-16,PRD-0298,WH-05,1486,303,487,1302,0,80.2,Safe
INV-009472,2024-09-01,PRD-0019,WH-04,386,307,466,227,0,14.6,Safe
INV-009473,2023-09-04,PRD-0039,WH-14,1665,175,103,1737,0,505.9,Safe
INV-009474,2024-08-07,PRD-0212,WH-05,1089,458,354,1193,0,101.1,Safe
INV-009475,2023-12-18,PRD-0172,WH-19,181,442,526,97,0,5.5,Critical
INV-009476,2024-07-31,PRD-0078,WH-14,1748,218,498,1468,0,88.4,Safe
INV-009477,2023-05-29,PRD-0393,WH-06,1056,467,370,1153,0,93.5,Safe
INV-009478,2023-10-15,PRD-0123,WH-19,1335,492,366,1461,0,119.8,Safe
INV-009479,2024-07-30,PRD-0406,WH-08,376,300,60,616,0,308.0,Safe
INV-009480,2023-02-14,PRD-0036,WH-17,1201,465,470,1196,0,76.3,Safe
INV-009481,2023-12-14,PRD-0455,WH-16,750,287,377,660,0,52.5,Safe
INV-009482,2023-01-03,PRD-0081,WH-09,1874,180,233,1821,0,234.5,Safe
INV-009483,2023-09-12,PRD-0286,WH-04,1152,22,7,1167,0,999.0,Safe
INV-009484,2024-04-23,PRD-0277,WH-09,1136,69,49,1156,0,707.8,Safe
INV-009485,2024-05-17,PRD-0033,WH-20,117,95,9,203,0,676.7,Safe
INV-009486,2023-07-07,PRD-0183,WH-20,225,63,76,212,0,83.7,Safe
INV-009487,2023-09-06,PRD-0446,WH-02,814,297,437,674,0,46.3,Safe
INV-009488,2024-04-29,PRD-0201,WH-19,1204,434,578,1060,0,55.0,Safe
INV-009489,2024-06-20,PRD-0048,WH-10,950,498,406,1042,0,77.0,Safe
INV-009490,2023-06-25,PRD-0340,WH-10,1856,56,185,1727,0,280.1,Safe
INV-009491,2023-08-17,PRD-0236,WH-18,1474,261,113,1622,0,430.6,Safe
INV-009492,2024-07-03,PRD-0500,WH-17,886,295,108,1073,0,298.1,Safe
INV-009493,2024-01-12,PRD-0348,WH-18,456,392,243,605,0,74.7,Safe
INV-009494,2024-07-18,PRD-0017,WH-15,1544,426,408,1562,0,114.9,Safe
INV-009495,2024-04-07,PRD-0352,WH-04,738,114,296,556,0,56.4,Safe
INV-009496,2024-02-24,PRD-0116,WH-02,1446,292,20,1718,0,999.0,Safe
INV-009497,2023-06-12,PRD-0255,WH-08,366,168,520,14,0,0.8,Critical
INV-009498,2023-08-19,PRD-0207,WH-02,1961,217,101,2077,0,616.9,Safe
INV-009499,2023-09-17,PRD-0037,WH-08,1994,395,146,2243,0,460.9,Safe
INV-009500,2023-08-18,PRD-0078,WH-10,141,450,573,18,0,0.9,Critical
INV-009501,2023-07-29,PRD-0132,WH-17,24,47,70,1,0,0.4,Critical
INV-009502,2023-08-22,PRD-0429,WH-18,1253,323,393,1183,0,90.3,Safe
INV-009503,2024-04-13,PRD-0205,WH-10,1351,493,450,1394,0,92.9,Safe
INV-009504,2023-04-14,PRD-0162,WH-12,1157,455,482,1130,0,70.3,Safe
INV-009505,2024-04-15,PRD-0065,WH-20,1877,150,42,1985,0,999.0,Safe
INV-009506,2023-05-03,PRD-0313,WH-17,194,104,172,126,0,22.0,Safe
INV-009507,2023-10-14,PRD-0405,WH-13,889,452,317,1024,0,96.9,Safe
INV-009508,2024-03-01,PRD-0008,WH-08,1831,493,152,2172,0,428.7,Safe
INV-009509,2023-11-22,PRD-0115,WH-07,1654,191,55,1790,0,976.4,Safe
INV-009510,2023-10-29,PRD-0291,WH-16,573,459,487,545,0,33.6,Safe
INV-009511,2023-02-07,PRD-0013,WH-19,1234,407,487,1154,0,71.1,Safe
INV-009512,2023-02-15,PRD-0224,WH-14,1840,198,527,1511,0,86.0,Safe
INV-009513,2024-07-10,PRD-0364,WH-09,1573,267,194,1646,0,254.5,Safe
INV-009514,2024-07-07,PRD-0443,WH-02,1806,1,554,1253,0,67.9,Safe
INV-009515,2023-07-11,PRD-0059,WH-16,1794,456,231,2019,0,262.2,Safe
INV-009516,2023-05-14,PRD-0130,WH-09,1755,57,514,1298,0,75.8,Safe
INV-009517,2024-08-01,PRD-0356,WH-13,1043,350,367,1026,0,83.9,Safe
INV-009518,2023-11-22,PRD-0048,WH-15,1725,239,51,1913,0,999.0,Safe
INV-009519,2023-03-29,PRD-0122,WH-12,1009,428,74,1363,0,552.6,Safe
INV-009520,2024-06-10,PRD-0269,WH-11,1144,218,138,1224,0,266.1,Safe
INV-009521,2023-09-06,PRD-0149,WH-10,162,446,5,603,0,999.0,Safe
INV-009522,2024-02-17,PRD-0231,WH-13,1697,380,198,1879,0,284.7,Safe
INV-009523,2024-01-29,PRD-0338,WH-04,965,151,265,851,0,96.3,Safe
INV-009524,2023-03-31,PRD-0385,WH-17,1114,180,349,945,0,81.2,Safe
INV-009525,2023-01-31,PRD-0019,WH-06,1324,30,541,813,0,45.1,Safe
INV-009526,2023-04-22,PRD-0223,WH-02,1009,228,60,1177,0,588.5,Safe
INV-009527,2023-06-04,PRD-0096,WH-12,1219,411,302,1328,0,131.9,Safe
INV-009528,2024-06-06,PRD-0387,WH-13,1041,477,516,1002,0,58.3,Safe
INV-009529,2024-08-06,PRD-0312,WH-08,6,476,304,178,0,17.6,Safe
INV-009530,2024-07-29,PRD-0309,WH-09,1578,156,221,1513,0,205.4,Safe
INV-009531,2023-10-05,PRD-0133,WH-14,436,494,66,864,0,392.7,Safe
INV-009532,2024-08-02,PRD-0130,WH-02,806,313,188,931,0,148.6,Safe
INV-009533,2024-02-18,PRD-0154,WH-01,997,36,364,669,0,55.1,Safe
INV-009534,2024-04-21,PRD-0210,WH-15,1226,2,248,980,0,118.5,Safe
INV-009535,2023-04-02,PRD-0277,WH-09,1720,13,424,1309,0,92.6,Safe
INV-009536,2024-02-18,PRD-0001,WH-16,1740,317,329,1728,0,157.6,Safe
INV-009537,2023-01-02,PRD-0378,WH-16,1537,448,101,1884,0,559.6,Safe
INV-009538,2023-01-07,PRD-0462,WH-20,950,450,462,938,0,60.9,Safe
INV-009539,2023-10-11,PRD-0272,WH-07,1847,295,275,1867,0,203.7,Safe
INV-009540,2023-03-17,PRD-0310,WH-04,453,52,119,386,0,97.3,Safe
INV-009541,2024-04-30,PRD-0470,WH-12,436,482,153,765,0,150.0,Safe
INV-009542,2023-01-30,PRD-0473,WH-03,1168,348,474,1042,0,65.9,Safe
INV-009543,2023-01-22,PRD-0285,WH-05,1152,487,293,1346,0,137.8,Safe
INV-009544,2024-05-18,PRD-0443,WH-03,5,419,142,282,0,59.6,Safe
INV-009545,2024-03-06,PRD-0397,WH-16,570,69,355,284,0,24.0,Safe
INV-009546,2023-08-18,PRD-0057,WH-19,842,412,464,790,0,51.1,Safe
INV-009547,2023-09-09,PRD-0005,WH-16,387,337,434,290,0,20.0,Safe
INV-009548,2024-03-03,PRD-0228,WH-06,1163,272,581,854,0,44.1,Safe
INV-009549,2023-07-19,PRD-0034,WH-05,1466,114,52,1528,0,881.5,Safe
INV-009550,2024-02-10,PRD-0219,WH-02,156,214,334,36,0,3.2,Critical
INV-009551,2023-04-01,PRD-0094,WH-06,1083,214,355,942,0,79.6,Safe
INV-009552,2024-01-03,PRD-0070,WH-16,1788,25,82,1731,0,633.3,Safe
INV-009553,2023-02-01,PRD-0467,WH-12,1617,249,427,1439,0,101.1,Safe
INV-009554,2023-01-07,PRD-0091,WH-14,1040,153,404,789,0,58.6,Safe
INV-009555,2023-07-27,PRD-0116,WH-07,587,394,342,639,0,56.1,Safe
INV-009556,2024-04-06,PRD-0045,WH-10,1274,82,234,1122,0,143.8,Safe
INV-009557,2024-06-04,PRD-0363,WH-13,1848,194,409,1633,0,119.8,Safe
INV-009558,2024-06-06,PRD-0465,WH-08,858,250,144,964,0,200.8,Safe
INV-009559,2024-09-23,PRD-0155,WH-18,929,23,472,480,0,30.5,Safe
INV-009560,2024-09-16,PRD-0391,WH-18,219,117,258,78,0,9.1,Warning
INV-009561,2023-11-20,PRD-0117,WH-09,105,347,404,48,0,3.6,Critical
INV-009562,2023-01-11,PRD-0468,WH-06,891,137,570,458,0,24.1,Safe
INV-009563,2023-02-26,PRD-0187,WH-10,1746,400,96,2050,0,640.6,Safe
INV-009564,2024-06-01,PRD-0147,WH-13,1235,95,133,1197,0,270.0,Safe
INV-009565,2024-08-16,PRD-0460,WH-16,161,165,63,263,0,125.2,Safe
INV-009566,2023-07-08,PRD-0464,WH-03,1996,70,225,1841,0,245.5,Safe
INV-009567,2024-02-16,PRD-0497,WH-20,391,221,508,104,0,6.1,Critical
INV-009568,2024-08-03,PRD-0233,WH-03,1688,147,70,1765,0,756.4,Safe
INV-009569,2024-01-27,PRD-0007,WH-14,20,255,126,149,0,35.5,Safe
INV-009570,2023-06-26,PRD-0466,WH-15,1238,271,11,1498,0,999.0,Safe
INV-009571,2024-02-21,PRD-0484,WH-15,923,391,304,1010,0,99.7,Safe
INV-009572,2023-07-23,PRD-0460,WH-11,1936,111,117,1930,0,494.9,Safe
INV-009573,2024-03-11,PRD-0207,WH-01,760,321,60,1021,0,510.5,Safe
INV-009574,2024-01-25,PRD-0071,WH-12,203,475,494,184,0,11.2,Warning
INV-009575,2024-07-05,PRD-0104,WH-12,1874,197,586,1485,0,76.0,Safe
INV-009576,2024-08-10,PRD-0187,WH-18,1920,171,229,1862,0,243.9,Safe
INV-009577,2023-08-28,PRD-0243,WH-08,219,70,111,178,0,48.1,Safe
INV-009578,2023-09-07,PRD-0350,WH-05,926,177,436,667,0,45.9,Safe
INV-009579,2024-04-19,PRD-0433,WH-11,1055,80,8,1127,0,999.0,Safe
INV-009580,2023-01-24,PRD-0220,WH-06,1555,489,214,1830,0,256.5,Safe
INV-009581,2023-02-26,PRD-0150,WH-16,245,295,135,405,0,90.0,Safe
INV-009582,2023-11-08,PRD-0145,WH-11,1313,491,209,1595,0,228.9,Safe
INV-009583,2024-05-26,PRD-0287,WH-17,1677,100,553,1224,0,66.4,Safe
INV-009584,2023-09-05,PRD-0395,WH-16,1493,370,357,1506,0,126.6,Safe
INV-009585,2024-02-27,PRD-0107,WH-15,60,189,114,135,0,35.5,Safe
INV-009586,2024-09-02,PRD-0405,WH-07,1024,137,193,968,0,150.5,Safe
INV-009587,2023-04-24,PRD-0465,WH-04,80,6,36,50,0,41.7,Safe
INV-009588,2023-09-21,PRD-0392,WH-05,1314,109,236,1187,0,150.9,Safe
INV-009589,2023-08-10,PRD-0055,WH-09,906,170,538,538,0,30.0,Safe
INV-009590,2024-09-29,PRD-0495,WH-13,935,430,50,1315,0,789.0,Safe
INV-009591,2023-01-01,PRD-0392,WH-19,1832,360,286,1906,0,199.9,Safe
INV-009592,2023-12-29,PRD-0156,WH-07,169,270,249,190,0,22.9,Safe
INV-009593,2024-05-10,PRD-0366,WH-18,850,185,514,521,0,30.4,Safe
INV-009594,2023-04-23,PRD-0290,WH-05,1516,247,64,1699,0,796.4,Safe
INV-009595,2023-01-21,PRD-0278,WH-14,535,2,408,129,0,9.5,Warning
INV-009596,2024-05-17,PRD-0294,WH-01,580,491,24,1047,0,999.0,Safe
INV-009597,2023-11-08,PRD-0053,WH-13,628,111,310,429,0,41.5,Safe
INV-009598,2023-12-19,PRD-0086,WH-09,584,284,315,553,0,52.7,Safe
INV-009599,2023-09-26,PRD-0245,WH-04,1167,100,312,955,0,91.8,Safe
INV-009600,2024-02-16,PRD-0249,WH-01,1419,455,338,1536,0,136.3,Safe
INV-009601,2023-04-13,PRD-0099,WH-06,1056,464,273,1247,0,137.0,Safe
INV-009602,2023-09-03,PRD-0233,WH-07,844,170,284,730,0,77.1,Safe
INV-009603,2024-09-11,PRD-0041,WH-14,1434,315,523,1226,0,70.3,Safe
INV-009604,2024-06-04,PRD-0069,WH-13,1050,475,203,1322,0,195.4,Safe
INV-009605,2024-02-21,PRD-0304,WH-09,1835,85,520,1400,0,80.8,Safe
INV-009606,2023-08-05,PRD-0281,WH-10,736,86,39,783,0,602.3,Safe
INV-009607,2024-03-15,PRD-0024,WH-12,64,92,85,71,0,25.1,Safe
INV-009608,2024-01-19,PRD-0216,WH-19,555,50,459,146,0,9.5,Warning
INV-009609,2024-06-16,PRD-0058,WH-14,956,202,281,877,0,93.6,Safe
INV-009610,2023-05-21,PRD-0482,WH-19,1230,217,59,1388,0,705.8,Safe
INV-009611,2023-07-10,PRD-0227,WH-12,1878,164,26,2016,0,999.0,Safe
INV-009612,2023-02-17,PRD-0374,WH-05,1508,384,32,1860,0,999.0,Safe
INV-009613,2024-05-31,PRD-0365,WH-15,277,79,209,147,0,21.1,Safe
INV-009614,2023-02-14,PRD-0192,WH-19,735,218,250,703,0,84.4,Safe
INV-009615,2024-08-29,PRD-0089,WH-20,1578,423,310,1691,0,163.6,Safe
INV-009616,2024-08-14,PRD-0131,WH-05,783,158,322,619,0,57.7,Safe
INV-009617,2023-02-02,PRD-0369,WH-12,1295,319,501,1113,0,66.6,Safe
INV-009618,2023-07-22,PRD-0057,WH-14,331,313,3,641,0,999.0,Safe
INV-009619,2023-07-04,PRD-0046,WH-20,1209,132,385,956,0,74.5,Safe
INV-009620,2023-10-12,PRD-0469,WH-01,1508,498,106,1900,0,537.7,Safe
INV-009621,2024-03-01,PRD-0321,WH-14,545,66,184,427,0,69.6,Safe
INV-009622,2024-06-22,PRD-0198,WH-17,1769,477,423,1823,0,129.3,Safe
INV-009623,2023-08-01,PRD-0314,WH-17,1939,48,127,1860,0,439.4,Safe
INV-009624,2024-06-02,PRD-0213,WH-10,1603,42,254,1391,0,164.3,Safe
INV-009625,2023-01-29,PRD-0126,WH-04,7,140,21,126,0,180.0,Safe
INV-009626,2023-06-20,PRD-0315,WH-04,917,271,143,1045,0,219.2,Safe
INV-009627,2024-07-16,PRD-0391,WH-18,957,45,231,771,0,100.1,Safe
INV-009628,2023-09-28,PRD-0204,WH-12,1210,96,24,1282,0,999.0,Safe
INV-009629,2023-10-04,PRD-0162,WH-20,214,123,185,152,0,24.6,Safe
INV-009630,2023-11-30,PRD-0375,WH-09,1638,399,397,1640,0,123.9,Safe
INV-009631,2024-06-23,PRD-0051,WH-02,536,83,507,112,0,6.6,Critical
INV-009632,2023-08-23,PRD-0320,WH-04,992,403,399,996,0,74.9,Safe
INV-009633,2023-03-18,PRD-0312,WH-11,1223,298,535,986,0,55.3,Safe
INV-009634,2023-09-18,PRD-0179,WH-07,1641,453,475,1619,0,102.3,Safe
INV-009635,2023-11-21,PRD-0144,WH-05,546,356,57,845,0,444.7,Safe
INV-009636,2023-04-16,PRD-0295,WH-19,1287,451,352,1386,0,118.1,Safe
INV-009637,2023-07-31,PRD-0009,WH-07,1100,452,494,1058,0,64.3,Safe
INV-009638,2024-01-21,PRD-0431,WH-18,1465,480,489,1456,0,89.3,Safe
INV-009639,2024-01-12,PRD-0010,WH-03,1938,226,328,1836,0,167.9,Safe
INV-009640,2024-02-16,PRD-0399,WH-11,572,365,15,922,0,999.0,Safe
INV-009641,2024-02-03,PRD-0307,WH-17,387,193,530,50,0,2.8,Critical
INV-009642,2023-07-18,PRD-0465,WH-14,1658,479,136,2001,0,441.4,Safe
INV-009643,2024-02-03,PRD-0055,WH-14,363,22,119,266,0,67.1,Safe
INV-009644,2024-01-15,PRD-0058,WH-10,1515,355,189,1681,0,266.8,Safe
INV-009645,2024-05-19,PRD-0367,WH-08,1938,437,140,2235,0,478.9,Safe
INV-009646,2024-04-27,PRD-0428,WH-08,739,230,327,642,0,58.9,Safe
INV-009647,2024-05-15,PRD-0456,WH-03,277,307,181,403,0,66.8,Safe
INV-009648,2024-01-08,PRD-0335,WH-19,1165,210,140,1235,0,264.6,Safe
INV-009649,2024-06-26,PRD-0295,WH-05,1423,264,316,1371,0,130.2,Safe
INV-009650,2023-01-19,PRD-0489,WH-16,1468,0,160,1308,0,245.3,Safe
INV-009651,2023-08-02,PRD-0335,WH-02,42,4,20,26,0,39.0,Safe
INV-009652,2023-01-08,PRD-0332,WH-01,485,14,303,196,0,19.4,Safe
INV-009653,2023-10-28,PRD-0472,WH-05,385,495,373,507,0,40.8,Safe
INV-009654,2023-03-25,PRD-0230,WH-03,978,292,486,784,0,48.4,Safe
INV-009655,2023-04-25,PRD-0083,WH-09,1000,227,590,637,0,32.4,Safe
INV-009656,2024-07-07,PRD-0091,WH-13,641,161,589,213,0,10.8,Warning
INV-009657,2023-01-15,PRD-0459,WH-01,874,364,239,999,0,125.4,Safe
INV-009658,2023-10-21,PRD-0039,WH-05,579,361,537,403,0,22.5,Safe
INV-009659,2024-09-27,PRD-0402,WH-04,736,61,184,613,0,99.9,Safe
INV-009660,2023-06-14,PRD-0001,WH-16,1040,36,511,565,0,33.2,Safe
INV-009661,2023-10-02,PRD-0061,WH-17,1204,198,281,1121,0,119.7,Safe
INV-009662,2023-04-15,PRD-0066,WH-11,1944,178,444,1678,0,113.4,Safe
INV-009663,2023-10-12,PRD-0463,WH-10,1948,199,564,1583,0,84.2,Safe
INV-009664,2024-06-25,PRD-0434,WH-03,937,13,490,460,0,28.2,Safe
INV-009665,2023-06-29,PRD-0289,WH-08,1296,299,587,1008,0,51.5,Safe
INV-009666,2023-01-22,PRD-0091,WH-13,1173,448,366,1255,0,102.9,Safe
INV-009667,2023-04-12,PRD-0465,WH-06,1037,64,479,622,0,39.0,Safe
INV-009668,2023-06-23,PRD-0488,WH-14,1350,67,535,882,0,49.5,Safe
INV-009669,2023-01-19,PRD-0499,WH-15,1144,111,349,906,0,77.9,Safe
INV-009670,2023-06-05,PRD-0269,WH-05,1141,391,411,1121,0,81.8,Safe
INV-009671,2024-01-11,PRD-0074,WH-15,1449,4,497,956,0,57.7,Safe
INV-009672,2023-06-06,PRD-0428,WH-02,1341,443,218,1566,0,215.5,Safe
INV-009673,2023-05-12,PRD-0050,WH-01,1809,319,60,2068,0,999.0,Safe
INV-009674,2023-05-16,PRD-0011,WH-14,1780,308,290,1798,0,186.0,Safe
INV-009675,2023-05-19,PRD-0198,WH-06,1410,449,386,1473,0,114.5,Safe
INV-009676,2023-10-09,PRD-0365,WH-16,651,285,11,925,0,999.0,Safe
INV-009677,2024-07-13,PRD-0063,WH-16,1112,297,189,1220,0,193.7,Safe
INV-009678,2024-07-18,PRD-0162,WH-06,289,220,405,104,0,7.7,Warning
INV-009679,2024-08-20,PRD-0378,WH-03,589,400,598,391,0,19.6,Safe
INV-009680,2023-08-14,PRD-0012,WH-02,1593,152,428,1317,0,92.3,Safe
INV-009681,2024-01-13,PRD-0244,WH-07,303,372,444,231,0,15.6,Safe
INV-009682,2023-06-11,PRD-0028,WH-17,1078,339,569,848,0,44.7,Safe
INV-009683,2024-03-23,PRD-0104,WH-12,1101,424,1,1524,0,999.0,Safe
INV-009684,2023-07-14,PRD-0388,WH-20,1550,309,481,1378,0,85.9,Safe
INV-009685,2023-10-21,PRD-0181,WH-01,868,160,14,1014,0,999.0,Safe
INV-009686,2023-02-26,PRD-0203,WH-11,1012,174,96,1090,0,340.6,Safe
INV-009687,2023-11-23,PRD-0423,WH-19,115,89,90,114,0,38.0,Safe
INV-009688,2024-06-12,PRD-0336,WH-13,1286,366,390,1262,0,97.1,Safe
INV-009689,2023-08-18,PRD-0139,WH-18,644,313,579,378,0,19.6,Safe
INV-009690,2023-04-29,PRD-0313,WH-13,1104,320,296,1128,0,114.3,Safe
INV-009691,2023-04-12,PRD-0235,WH-09,1421,350,280,1491,0,159.8,Safe
INV-009692,2023-07-30,PRD-0056,WH-10,1912,325,380,1857,0,146.6,Safe
INV-009693,2024-04-03,PRD-0427,WH-03,970,176,598,548,0,27.5,Safe
INV-009694,2024-01-03,PRD-0127,WH-19,1968,237,119,2086,0,525.9,Safe
INV-009695,2023-12-02,PRD-0303,WH-18,368,462,292,538,0,55.3,Safe
INV-009696,2024-07-04,PRD-0283,WH-20,826,18,229,615,0,80.6,Safe
INV-009697,2024-07-18,PRD-0102,WH-14,272,332,285,319,0,33.6,Safe
INV-009698,2023-04-05,PRD-0348,WH-01,1623,163,593,1193,0,60.4,Safe
INV-009699,2023-02-15,PRD-0033,WH-08,1132,90,83,1139,0,411.7,Safe
INV-009700,2023-09-05,PRD-0201,WH-17,998,193,213,978,0,137.7,Safe
INV-009701,2024-07-20,PRD-0040,WH-12,1681,57,143,1595,0,334.6,Safe
INV-009702,2024-06-03,PRD-0175,WH-10,1751,262,63,1950,0,928.6,Safe
INV-009703,2023-03-22,PRD-0116,WH-17,449,285,534,200,0,11.2,Warning
INV-009704,2023-09-22,PRD-0320,WH-15,1944,59,255,1748,0,205.6,Safe
INV-009705,2024-08-14,PRD-0206,WH-09,1673,65,74,1664,0,674.6,Safe
INV-009706,2024-03-27,PRD-0085,WH-14,845,163,599,409,0,20.5,Safe
INV-009707,2023-11-15,PRD-0003,WH-18,597,306,294,609,0,62.1,Safe
INV-009708,2023-07-12,PRD-0089,WH-12,1219,197,59,1357,0,690.0,Safe
INV-009709,2024-02-04,PRD-0494,WH-19,1428,92,138,1382,0,300.4,Safe
INV-009710,2024-07-28,PRD-0339,WH-20,1950,1,10,1941,0,999.0,Safe
INV-009711,2023-09-17,PRD-0250,WH-07,318,398,295,421,0,42.8,Safe
INV-009712,2023-09-05,PRD-0372,WH-17,35,414,263,186,0,21.2,Safe
INV-009713,2023-10-09,PRD-0435,WH-12,142,286,409,19,0,1.4,Critical
INV-009714,2023-01-30,PRD-0376,WH-16,1202,199,159,1242,0,234.3,Safe
INV-009715,2023-04-26,PRD-0014,WH-17,1142,376,262,1256,0,143.8,Safe
INV-009716,2023-02-19,PRD-0099,WH-04,1673,20,146,1547,0,317.9,Safe
INV-009717,2024-04-14,PRD-0052,WH-13,468,174,259,383,0,44.4,Safe
INV-009718,2024-04-28,PRD-0272,WH-02,216,462,229,449,0,58.8,Safe
INV-009719,2024-08-09,PRD-0128,WH-02,1525,425,599,1351,0,67.7,Safe
INV-009720,2023-02-11,PRD-0096,WH-04,776,431,492,715,0,43.6,Safe
INV-009721,2023-03-23,PRD-0470,WH-14,170,100,259,11,0,1.3,Critical
INV-009722,2023-08-15,PRD-0272,WH-19,725,93,206,612,0,89.1,Safe
INV-009723,2023-05-20,PRD-0364,WH-16,620,98,405,313,0,23.2,Safe
INV-009724,2024-01-04,PRD-0088,WH-10,605,48,223,430,0,57.8,Safe
INV-009725,2024-08-02,PRD-0378,WH-18,80,286,273,93,0,10.2,Warning
INV-009726,2024-08-17,PRD-0232,WH-10,28,498,387,139,0,10.8,Warning
INV-009727,2024-03-13,PRD-0003,WH-10,870,453,90,1233,0,411.0,Safe
INV-009728,2023-07-19,PRD-0014,WH-07,262,105,318,49,0,4.6,Critical
INV-009729,2024-06-05,PRD-0107,WH-09,1020,98,133,985,0,222.2,Safe
INV-009730,2023-09-15,PRD-0242,WH-20,165,464,588,41,0,2.1,Critical
INV-009731,2024-02-16,PRD-0197,WH-02,727,147,179,695,0,116.5,Safe
INV-009732,2023-02-16,PRD-0142,WH-14,1765,60,335,1490,0,133.4,Safe
INV-009733,2023-09-26,PRD-0136,WH-10,265,428,203,490,0,72.4,Safe
INV-009734,2023-12-13,PRD-0230,WH-17,962,376,306,1032,0,101.2,Safe
INV-009735,2023-09-01,PRD-0491,WH-19,1219,214,287,1146,0,119.8,Safe
INV-009736,2023-07-20,PRD-0464,WH-20,1273,18,441,850,0,57.8,Safe
INV-009737,2024-08-23,PRD-0011,WH-11,566,488,461,593,0,38.6,Safe
INV-009738,2024-02-29,PRD-0028,WH-05,1951,394,389,1956,0,150.8,Safe
INV-009739,2023-05-20,PRD-0178,WH-18,554,267,507,314,0,18.6,Safe
INV-009740,2023-08-28,PRD-0071,WH-13,1908,456,124,2240,0,541.9,Safe
INV-009741,2024-09-08,PRD-0156,WH-10,1481,491,5,1967,0,999.0,Safe
INV-009742,2024-07-29,PRD-0366,WH-20,193,285,288,190,0,19.8,Safe
INV-009743,2023-08-15,PRD-0175,WH-04,686,274,556,404,0,21.8,Safe
INV-009744,2023-11-26,PRD-0404,WH-04,563,117,59,621,0,315.8,Safe
INV-009745,2023-12-08,PRD-0249,WH-12,784,17,516,285,0,16.6,Safe
INV-009746,2023-11-30,PRD-0180,WH-05,196,493,421,268,0,19.1,Safe
INV-009747,2024-04-27,PRD-0277,WH-07,622,218,1,839,0,999.0,Safe
INV-009748,2024-07-25,PRD-0010,WH-15,1536,81,197,1420,0,216.2,Safe
INV-009749,2024-01-29,PRD-0109,WH-17,400,173,205,368,0,53.9,Safe
INV-009750,2023-08-09,PRD-0154,WH-05,1300,77,445,932,0,62.8,Safe
INV-009751,2024-02-07,PRD-0090,WH-11,198,170,59,309,0,157.1,Safe
INV-009752,2023-03-15,PRD-0242,WH-16,956,422,518,860,0,49.8,Safe
INV-009753,2023-03-08,PRD-0334,WH-13,1776,471,112,2135,0,571.9,Safe
INV-009754,2023-01-26,PRD-0384,WH-09,309,57,30,336,0,336.0,Safe
INV-009755,2023-07-01,PRD-0030,WH-09,527,377,115,789,0,205.8,Safe
INV-009756,2023-03-30,PRD-0284,WH-09,490,314,387,417,0,32.3,Safe
INV-009757,2024-05-01,PRD-0180,WH-17,136,440,356,220,0,18.5,Safe
INV-009758,2023-10-24,PRD-0107,WH-04,174,45,58,161,0,83.3,Safe
INV-009759,2023-01-17,PRD-0167,WH-10,810,318,452,676,0,44.9,Safe
INV-009760,2024-06-27,PRD-0240,WH-11,382,366,542,206,0,11.4,Warning
INV-009761,2024-05-17,PRD-0359,WH-05,1687,197,284,1600,0,169.0,Safe
INV-009762,2024-07-06,PRD-0160,WH-15,1711,429,137,2003,0,438.6,Safe
INV-009763,2024-01-14,PRD-0284,WH-09,1782,128,295,1615,0,164.2,Safe
INV-009764,2023-01-02,PRD-0272,WH-04,1313,453,42,1724,0,999.0,Safe
INV-009765,2023-04-08,PRD-0430,WH-02,978,214,266,926,0,104.4,Safe
INV-009766,2024-01-13,PRD-0483,WH-01,448,199,537,110,0,6.1,Critical
INV-009767,2024-05-06,PRD-0030,WH-02,837,257,548,546,0,29.9,Safe
INV-009768,2023-09-03,PRD-0275,WH-19,1409,453,285,1577,0,166.0,Safe
INV-009769,2023-04-20,PRD-0310,WH-05,18,440,20,438,0,657.0,Safe
INV-009770,2023-04-11,PRD-0173,WH-17,1334,3,367,970,0,79.3,Safe
INV-009771,2024-02-18,PRD-0057,WH-18,1019,473,85,1407,0,496.6,Safe
INV-009772,2023-05-31,PRD-0278,WH-09,1129,498,401,1226,0,91.7,Safe
INV-009773,2023-04-19,PRD-0099,WH-15,180,55,25,210,0,252.0,Safe
INV-009774,2024-01-23,PRD-0279,WH-10,624,447,170,901,0,159.0,Safe
INV-009775,2023-05-04,PRD-0368,WH-10,649,284,485,448,0,27.7,Safe
INV-009776,2023-05-10,PRD-0459,WH-05,474,414,579,309,0,16.0,Safe
INV-009777,2024-03-02,PRD-0454,WH-03,950,102,375,677,0,54.2,Safe
INV-009778,2023-09-01,PRD-0383,WH-13,195,27,64,158,0,74.1,Safe
INV-009779,2023-03-06,PRD-0361,WH-02,1519,275,323,1471,0,136.6,Safe
INV-009780,2024-04-27,PRD-0169,WH-03,469,322,314,477,0,45.6,Safe
INV-009781,2024-04-19,PRD-0074,WH-13,1704,12,58,1658,0,857.6,Safe
INV-009782,2024-01-02,PRD-0025,WH-13,821,36,505,352,0,20.9,Safe
INV-009783,2024-04-05,PRD-0480,WH-13,997,471,150,1318,0,263.6,Safe
INV-009784,2024-04-13,PRD-0134,WH-14,1617,418,59,1976,0,999.0,Safe
INV-009785,2023-02-18,PRD-0171,WH-19,1387,250,453,1184,0,78.4,Safe
INV-009786,2023-06-15,PRD-0174,WH-06,1123,96,242,977,0,121.1,Safe
INV-009787,2023-05-11,PRD-0406,WH-17,1579,475,68,1986,0,876.2,Safe
INV-009788,2023-07-07,PRD-0418,WH-06,1154,268,3,1419,0,999.0,Safe
INV-009789,2023-02-23,PRD-0348,WH-08,265,268,178,355,0,59.8,Safe
INV-009790,2024-02-17,PRD-0125,WH-10,966,441,256,1151,0,134.9,Safe
INV-009791,2023-01-08,PRD-0423,WH-11,365,70,289,146,0,15.2,Safe
INV-009792,2023-06-06,PRD-0436,WH-02,626,129,234,521,0,66.8,Safe
INV-009793,2024-09-18,PRD-0003,WH-19,251,262,241,272,0,33.9,Safe
INV-009794,2023-05-10,PRD-0162,WH-20,1850,410,297,1963,0,198.3,Safe
INV-009795,2024-01-09,PRD-0179,WH-09,1466,119,335,1250,0,111.9,Safe
INV-009796,2023-01-08,PRD-0133,WH-16,943,237,235,945,0,120.6,Safe
INV-009797,2023-09-25,PRD-0068,WH-06,949,255,51,1153,0,678.2,Safe
INV-009798,2023-07-16,PRD-0306,WH-16,1696,258,472,1482,0,94.2,Safe
INV-009799,2024-04-12,PRD-0021,WH-08,1438,458,253,1643,0,194.8,Safe
INV-009800,2024-08-18,PRD-0095,WH-12,1099,222,118,1203,0,305.8,Safe
INV-009801,2023-10-27,PRD-0310,WH-19,1904,235,175,1964,0,336.7,Safe
INV-009802,2023-04-12,PRD-0480,WH-09,244,259,469,34,0,2.2,Critical
INV-009803,2023-01-29,PRD-0301,WH-02,900,103,315,688,0,65.5,Safe
INV-009804,2023-10-10,PRD-0368,WH-19,1448,315,249,1514,0,182.4,Safe
INV-009805,2023-01-15,PRD-0021,WH-11,1985,81,573,1493,0,78.2,Safe
INV-009806,2023-07-14,PRD-0029,WH-15,1389,399,448,1340,0,89.7,Safe
INV-009807,2024-03-06,PRD-0425,WH-17,936,309,408,837,0,61.5,Safe
INV-009808,2024-09-25,PRD-0214,WH-15,380,183,166,397,0,71.7,Safe
INV-009809,2024-01-05,PRD-0357,WH-08,1287,156,413,1030,0,74.8,Safe
INV-009810,2023-01-29,PRD-0370,WH-18,1289,254,582,961,0,49.5,Safe
INV-009811,2023-10-17,PRD-0465,WH-20,233,212,127,318,0,75.1,Safe
INV-009812,2023-04-23,PRD-0341,WH-08,322,408,517,213,0,12.4,Warning
INV-009813,2023-08-27,PRD-0115,WH-02,390,362,377,375,0,29.8,Safe
INV-009814,2024-05-08,PRD-0318,WH-01,730,262,192,800,0,125.0,Safe
INV-009815,2023-11-04,PRD-0305,WH-11,1731,226,528,1429,0,81.2,Safe
INV-009816,2023-07-13,PRD-0198,WH-14,1906,77,322,1661,0,154.8,Safe
INV-009817,2024-06-17,PRD-0282,WH-09,80,364,325,119,0,11.0,Warning
INV-009818,2023-06-12,PRD-0474,WH-14,1204,242,315,1131,0,107.7,Safe
INV-009819,2024-04-20,PRD-0334,WH-03,1285,127,298,1114,0,112.1,Safe
INV-009820,2024-01-26,PRD-0271,WH-19,1636,263,562,1337,0,71.4,Safe
INV-009821,2023-03-26,PRD-0089,WH-04,942,89,476,555,0,35.0,Safe
INV-009822,2023-05-29,PRD-0482,WH-20,361,285,377,269,0,21.4,Safe
INV-009823,2024-07-15,PRD-0289,WH-14,1601,455,296,1760,0,178.4,Safe
INV-009824,2023-12-27,PRD-0497,WH-05,90,487,467,110,0,7.1,Warning
INV-009825,2024-04-30,PRD-0236,WH-02,803,500,88,1215,0,414.2,Safe
INV-009826,2023-05-18,PRD-0499,WH-01,1363,263,527,1099,0,62.6,Safe
INV-009827,2023-06-04,PRD-0412,WH-15,1049,61,76,1034,0,408.2,Safe
INV-009828,2024-05-12,PRD-0082,WH-05,1888,147,203,1832,0,270.7,Safe
INV-009829,2023-03-04,PRD-0384,WH-10,641,174,379,436,0,34.5,Safe
INV-009830,2023-02-15,PRD-0316,WH-12,1807,170,162,1815,0,336.1,Safe
INV-009831,2023-07-28,PRD-0327,WH-11,1326,153,155,1324,0,256.3,Safe
INV-009832,2023-04-24,PRD-0068,WH-08,1377,412,473,1316,0,83.5,Safe
INV-009833,2023-02-05,PRD-0208,WH-01,1198,131,228,1101,0,144.9,Safe
INV-009834,2023-10-09,PRD-0086,WH-13,1849,319,92,2076,0,677.0,Safe
INV-009835,2023-11-15,PRD-0421,WH-08,1924,235,20,2139,0,999.0,Safe
INV-009836,2023-06-23,PRD-0419,WH-07,683,499,184,998,0,162.7,Safe
INV-009837,2023-12-27,PRD-0400,WH-14,464,87,272,279,0,30.8,Safe
INV-009838,2023-02-06,PRD-0455,WH-18,1122,182,370,934,0,75.7,Safe
INV-009839,2023-06-24,PRD-0187,WH-05,1690,192,431,1451,0,101.0,Safe
INV-009840,2024-06-21,PRD-0006,WH-01,1363,178,341,1200,0,105.6,Safe
INV-009841,2024-03-04,PRD-0112,WH-19,499,438,343,594,0,52.0,Safe
INV-009842,2024-02-18,PRD-0158,WH-15,989,160,287,862,0,90.1,Safe
INV-009843,2023-01-15,PRD-0428,WH-03,1872,67,268,1671,0,187.1,Safe
INV-009844,2023-05-14,PRD-0108,WH-09,679,405,376,708,0,56.5,Safe
INV-009845,2023-01-22,PRD-0072,WH-15,680,264,175,769,0,131.8,Safe
INV-009846,2024-06-30,PRD-0166,WH-13,1372,498,209,1661,0,238.4,Safe
INV-009847,2024-01-28,PRD-0189,WH-05,1494,349,401,1442,0,107.9,Safe
INV-009848,2023-09-03,PRD-0479,WH-13,1178,433,391,1220,0,93.6,Safe
INV-009849,2023-05-08,PRD-0227,WH-11,946,92,568,470,0,24.8,Safe
INV-009850,2023-09-18,PRD-0364,WH-13,486,69,284,271,0,28.6,Safe
INV-009851,2024-03-30,PRD-0074,WH-09,1266,20,21,1265,0,999.0,Safe
INV-009852,2024-07-19,PRD-0288,WH-03,741,50,177,614,0,104.1,Safe
INV-009853,2024-05-17,PRD-0234,WH-05,1723,327,264,1786,0,203.0,Safe
INV-009854,2024-06-05,PRD-0409,WH-02,115,377,175,317,0,54.3,Safe
INV-009855,2024-05-15,PRD-0285,WH-15,1022,181,591,612,0,31.1,Safe
INV-009856,2023-07-18,PRD-0033,WH-20,446,185,483,148,0,9.2,Warning
INV-009857,2024-05-24,PRD-0370,WH-13,426,397,565,258,0,13.7,Warning
INV-009858,2023-06-21,PRD-0206,WH-19,1850,260,169,1941,0,344.6,Safe
INV-009859,2023-07-19,PRD-0286,WH-13,956,161,190,927,0,146.4,Safe
INV-009860,2023-11-11,PRD-0083,WH-02,156,285,77,364,0,141.8,Safe
INV-009861,2023-07-01,PRD-0093,WH-16,1061,243,306,998,0,97.8,Safe
INV-009862,2023-01-21,PRD-0047,WH-10,1939,276,508,1707,0,100.8,Safe
INV-009863,2023-03-16,PRD-0262,WH-16,1310,357,78,1589,0,611.2,Safe
INV-009864,2023-05-31,PRD-0260,WH-05,1102,447,28,1521,0,999.0,Safe
INV-009865,2024-02-18,PRD-0175,WH-08,1752,257,500,1509,0,90.5,Safe
INV-009866,2024-03-23,PRD-0049,WH-02,1275,21,58,1238,0,640.3,Safe
INV-009867,2023-08-19,PRD-0419,WH-20,1501,430,84,1847,0,659.6,Safe
INV-009868,2023-10-09,PRD-0141,WH-01,1697,254,236,1715,0,218.0,Safe
INV-009869,2024-01-13,PRD-0244,WH-03,326,325,37,614,0,497.8,Safe
INV-009870,2023-11-23,PRD-0378,WH-20,290,470,516,244,0,14.2,Safe
INV-009871,2023-12-21,PRD-0006,WH-07,907,367,570,704,0,37.1,Safe
INV-009872,2023-09-02,PRD-0446,WH-19,331,50,359,22,0,1.8,Critical
INV-009873,2023-06-26,PRD-0391,WH-09,977,57,328,706,0,64.6,Safe
INV-009874,2023-12-16,PRD-0395,WH-02,557,72,586,43,0,2.2,Critical
INV-009875,2023-11-03,PRD-0023,WH-03,377,96,307,166,0,16.2,Safe
INV-009876,2024-09-07,PRD-0218,WH-16,1793,208,538,1463,0,81.6,Safe
INV-009877,2023-12-13,PRD-0018,WH-12,786,215,514,487,0,28.4,Safe
INV-009878,2023-10-04,PRD-0117,WH-16,1035,253,333,955,0,86.0,Safe
INV-009879,2023-05-22,PRD-0185,WH-08,1897,81,144,1834,0,382.1,Safe
INV-009880,2023-07-04,PRD-0372,WH-04,1847,254,203,1898,0,280.5,Safe
INV-009881,2023-10-31,PRD-0375,WH-06,1542,173,571,1144,0,60.1,Safe
INV-009882,2024-06-13,PRD-0216,WH-19,1115,390,92,1413,0,460.8,Safe
INV-009883,2023-06-03,PRD-0097,WH-14,1166,470,367,1269,0,103.7,Safe
INV-009884,2023-02-22,PRD-0452,WH-06,1961,441,61,2341,0,999.0,Safe
INV-009885,2024-07-15,PRD-0210,WH-14,1282,472,452,1302,0,86.4,Safe
INV-009886,2023-05-08,PRD-0007,WH-11,143,472,52,563,0,324.8,Safe
INV-009887,2024-09-21,PRD-0378,WH-06,831,226,407,650,0,47.9,Safe
INV-009888,2024-02-06,PRD-0372,WH-08,1262,161,20,1403,0,999.0,Safe
INV-009889,2024-07-20,PRD-0228,WH-01,1957,302,304,1955,0,192.9,Safe
INV-009890,2024-07-16,PRD-0435,WH-06,1208,433,224,1417,0,189.8,Safe
INV-009891,2023-07-01,PRD-0298,WH-06,1788,69,404,1453,0,107.9,Safe
INV-009892,2024-03-28,PRD-0470,WH-13,608,455,91,972,0,320.4,Safe
INV-009893,2024-01-19,PRD-0282,WH-04,1727,331,235,1823,0,232.7,Safe
INV-009894,2023-05-26,PRD-0079,WH-04,85,253,76,262,0,103.4,Safe
INV-009895,2024-01-19,PRD-0208,WH-07,1567,71,513,1125,0,65.8,Safe
INV-009896,2024-01-17,PRD-0139,WH-08,1695,350,44,2001,0,999.0,Safe
INV-009897,2023-02-21,PRD-0305,WH-08,1043,24,291,776,0,80.0,Safe
INV-009898,2024-04-08,PRD-0326,WH-09,1461,95,469,1087,0,69.5,Safe
INV-009899,2023-08-16,PRD-0312,WH-07,126,63,62,127,0,61.5,Safe
INV-009900,2023-04-11,PRD-0487,WH-10,1002,102,459,645,0,42.2,Safe
INV-009901,2023-06-05,PRD-0355,WH-15,1070,195,404,861,0,63.9,Safe
INV-009902,2024-03-13,PRD-0015,WH-16,1191,441,354,1278,0,108.3,Safe
INV-009903,2024-02-27,PRD-0164,WH-10,907,308,102,1113,0,327.4,Safe
INV-009904,2023-03-08,PRD-0048,WH-18,919,443,596,766,0,38.6,Safe
INV-009905,2023-11-29,PRD-0058,WH-01,965,346,174,1137,0,196.0,Safe
INV-009906,2024-01-17,PRD-0471,WH-04,1100,69,27,1142,0,999.0,Safe
INV-009907,2024-07-13,PRD-0304,WH-15,507,306,412,401,0,29.2,Safe
INV-009908,2024-08-21,PRD-0042,WH-19,944,313,14,1243,0,999.0,Safe
INV-009909,2023-02-13,PRD-0126,WH-06,919,70,139,850,0,183.5,Safe
INV-009910,2023-03-30,PRD-0484,WH-07,1557,385,312,1630,0,156.7,Safe
INV-009911,2024-02-01,PRD-0255,WH-15,1058,257,293,1022,0,104.6,Safe
INV-009912,2023-12-13,PRD-0156,WH-08,941,346,507,780,0,46.2,Safe
INV-009913,2023-07-01,PRD-0467,WH-13,1690,0,470,1220,0,77.9,Safe
INV-009914,2023-11-18,PRD-0032,WH-08,188,78,261,5,0,0.6,Critical
INV-009915,2024-01-02,PRD-0447,WH-10,284,70,208,146,0,21.1,Safe
INV-009916,2023-06-04,PRD-0175,WH-13,1639,401,402,1638,0,122.2,Safe
INV-009917,2023-06-22,PRD-0142,WH-13,265,327,479,113,0,7.1,Warning
INV-009918,2023-03-10,PRD-0368,WH-07,1085,411,593,903,0,45.7,Safe
INV-009919,2024-02-18,PRD-0002,WH-10,1560,466,160,1866,0,349.9,Safe
INV-009920,2023-09-13,PRD-0129,WH-03,1579,72,312,1339,0,128.8,Safe
INV-009921,2023-03-13,PRD-0006,WH-13,324,207,86,445,0,155.2,Safe
INV-009922,2023-08-23,PRD-0265,WH-14,286,99,84,301,0,107.5,Safe
INV-009923,2023-09-16,PRD-0440,WH-14,1307,330,36,1601,0,999.0,Safe
INV-009924,2024-01-06,PRD-0447,WH-18,1251,97,86,1262,0,440.2,Safe
INV-009925,2024-04-27,PRD-0215,WH-09,798,37,410,425,0,31.1,Safe
INV-009926,2023-05-02,PRD-0364,WH-10,1492,33,6,1519,0,999.0,Safe
INV-009927,2024-02-19,PRD-0357,WH-10,930,469,508,891,0,52.6,Safe
INV-009928,2023-07-15,PRD-0256,WH-16,1945,427,101,2271,0,674.6,Safe
INV-009929,2024-08-29,PRD-0127,WH-05,266,241,433,74,0,5.1,Critical
INV-009930,2023-05-25,PRD-0173,WH-17,1897,441,321,2017,0,188.5,Safe
INV-009931,2023-10-09,PRD-0477,WH-03,1865,196,13,2048,0,999.0,Safe
INV-009932,2023-02-03,PRD-0420,WH-01,1622,199,318,1503,0,141.8,Safe
INV-009933,2023-08-15,PRD-0060,WH-09,1280,310,214,1376,0,192.9,Safe
INV-009934,2023-04-02,PRD-0273,WH-03,390,469,113,746,0,198.1,Safe
INV-009935,2023-01-03,PRD-0253,WH-11,969,409,89,1289,0,434.5,Safe
INV-009936,2023-10-25,PRD-0189,WH-02,217,122,74,265,0,107.4,Safe
INV-009937,2023-07-27,PRD-0107,WH-11,1797,68,283,1582,0,167.7,Safe
INV-009938,2023-02-01,PRD-0038,WH-18,932,2,597,337,0,16.9,Safe
INV-009939,2023-05-05,PRD-0380,WH-19,913,333,275,971,0,105.9,Safe
INV-009940,2024-09-04,PRD-0418,WH-19,1136,33,539,630,0,35.1,Safe
INV-009941,2024-09-19,PRD-0141,WH-10,815,135,251,699,0,83.5,Safe
INV-009942,2023-01-05,PRD-0414,WH-15,1385,117,165,1337,0,243.1,Safe
INV-009943,2023-10-27,PRD-0471,WH-15,842,206,510,538,0,31.6,Safe
INV-009944,2024-08-05,PRD-0076,WH-10,1606,252,343,1515,0,132.5,Safe
INV-009945,2024-06-15,PRD-0468,WH-18,967,485,159,1293,0,244.0,Safe
INV-009946,2023-02-25,PRD-0170,WH-17,1859,375,336,1898,0,169.5,Safe
INV-009947,2023-02-28,PRD-0487,WH-15,809,287,84,1012,0,361.4,Safe
INV-009948,2023-07-10,PRD-0180,WH-01,731,10,169,572,0,101.5,Safe
INV-009949,2024-07-29,PRD-0401,WH-19,383,359,356,386,0,32.5,Safe
INV-009950,2024-04-01,PRD-0173,WH-03,257,191,437,11,0,0.8,Critical
INV-009951,2024-06-01,PRD-0334,WH-03,763,325,296,792,0,80.3,Safe
INV-009952,2023-07-21,PRD-0028,WH-16,962,231,474,719,0,45.5,Safe
INV-009953,2023-03-04,PRD-0149,WH-07,667,473,93,1047,0,337.7,Safe
INV-009954,2023-05-22,PRD-0364,WH-12,866,306,1,1171,0,999.0,Safe
INV-009955,2023-03-29,PRD-0299,WH-12,1918,90,509,1499,0,88.3,Safe
INV-009956,2023-05-27,PRD-0120,WH-06,1335,180,1,1514,0,999.0,Safe
INV-009957,2024-02-26,PRD-0406,WH-10,1258,131,94,1295,0,413.3,Safe
INV-009958,2024-08-09,PRD-0463,WH-12,1850,316,561,1605,0,85.8,Safe
INV-009959,2023-01-03,PRD-0077,WH-20,693,197,105,785,0,224.3,Safe
INV-009960,2024-06-13,PRD-0365,WH-07,475,377,35,817,0,700.3,Safe
INV-009961,2023-02-06,PRD-0234,WH-11,1198,497,492,1203,0,73.4,Safe
INV-009962,2024-05-31,PRD-0221,WH-15,1975,450,51,2374,0,999.0,Safe
INV-009963,2024-03-24,PRD-0301,WH-10,1509,69,183,1395,0,228.7,Safe
INV-009964,2023-06-20,PRD-0112,WH-12,114,202,21,295,0,421.4,Safe
INV-009965,2023-09-12,PRD-0249,WH-18,1850,317,236,1931,0,245.5,Safe
INV-009966,2023-04-21,PRD-0117,WH-07,1025,187,21,1191,0,999.0,Safe
INV-009967,2024-07-07,PRD-0105,WH-12,1235,204,260,1179,0,136.0,Safe
INV-009968,2023-06-07,PRD-0350,WH-03,1469,87,267,1289,0,144.8,Safe
INV-009969,2024-05-03,PRD-0374,WH-11,1044,427,556,915,0,49.4,Safe
INV-009970,2024-01-23,PRD-0035,WH-10,1249,495,200,1544,0,231.6,Safe
INV-009971,2024-01-02,PRD-0283,WH-03,1189,494,305,1378,0,135.5,Safe
INV-009972,2024-02-12,PRD-0135,WH-11,771,344,531,584,0,33.0,Safe
INV-009973,2024-06-25,PRD-0204,WH-11,917,316,312,921,0,88.6,Safe
INV-009974,2024-02-22,PRD-0258,WH-04,1651,311,431,1531,0,106.6,Safe
INV-009975,2023-12-04,PRD-0499,WH-13,1151,213,435,929,0,64.1,Safe
INV-009976,2024-06-07,PRD-0463,WH-03,1652,2,425,1229,0,86.8,Safe
INV-009977,2023-01-04,PRD-0094,WH-20,1514,62,304,1272,0,125.5,Safe
INV-009978,2024-04-07,PRD-0080,WH-14,228,278,482,24,0,1.5,Critical
INV-009979,2023-09-18,PRD-0126,WH-19,1131,67,375,823,0,65.8,Safe
INV-009980,2023-10-15,PRD-0057,WH-05,583,175,521,237,0,13.6,Warning
INV-009981,2023-04-12,PRD-0062,WH-08,1263,416,328,1351,0,123.6,Safe
INV-009982,2023-08-21,PRD-0192,WH-03,199,83,42,240,0,171.4,Safe
INV-009983,2023-04-02,PRD-0366,WH-14,1758,304,424,1638,0,115.9,Safe
INV-009984,2024-07-10,PRD-0441,WH-18,411,173,422,162,0,11.5,Warning
INV-009985,2024-01-21,PRD-0285,WH-13,519,363,296,586,0,59.4,Safe
INV-009986,2024-05-17,PRD-0246,WH-01,1689,497,482,1704,0,106.1,Safe
INV-009987,2024-09-30,PRD-0275,WH-06,1525,282,193,1614,0,250.9,Safe
INV-009988,2023-07-06,PRD-0309,WH-02,1589,23,371,1241,0,100.4,Safe
INV-009989,2024-03-08,PRD-0263,WH-20,1468,426,563,1331,0,70.9,Safe
INV-009990,2023-06-07,PRD-0412,WH-08,49,237,235,51,0,6.5,Critical
INV-009991,2024-09-05,PRD-0024,WH-06,1799,356,155,2000,0,387.1,Safe
INV-009992,2023-11-25,PRD-0487,WH-10,1969,80,373,1676,0,134.8,Safe
INV-009993,2023-01-23,PRD-0270,WH-07,1571,9,87,1493,0,514.8,Safe
INV-009994,2024-06-21,PRD-0478,WH-09,375,97,36,436,0,363.3,Safe
INV-009995,2023-11-20,PRD-0182,WH-16,1906,218,57,2067,0,999.0,Safe
INV-009996,2023-10-22,PRD-0136,WH-03,105,390,309,186,0,18.1,Safe
INV-009997,2023-05-09,PRD-0388,WH-13,577,183,393,367,0,28.0,Safe
INV-009998,2023-07-15,PRD-0412,WH-07,1437,377,63,1751,0,833.8,Safe
INV-009999,2023-03-06,PRD-0362,WH-14,974,54,526,502,0,28.6,Safe
INV-010000,2023-03-16,PRD-0428,WH-02,1459,67,138,1388,0,301.7,Safe
